"position","wildtype","mutation","residual","conservation","structure","absres","V8"
270,"Leu","Val",0.367900618160633,0.395000405133657,"sheet",0.367900618160633,"client"
271,"Arg","Gln",0.255550310880932,0.220473736289909,"sheet",0.255550310880932,"client"
271,"Arg","Pro",-0.375344408169737,0.220473736289909,"sheet",0.375344408169737,"client"
271,"Arg","Tyr",0.26619186057484,0.220473736289909,"sheet",0.26619186057484,"client"
273,"Glu","Cys",0.198108161311271,0.0911010550662578,"none",0.198108161311271,"client"
273,"Glu","Leu",-0.209136717741122,0.0911010550662578,"none",0.209136717741122,"client"
273,"Glu","Met",-0.290929328592295,0.0911010550662578,"none",0.290929328592295,"client"
273,"Glu","Ser",0.263524039684034,0.0911010550662578,"none",0.263524039684034,"client"
274,"Val","Ala",0.274572631183374,0.103945019679674,"none",0.274572631183374,"client"
274,"Val","Arg",0.323929863294079,0.103945019679674,"none",0.323929863294079,"client"
274,"Val","Cys",0.24558463560748,0.103945019679674,"none",0.24558463560748,"client"
274,"Val","Thr",0.366296113145299,0.103945019679674,"none",0.366296113145299,"client"
275,"Lys","Asp",-0.277876807798046,0.242424614447803,"sheet",0.277876807798046,"client"
275,"Lys","Leu",-0.289875999068666,0.242424614447803,"sheet",0.289875999068666,"client"
276,"Leu","Glu",0.231574005011836,0.412973607383745,"none",0.231574005011836,"client"
276,"Leu","Thr",0.373158117190293,0.412973607383745,"none",0.373158117190293,"client"
276,"Leu","Tyr",0.335399761167915,0.412973607383745,"none",0.335399761167915,"client"
277,"Gly","Asp",0.309141564064393,0.579716799296786,"none",0.309141564064393,"client"
278,"Gln","Ala",0.283881476241399,0.218263916341127,"none",0.283881476241399,"client"
281,"Phe","Glu",-0.219931759119009,0.691558242260106,"sheet",0.219931759119009,"client"
283,"Glu","Ala",0.244649428331232,0.376658899558773,"sheet",0.244649428331232,"client"
283,"Glu","Met",0.32698616868565,0.376658899558773,"sheet",0.32698616868565,"client"
284,"Val","Ala",0.29056979662572,0.612495795203709,"sheet",0.29056979662572,"client"
285,"Trp","Glu",-0.289506801700432,0.571245822826458,"sheet",0.289506801700432,"client"
285,"Trp","His",0.382233628304329,0.571245822826458,"sheet",0.382233628304329,"client"
285,"Trp","Stp",-0.212897365719572,0.571245822826458,"sheet",0.212897365719572,"client"
286,"Met","Ala",0.319602762305171,0.21637329260717,"sheet",0.319602762305171,"client"
286,"Met","Gln",0.356556082543343,0.21637329260717,"sheet",0.356556082543343,"client"
286,"Met","His",0.237905839907009,0.21637329260717,"sheet",0.237905839907009,"client"
286,"Met","Thr",0.329950158551045,0.21637329260717,"sheet",0.329950158551045,"client"
286,"Met","Trp",0.221860377099658,0.21637329260717,"sheet",0.221860377099658,"client"
287,"Gly","Ala",-0.310475810377296,0.556317261394691,"none",0.310475810377296,"client"
287,"Gly","Cys",-0.26429513358587,0.556317261394691,"none",0.26429513358587,"client"
287,"Gly","Met",-0.352258666635336,0.556317261394691,"none",0.352258666635336,"client"
287,"Gly","Phe",-0.36045859603728,0.556317261394691,"none",0.36045859603728,"client"
287,"Gly","Ser",-0.370913993679463,0.556317261394691,"none",0.370913993679463,"client"
287,"Gly","Thr",-0.238040291244614,0.556317261394691,"none",0.238040291244614,"client"
288,"Thr","Asn",0.379044697568959,0.234444709077204,"none",0.379044697568959,"client"
288,"Thr","Gly",0.386187418471192,0.234444709077204,"none",0.386187418471192,"client"
289,"Trp","Glu",0.270108976750674,0.70088859315496,"none",0.270108976750674,"client"
289,"Trp","Lys",-0.212077016668258,0.70088859315496,"none",0.212077016668258,"client"
289,"Trp","Met",0.252644611875875,0.70088859315496,"none",0.252644611875875,"client"
289,"Trp","Pro",-0.232189498878165,0.70088859315496,"none",0.232189498878165,"client"
290,"Asn","Gly",0.253836449892095,0.30339109147918,"sheet",0.253836449892095,"client"
290,"Asn","His",0.28937420217877,0.30339109147918,"sheet",0.28937420217877,"client"
290,"Asn","Ile",0.320029649670766,0.30339109147918,"sheet",0.320029649670766,"client"
290,"Asn","Lys",0.315789281983366,0.30339109147918,"sheet",0.315789281983366,"client"
290,"Asn","Ser",0.363070549662981,0.30339109147918,"sheet",0.363070549662981,"client"
290,"Asn","Thr",0.336465576292956,0.30339109147918,"sheet",0.336465576292956,"client"
290,"Asn","Val",0.345652730746678,0.30339109147918,"sheet",0.345652730746678,"client"
291,"Gly","Glu",0.324304317171308,0.361509356132128,"sheet",0.324304317171308,"client"
291,"Gly","Met",0.279505574703337,0.361509356132128,"sheet",0.279505574703337,"client"
291,"Gly","Ser",0.356155196878057,0.361509356132128,"sheet",0.356155196878057,"client"
291,"Gly","Tyr",0.244575192615716,0.361509356132128,"sheet",0.244575192615716,"client"
291,"Gly","Val",0.227142703467992,0.361509356132128,"sheet",0.227142703467992,"client"
292,"Thr","Arg",-0.217488625306463,0.279426821812396,"sheet",0.217488625306463,"client"
292,"Thr","Cys",0.303701631916498,0.279426821812396,"sheet",0.303701631916498,"client"
292,"Thr","Gly",0.212326727599642,0.279426821812396,"sheet",0.212326727599642,"client"
292,"Thr","His",0.364343015272698,0.279426821812396,"sheet",0.364343015272698,"client"
292,"Thr","Ser",0.27017879008201,0.279426821812396,"sheet",0.27017879008201,"client"
292,"Thr","Trp",0.212061606840143,0.279426821812396,"sheet",0.212061606840143,"client"
292,"Thr","Tyr",0.277152555026156,0.279426821812396,"sheet",0.277152555026156,"client"
292,"Thr","Val",-0.222355350094835,0.279426821812396,"sheet",0.222355350094835,"client"
293,"Thr","Arg",0.238151020016913,0.307761624266769,"sheet",0.238151020016913,"client"
293,"Thr","Gly",0.300450650250171,0.307761624266769,"sheet",0.300450650250171,"client"
293,"Thr","Pro",-0.22103123638662,0.307761624266769,"sheet",0.22103123638662,"client"
293,"Thr","Ser",0.261034736505206,0.307761624266769,"sheet",0.261034736505206,"client"
293,"Thr","Trp",-0.334010256070223,0.307761624266769,"sheet",0.334010256070223,"client"
294,"Arg","Asp",0.257254325013749,0.242424614447803,"none",0.257254325013749,"client"
294,"Arg","Gln",0.217104315536912,0.242424614447803,"none",0.217104315536912,"client"
294,"Arg","Gly",0.32690138381204,0.242424614447803,"none",0.32690138381204,"client"
294,"Arg","His",0.382282976165083,0.242424614447803,"none",0.382282976165083,"client"
294,"Arg","Lys",0.354145443694737,0.242424614447803,"none",0.354145443694737,"client"
294,"Arg","Met",0.353160695057893,0.242424614447803,"none",0.353160695057893,"client"
294,"Arg","Ser",0.293980968086242,0.242424614447803,"sheet",0.293980968086242,"client"
295,"Val","Gly",-0.213503462271359,0.612495795203709,"sheet",0.213503462271359,"client"
296,"Ala","Gly",0.284044389731942,0.576328408708655,"sheet",0.284044389731942,"client"
297,"Ile","Tyr",-0.301249874165091,0.448257065899286,"sheet",0.301249874165091,"client"
299,"Thr","Arg",0.203143140463957,0.364112032960692,"none",0.203143140463957,"client"
299,"Thr","Gly",-0.316884668823957,0.364112032960692,"none",0.316884668823957,"client"
299,"Thr","Phe",-0.293032055113247,0.364112032960692,"none",0.293032055113247,"client"
299,"Thr","Trp",-0.235033805104904,0.364112032960692,"none",0.235033805104904,"client"
300,"Leu","Cys",0.288681409422722,0.351982576797382,"none",0.288681409422722,"client"
300,"Leu","Ser",0.223840031719299,0.351982576797382,"none",0.223840031719299,"client"
301,"Lys","Ile",-0.214528131748029,0.570558323286837,"none",0.214528131748029,"client"
302,"Pro","Arg",0.36349947129825,0.202107677160038,"none",0.36349947129825,"client"
302,"Pro","Asn",0.267426974380534,0.202107677160038,"none",0.267426974380534,"client"
303,"Gly","Leu",-0.239174220304806,0.251533983347779,"none",0.239174220304806,"client"
304,"Thr","Cys",0.329997595904405,0.287922351837711,"helix",0.329997595904405,"client"
304,"Thr","Gln",-0.254240227089574,0.287922351837711,"helix",0.254240227089574,"client"
304,"Thr","Gly",0.254347405293364,0.287922351837711,"helix",0.254347405293364,"client"
304,"Thr","His",0.29750821978477,0.287922351837711,"helix",0.29750821978477,"client"
306,"Ser","Arg",0.268934282997683,0.217355434806628,"helix",0.268934282997683,"client"
306,"Ser","Pro",-0.259520634373688,0.217355434806628,"helix",0.259520634373688,"client"
307,"Pro","Arg",0.245158186139829,0.28126833843638,"helix",0.245158186139829,"client"
307,"Pro","Tyr",0.229010206187196,0.28126833843638,"helix",0.229010206187196,"client"
308,"Glu","Asp",0.344299062897274,0.285516103449038,"helix",0.344299062897274,"client"
308,"Glu","His",-0.38598795127605,0.285516103449038,"helix",0.38598795127605,"client"
308,"Glu","Phe",-0.230484909305106,0.285516103449038,"helix",0.230484909305106,"client"
308,"Glu","Val",-0.19576130369319,0.285516103449038,"helix",0.19576130369319,"client"
311,"Leu","Tyr",0.21682991574435,0.452603045131889,"helix",0.21682991574435,"client"
312,"Gln","Phe",-0.246259551128258,0.220375522069963,"helix",0.246259551128258,"client"
313,"Glu","Asp",0.198504240723492,0.620426593464335,"helix",0.198504240723492,"client"
315,"Gln","Asn",-0.262752483754886,0.229583105189885,"helix",0.262752483754886,"client"
315,"Gln","Asp",-0.276546668775056,0.229583105189885,"helix",0.276546668775056,"client"
315,"Gln","Gly",-0.268178090556775,0.229583105189885,"helix",0.268178090556775,"client"
316,"Val","Cys",0.269490708428935,0.403274953164094,"helix",0.269490708428935,"client"
316,"Val","Ile",0.237082773617521,0.403274953164094,"helix",0.237082773617521,"client"
316,"Val","Leu",0.230520852489558,0.403274953164094,"helix",0.230520852489558,"client"
317,"Met","His",-0.261668493440315,0.859897415247267,"none",0.261668493440315,"client"
318,"Lys","Gln",-0.215574046998627,0.413440124928488,"none",0.215574046998627,"client"
319,"Lys","Asn",0.219515673410247,0.324065184777778,"none",0.219515673410247,"client"
319,"Lys","Leu",-0.21221982980783,0.324065184777778,"none",0.21221982980783,"client"
319,"Lys","Met",-0.211904841650409,0.324065184777778,"none",0.211904841650409,"client"
319,"Lys","Tyr",-0.33014000716103,0.324065184777778,"none",0.33014000716103,"client"
319,"Lys","Val",-0.212868520348322,0.324065184777778,"none",0.212868520348322,"client"
320,"Leu","Asn",0.236226860338391,0.417270479506375,"none",0.236226860338391,"client"
321,"Arg","Leu",-0.194151920820077,0.414520481347892,"none",0.194151920820077,"client"
321,"Arg","Pro",-0.247233038135322,0.414520481347892,"none",0.247233038135322,"client"
323,"Glu","Asp",0.275428465750588,0.185141170664395,"none",0.275428465750588,"client"
323,"Glu","Cys",-0.290310528070485,0.185141170664395,"none",0.290310528070485,"client"
323,"Glu","Ile",-0.27624013016355,0.185141170664395,"none",0.27624013016355,"client"
323,"Glu","Leu",-0.346112526503066,0.185141170664395,"none",0.346112526503066,"client"
323,"Glu","Phe",-0.334185975186015,0.185141170664395,"none",0.334185975186015,"client"
323,"Glu","Trp",-0.352345114113554,0.185141170664395,"none",0.352345114113554,"client"
323,"Glu","Tyr",-0.374602800962035,0.185141170664395,"none",0.374602800962035,"client"
323,"Glu","Val",-0.214611927833786,0.185141170664395,"none",0.214611927833786,"client"
324,"Lys","Ala",0.205348067545965,0.442707962472347,"none",0.205348067545965,"client"
324,"Lys","Arg",0.34522212131515,0.442707962472347,"none",0.34522212131515,"client"
324,"Lys","Cys",0.265801009851178,0.442707962472347,"none",0.265801009851178,"client"
325,"Leu","Asn",-0.290432582513464,0.506768187432017,"sheet",0.290432582513464,"client"
325,"Leu","Lys",-0.241541731833947,0.506768187432017,"sheet",0.241541731833947,"client"
325,"Leu","Val",0.205495628878168,0.506768187432017,"sheet",0.205495628878168,"client"
326,"Val","Ala",0.335791207318209,0.505196759912884,"sheet",0.335791207318209,"client"
326,"Val","Gln",0.26889885268411,0.505196759912884,"sheet",0.26889885268411,"client"
326,"Val","Met",0.25943830543523,0.505196759912884,"sheet",0.25943830543523,"client"
327,"Gln","Ala",0.223300389304583,0.338134371785019,"sheet",0.223300389304583,"client"
327,"Gln","Asn",0.28583734409828,0.338134371785019,"sheet",0.28583734409828,"client"
327,"Gln","Leu",-0.258271029207435,0.338134371785019,"sheet",0.258271029207435,"client"
327,"Gln","Phe",-0.222292096323756,0.338134371785019,"sheet",0.222292096323756,"client"
327,"Gln","Thr",-0.209321450367082,0.338134371785019,"sheet",0.209321450367082,"client"
327,"Gln","Val",-0.247617918139808,0.338134371785019,"sheet",0.247617918139808,"client"
328,"Leu","Ile",0.215034578489226,0.527663262725494,"sheet",0.215034578489226,"client"
328,"Leu","Tyr",-0.271187166127427,0.527663262725494,"sheet",0.271187166127427,"client"
329,"Tyr","Ile",0.317686095853755,0.392766031629889,"sheet",0.317686095853755,"client"
329,"Tyr","Leu",0.385265311444016,0.392766031629889,"sheet",0.385265311444016,"client"
329,"Tyr","Met",0.300327447684981,0.392766031629889,"sheet",0.300327447684981,"client"
329,"Tyr","Val",0.218028965858285,0.392766031629889,"sheet",0.218028965858285,"client"
330,"Ala","Glu",0.372339839313245,0.40926602058079,"none",0.372339839313245,"client"
330,"Ala","His",0.265579923604282,0.40926602058079,"none",0.265579923604282,"client"
331,"Val","Glu",-0.368238457245142,0.560786008402227,"none",0.368238457245142,"client"
331,"Val","His",0.272158111464722,0.560786008402227,"none",0.272158111464722,"client"
331,"Val","Ile",0.245904679848578,0.560786008402227,"none",0.245904679848578,"client"
331,"Val","Leu",0.377781247806106,0.560786008402227,"none",0.377781247806106,"client"
331,"Val","Thr",0.270273222135803,0.560786008402227,"none",0.270273222135803,"client"
332,"Val","Ile",0.303159961444752,0.371232563906765,"none",0.303159961444752,"client"
332,"Val","Phe",-0.204072859945326,0.371232563906765,"none",0.204072859945326,"client"
333,"Ser","Tyr",0.366349960758878,0.198301876137137,"none",0.366349960758878,"client"
334,"Glu","Ala",0.235868279520232,0.22108757516457,"none",0.235868279520232,"client"
334,"Glu","Asn",0.298159747088978,0.22108757516457,"none",0.298159747088978,"client"
334,"Glu","Leu",0.324258929541097,0.22108757516457,"none",0.324258929541097,"client"
334,"Glu","Lys",0.308160118643069,0.22108757516457,"none",0.308160118643069,"client"
334,"Glu","Phe",-0.306621618903547,0.22108757516457,"none",0.306621618903547,"client"
334,"Glu","Trp",0.376219408337716,0.22108757516457,"none",0.376219408337716,"client"
334,"Glu","Tyr",0.374457124736097,0.22108757516457,"none",0.374457124736097,"client"
335,"Glu","Ala",0.380783659627131,0.198400090357082,"sheet",0.380783659627131,"client"
335,"Glu","Pro",0.322396047088406,0.198400090357082,"sheet",0.322396047088406,"client"
335,"Glu","Val",0.349944587226696,0.198400090357082,"sheet",0.349944587226696,"client"
336,"Pro","Asn",-0.266473119427954,0.417466907946267,"sheet",0.266473119427954,"client"
336,"Pro","Stp",-0.214862042213231,0.417466907946267,"sheet",0.214862042213231,"client"
337,"Ile","Asn",-0.205458348738086,0.414250392243041,"sheet",0.205458348738086,"client"
337,"Ile","Lys",0.203634748478989,0.414250392243041,"sheet",0.203634748478989,"client"
337,"Ile","Pro",-0.241569862575955,0.414250392243041,"sheet",0.241569862575955,"client"
338,"Tyr","Cys",0.27353684278661,0.563707881445615,"sheet",0.27353684278661,"client"
338,"Tyr","Met",0.299335057328682,0.563707881445615,"sheet",0.299335057328682,"client"
339,"Ile","Gln",0.240751546702742,0.554794940985531,"none",0.240751546702742,"client"
340,"Val","Asp",0.205913193603032,0.505196759912884,"none",0.205913193603032,"client"
340,"Val","Met",0.307216159093654,0.505196759912884,"none",0.307216159093654,"client"
343,"Tyr","Asn",0.215603955356614,0.410886555209896,"none",0.215603955356614,"client"
344,"Met","Ala",-0.260483615619884,0.757386323178802,"none",0.260483615619884,"client"
344,"Met","Lys",-0.370676432350336,0.757386323178802,"none",0.370676432350336,"client"
345,"Ser","Asn",-0.294843819986858,0.139933165223327,"none",0.294843819986858,"client"
346,"Lys","Cys",0.24324428665196,0.394337459149023,"helix",0.24324428665196,"client"
346,"Lys","Gln",0.197683740572732,0.394337459149023,"helix",0.197683740572732,"client"
346,"Lys","Gly",0.242984909726968,0.394337459149023,"helix",0.242984909726968,"client"
346,"Lys","Ile",-0.380645800269729,0.394337459149023,"helix",0.380645800269729,"client"
347,"Gly","Phe",0.253845166438182,0.579716799296786,"helix",0.253845166438182,"client"
348,"Ser","Asn",-0.242073835799962,0.398216920836883,"helix",0.242073835799962,"client"
349,"Leu","Ile",-0.376242322078913,0.478899902522387,"helix",0.376242322078913,"client"
349,"Leu","Ser",-0.254804266130726,0.478899902522387,"helix",0.254804266130726,"client"
349,"Leu","Thr",-0.224600067203427,0.478899902522387,"helix",0.224600067203427,"client"
349,"Leu","Tyr",-0.348404707752687,0.478899902522387,"helix",0.348404707752687,"client"
350,"Leu","Tyr",0.3121981023098,0.336931247590682,"helix",0.3121981023098,"client"
351,"Asp","Ile",-0.342321176043373,0.515337378122291,"none",0.342321176043373,"client"
351,"Asp","Phe",-0.25838886555228,0.515337378122291,"none",0.25838886555228,"client"
352,"Phe","Ala",-0.216939775355497,0.557692260473933,"none",0.216939775355497,"client"
352,"Phe","Asn",-0.300554459866463,0.557692260473933,"none",0.300554459866463,"client"
352,"Phe","Cys",-0.340251038396649,0.557692260473933,"none",0.340251038396649,"client"
352,"Phe","Glu",-0.294555923540018,0.557692260473933,"none",0.294555923540018,"client"
352,"Phe","Gly",-0.207289361224145,0.557692260473933,"none",0.207289361224145,"client"
352,"Phe","His",-0.206004202473775,0.557692260473933,"none",0.206004202473775,"client"
352,"Phe","Ser",-0.210919541450603,0.557692260473933,"none",0.210919541450603,"client"
352,"Phe","Thr",-0.196532655016532,0.557692260473933,"none",0.196532655016532,"client"
352,"Phe","Val",-0.309254976865748,0.557692260473933,"none",0.309254976865748,"client"
353,"Leu","Ala",-0.21716047177912,0.506768187432017,"none",0.21716047177912,"client"
353,"Leu","Cys",-0.266484444256788,0.506768187432017,"none",0.266484444256788,"client"
353,"Leu","Gln",-0.2842897655763,0.506768187432017,"none",0.2842897655763,"client"
353,"Leu","Ser",-0.377510408956204,0.506768187432017,"none",0.377510408956204,"client"
354,"Lys","Arg",0.230060684571851,0.387266035312923,"none",0.230060684571851,"client"
354,"Lys","Asp",-0.228061381375712,0.387266035312923,"none",0.228061381375712,"client"
354,"Lys","Phe",-0.325126305306601,0.387266035312923,"none",0.325126305306601,"client"
354,"Lys","Tyr",-0.209355826174238,0.387266035312923,"none",0.209355826174238,"client"
355,"Gly","Arg",-0.298118199209011,0.156708153990075,"none",0.298118199209011,"client"
355,"Gly","Glu",-0.273667998561669,0.156708153990075,"none",0.273667998561669,"client"
355,"Gly","Lys",-0.289707253308158,0.156708153990075,"none",0.289707253308158,"client"
355,"Gly","Met",0.238032289356102,0.156708153990075,"none",0.238032289356102,"client"
355,"Gly","Pro",-0.261948488870292,0.156708153990075,"none",0.261948488870292,"client"
355,"Gly","Tyr",0.209804021362142,0.156708153990075,"none",0.209804021362142,"client"
356,"Glu","Ile",-0.356214718998679,0.203458122684293,"none",0.356214718998679,"client"
356,"Glu","Leu",-0.239316083315672,0.203458122684293,"none",0.239316083315672,"client"
356,"Glu","Phe",-0.237652749950025,0.203458122684293,"none",0.237652749950025,"client"
356,"Glu","Tyr",-0.243819143241917,0.203458122684293,"none",0.243819143241917,"client"
357,"Thr","His",0.255531315741548,0.244462559511679,"none",0.255531315741548,"client"
357,"Thr","Tyr",-0.264396510890822,0.244462559511679,"none",0.264396510890822,"client"
358,"Gly","Trp",-0.261846878366641,0.29631966764308,"none",0.261846878366641,"client"
360,"Tyr","Gly",0.277671273694664,0.118954607842897,"helix",0.277671273694664,"client"
360,"Tyr","Stp",-0.300801866937936,0.118954607842897,"helix",0.300801866937936,"client"
361,"Leu","Arg",-0.250365885546854,0.219049630100694,"helix",0.250365885546854,"client"
361,"Leu","Glu",-0.291967505635661,0.219049630100694,"helix",0.291967505635661,"client"
361,"Leu","Ile",-0.234806777645579,0.219049630100694,"helix",0.234806777645579,"client"
361,"Leu","Ser",-0.349498549825069,0.219049630100694,"helix",0.349498549825069,"client"
363,"Leu","Cys",-0.197148993589105,0.15064342590842,"helix",0.197148993589105,"client"
364,"Pro","Asn",0.210038653911268,0.210431332300447,"helix",0.210038653911268,"client"
364,"Pro","Cys",-0.274900175120662,0.210431332300447,"helix",0.274900175120662,"client"
364,"Pro","Leu",-0.290699646787167,0.210431332300447,"helix",0.290699646787167,"client"
364,"Pro","Lys",-0.23426162045463,0.210431332300447,"helix",0.23426162045463,"client"
365,"Gln","Ser",-0.293795861701967,0.304348680123652,"helix",0.293795861701967,"client"
366,"Leu","Glu",-0.230592164939681,0.409904413010438,"helix",0.230592164939681,"client"
366,"Leu","Ser",0.272634702665345,0.409904413010438,"helix",0.272634702665345,"client"
366,"Leu","Thr",-0.284380562003457,0.409904413010438,"helix",0.284380562003457,"client"
367,"Val","Arg",-0.210085799235254,0.264621028155562,"helix",0.210085799235254,"client"
367,"Val","Leu",0.308711306967225,0.264621028155562,"helix",0.308711306967225,"client"
368,"Asp","Ala",0.28923704467719,0.276799591428845,"helix",0.28923704467719,"client"
368,"Asp","Phe",0.328217942298494,0.276799591428845,"helix",0.328217942298494,"client"
368,"Asp","Trp",0.306572177332897,0.276799591428845,"helix",0.306572177332897,"client"
368,"Asp","Tyr",0.226446320866618,0.276799591428845,"helix",0.226446320866618,"client"
368,"Asp","Val",-0.326321752900195,0.276799591428845,"helix",0.326321752900195,"client"
369,"Met","Arg",0.285297247192041,0.517719072955978,"helix",0.285297247192041,"client"
369,"Met","Val",-0.258920856565227,0.517719072955978,"helix",0.258920856565227,"client"
370,"Ala","Leu",-0.304215749883158,0.311002693524982,"helix",0.304215749883158,"client"
370,"Ala","Met",-0.214780241713983,0.311002693524982,"helix",0.214780241713983,"client"
370,"Ala","Val",-0.378592884816503,0.311002693524982,"helix",0.378592884816503,"client"
371,"Ala","Arg",0.314737472802463,0.195232681763829,"helix",0.314737472802463,"client"
371,"Ala","Phe",-0.30111272050194,0.195232681763829,"helix",0.30111272050194,"client"
371,"Ala","Trp",-0.311473506022111,0.195232681763829,"helix",0.311473506022111,"client"
372,"Gln","Ala",-0.280003847318845,0.467457945898697,"helix",0.280003847318845,"client"
372,"Gln","Leu",-0.19475556289019,0.467457945898697,"helix",0.19475556289019,"client"
372,"Gln","Phe",-0.30554499492369,0.467457945898697,"helix",0.30554499492369,"client"
372,"Gln","Val",-0.280804707284164,0.467457945898697,"helix",0.280804707284164,"client"
373,"Ile","Gly",-0.282804609807728,0.448257065899286,"helix",0.282804609807728,"client"
374,"Ala","Gln",-0.249003961118742,0.425569581091798,"helix",0.249003961118742,"client"
374,"Ala","Leu",-0.243254278003806,0.425569581091798,"helix",0.243254278003806,"client"
374,"Ala","Phe",-0.282640356487007,0.425569581091798,"helix",0.282640356487007,"client"
374,"Ala","Thr",-0.229607419472374,0.425569581091798,"helix",0.229607419472374,"client"
374,"Ala","Val",-0.292906332146974,0.425569581091798,"helix",0.292906332146974,"client"
375,"Ser","Ala",0.228575941585188,0.176007248209432,"helix",0.228575941585188,"client"
375,"Ser","Arg",0.312564370779866,0.176007248209432,"helix",0.312564370779866,"client"
375,"Ser","Asn",-0.27887540425606,0.176007248209432,"helix",0.27887540425606,"client"
375,"Ser","Cys",-0.194735022825782,0.176007248209432,"helix",0.194735022825782,"client"
375,"Ser","Leu",-0.322288500621274,0.176007248209432,"helix",0.322288500621274,"client"
375,"Ser","Pro",-0.241035536145453,0.176007248209432,"helix",0.241035536145453,"client"
375,"Ser","Val",-0.293424189786494,0.176007248209432,"helix",0.293424189786494,"client"
376,"Gly","Asp",0.243816596783342,0.465984732599509,"helix",0.243816596783342,"client"
377,"Met","Ala",-0.23143200407511,0.859897415247267,"helix",0.23143200407511,"client"
377,"Met","His",-0.345427152046222,0.859897415247267,"none",0.345427152046222,"client"
378,"Ala","Asp",-0.334979384485886,0.307958052706661,"helix",0.334979384485886,"client"
378,"Ala","His",-0.352037153173169,0.307958052706661,"helix",0.352037153173169,"client"
378,"Ala","Met",-0.231430162483397,0.307958052706661,"helix",0.231430162483397,"client"
379,"Tyr","Ala",-0.209950482328254,0.655587284204944,"helix",0.209950482328254,"client"
379,"Tyr","Cys",0.279917865247775,0.655587284204944,"helix",0.279917865247775,"client"
379,"Tyr","Glu",0.206338722743059,0.655587284204944,"helix",0.206338722743059,"client"
379,"Tyr","Ile",-0.349513550915989,0.655587284204944,"helix",0.349513550915989,"client"
380,"Val","Gln",-0.218667917165967,0.348422311324345,"none",0.218667917165967,"client"
380,"Val","His",-0.382026412313455,0.348422311324345,"none",0.382026412313455,"client"
380,"Val","Met",0.214296603971269,0.348422311324345,"none",0.214296603971269,"client"
380,"Val","Trp",-0.327232144859777,0.348422311324345,"none",0.327232144859777,"client"
381,"Glu","Met",-0.224640149739774,0.596241341802673,"none",0.224640149739774,"client"
382,"Arg","Asp",-0.204498492839112,0.189167953682174,"none",0.204498492839112,"client"
382,"Arg","Lys",0.245916304819585,0.189167953682174,"none",0.245916304819585,"client"
382,"Arg","Met",0.206556542586598,0.189167953682174,"none",0.206556542586598,"client"
382,"Arg","Ser",0.283191332501317,0.189167953682174,"none",0.283191332501317,"client"
382,"Arg","Tyr",-0.300509698262948,0.189167953682174,"none",0.300509698262948,"client"
382,"Arg","Val",-0.230553966704364,0.189167953682174,"none",0.230553966704364,"client"
383,"Met","Tyr",-0.195512536049241,0.383583002064954,"none",0.195512536049241,"client"
384,"Asn","Arg",-0.298469602698148,0.386480321553356,"none",0.298469602698148,"client"
384,"Asn","Asp",0.275177599812315,0.386480321553356,"none",0.275177599812315,"client"
384,"Asn","Pro",-0.217981765160318,0.386480321553356,"none",0.217981765160318,"client"
384,"Asn","Stp",-0.317698558117251,0.386480321553356,"none",0.317698558117251,"client"
384,"Asn","Tyr",-0.297507935792745,0.386480321553356,"none",0.297507935792745,"client"
385,"Tyr","Asp",-0.204458360423658,0.406049504877564,"none",0.204458360423658,"client"
385,"Tyr","Cys",-0.215601785344202,0.406049504877564,"none",0.215601785344202,"client"
385,"Tyr","Gln",0.281245440279391,0.406049504877564,"none",0.281245440279391,"client"
385,"Tyr","Met",0.243445556469482,0.406049504877564,"none",0.243445556469482,"client"
385,"Tyr","Val",0.222592140833622,0.406049504877564,"none",0.222592140833622,"client"
386,"Val","Ile",-0.298963789559223,0.427926722370498,"none",0.298963789559223,"client"
387,"His","Gly",0.229166325860538,0.859897415247267,"none",0.229166325860538,"client"
388,"Arg","Gln",-0.204562057438502,0.659614067222723,"none",0.204562057438502,"client"
388,"Arg","Val",-0.208048887121579,0.659614067222723,"none",0.208048887121579,"client"
389,"Asp","Met",0.253576748026473,0.669239060777415,"helix",0.253576748026473,"client"
389,"Asp","Stp",-0.201083089506606,0.669239060777415,"helix",0.201083089506606,"client"
391,"Arg","Gln",0.365612433045322,0.446783852600099,"helix",0.365612433045322,"client"
391,"Arg","His",0.226087155565854,0.446783852600099,"helix",0.226087155565854,"client"
391,"Arg","Stp",-0.306127386893836,0.446783852600099,"helix",0.306127386893836,"client"
392,"Ala","Val",-0.209293202619135,0.507357472751692,"sheet",0.209293202619135,"client"
393,"Ala","Asp",-0.252761505167795,0.472393210450975,"sheet",0.252761505167795,"client"
393,"Ala","Gln",-0.197520595023245,0.472393210450975,"sheet",0.197520595023245,"client"
393,"Ala","Ile",0.19895592520447,0.472393210450975,"sheet",0.19895592520447,"client"
394,"Asn","Arg",0.222800041681599,0.706265821696994,"sheet",0.222800041681599,"client"
394,"Asn","Met",0.349918523015296,0.706265821696994,"sheet",0.349918523015296,"client"
396,"Leu","Ile",-0.196458667748865,0.527663262725494,"none",0.196458667748865,"client"
396,"Leu","Val",0.224900445508074,0.527663262725494,"none",0.224900445508074,"client"
397,"Val","Ala",-0.237697515906803,0.467728035003548,"none",0.237697515906803,"client"
397,"Val","Asp",-0.342793560270922,0.467728035003548,"none",0.342793560270922,"client"
397,"Val","Cys",-0.319273464427125,0.467728035003548,"none",0.319273464427125,"client"
397,"Val","Ile",0.308911287861669,0.467728035003548,"none",0.308911287861669,"client"
397,"Val","Lys",-0.238915345988419,0.467728035003548,"none",0.238915345988419,"client"
397,"Val","Thr",-0.323842661018048,0.467728035003548,"none",0.323842661018048,"client"
398,"Gly","His",-0.324944438901419,0.377493720428312,"none",0.324944438901419,"client"
398,"Gly","Leu",-0.344678688800388,0.377493720428312,"none",0.344678688800388,"client"
398,"Gly","Met",-0.295871422386521,0.377493720428312,"none",0.295871422386521,"client"
398,"Gly","Pro",-0.260045281211966,0.377493720428312,"none",0.260045281211966,"client"
398,"Gly","Trp",0.367007684709043,0.377493720428312,"none",0.367007684709043,"client"
401,"Leu","Gly",0.32876519834359,0.210087582530637,"sheet",0.32876519834359,"client"
401,"Leu","Ile",-0.306766392903044,0.210087582530637,"sheet",0.306766392903044,"client"
402,"Val","Asn",-0.292006650143475,0.363596408305977,"sheet",0.292006650143475,"client"
402,"Val","Asp",-0.201865795578233,0.363596408305977,"sheet",0.201865795578233,"client"
402,"Val","Gln",0.205637177433395,0.363596408305977,"sheet",0.205637177433395,"client"
402,"Val","Pro",-0.241064234924145,0.363596408305977,"sheet",0.241064234924145,"client"
402,"Val","Stp",-0.31290293281901,0.363596408305977,"sheet",0.31290293281901,"client"
402,"Val","Thr",0.282063458383661,0.363596408305977,"sheet",0.282063458383661,"client"
402,"Val","Tyr",-0.274806250192503,0.363596408305977,"sheet",0.274806250192503,"client"
403,"Cys","Gly",-0.218958332522186,0.493803910399167,"none",0.218958332522186,"client"
403,"Cys","Tyr",-0.26029843756268,0.493803910399167,"none",0.26029843756268,"client"
403,"Cys","Val",0.213530922165054,0.493803910399167,"none",0.213530922165054,"client"
404,"Lys","Arg",-0.203883749104763,0.608616333515848,"none",0.203883749104763,"client"
404,"Lys","Gln",-0.380146779133186,0.608616333515848,"none",0.380146779133186,"client"
404,"Lys","Glu",-0.263760818464615,0.608616333515848,"none",0.263760818464615,"client"
404,"Lys","Ile",-0.240740285017281,0.608616333515848,"none",0.240740285017281,"client"
404,"Lys","Leu",-0.375038626082802,0.608616333515848,"none",0.375038626082802,"client"
404,"Lys","Met",-0.29294635225193,0.608616333515848,"none",0.29294635225193,"client"
404,"Lys","Thr",-0.330658669827599,0.608616333515848,"none",0.330658669827599,"client"
406,"Ala","Asp",-0.247813294664814,0.382158895875739,"none",0.247813294664814,"client"
407,"Asp","His",0.284178859002952,0.644194434691227,"helix",0.284178859002952,"client"
409,"Gly","Lys",0.234343906596765,0.579716799296786,"helix",0.234343906596765,"client"
410,"Leu","Gly",0.226106393555949,0.527663262725494,"helix",0.226106393555949,"client"
411,"Ala","Asn",0.25907783548161,0.413955749583203,"none",0.25907783548161,"client"
411,"Ala","His",-0.348253573986583,0.413955749583203,"none",0.348253573986583,"client"
411,"Ala","Ser",0.328944777893495,0.413955749583203,"none",0.328944777893495,"client"
413,"Leu","Gly",-0.218831029818646,0.13160459937192,"none",0.218831029818646,"client"
414,"Ile","Ser",0.236446346649694,0.206699191942505,"helix",0.236446346649694,"client"
415,"Glu","Asp",0.208069650315905,0.185926884423961,"helix",0.208069650315905,"client"
415,"Glu","Gly",-0.290338297498771,0.185926884423961,"helix",0.290338297498771,"client"
418,"Glu","Asn",0.338241774875599,0.31711652871661,"helix",0.338241774875599,"client"
418,"Glu","Tyr",-0.337384917568934,0.31711652871661,"helix",0.337384917568934,"client"
420,"Thr","Asn",-0.254005031515567,0.129178708139258,"none",0.254005031515567,"client"
420,"Thr","Cys",0.361997250282274,0.129178708139258,"none",0.361997250282274,"client"
420,"Thr","His",-0.218084122909685,0.129178708139258,"none",0.218084122909685,"client"
420,"Thr","Ile",0.234323655859134,0.129178708139258,"none",0.234323655859134,"client"
420,"Thr","Leu",-0.241705762561526,0.129178708139258,"none",0.241705762561526,"client"
422,"Arg","Ala",0.224737096161084,0.180917959206724,"none",0.224737096161084,"client"
422,"Arg","Asn",0.221369120593267,0.180917959206724,"none",0.221369120593267,"client"
422,"Arg","Gln",0.283694738913029,0.180917959206724,"none",0.283694738913029,"client"
422,"Arg","Lys",0.265411732891001,0.180917959206724,"none",0.265411732891001,"client"
422,"Arg","Ser",0.278821575817088,0.180917959206724,"none",0.278821575817088,"client"
423,"Gln","Cys",-0.202700694039485,0.295263864778662,"none",0.202700694039485,"client"
423,"Gln","Ile",-0.227514865180928,0.295263864778662,"none",0.227514865180928,"client"
424,"Gly","Gln",0.303376504949705,0.24549380882111,"none",0.303376504949705,"client"
424,"Gly","Ser",0.227141375154153,0.24549380882111,"none",0.227141375154153,"client"
425,"Ala","Asn",0.338917012831481,0.258556300073906,"none",0.338917012831481,"client"
425,"Ala","Trp",0.322434552896383,0.258556300073906,"none",0.322434552896383,"client"
426,"Lys","Leu",0.198625865443466,0.500826227125294,"helix",0.198625865443466,"client"
426,"Lys","Phe",0.234508217714471,0.500826227125294,"helix",0.234508217714471,"client"
426,"Lys","Trp",0.268799064609261,0.500826227125294,"helix",0.268799064609261,"client"
426,"Lys","Val",0.203187334454521,0.500826227125294,"helix",0.203187334454521,"client"
429,"Ile","Ala",0.308413834500893,0.473203477765528,"none",0.308413834500893,"client"
429,"Ile","Asn",-0.271925748005413,0.473203477765528,"none",0.271925748005413,"client"
429,"Ile","Asp",-0.209512910675935,0.473203477765528,"none",0.209512910675935,"client"
430,"Lys","Arg",0.232974527914424,0.608616333515848,"none",0.232974527914424,"client"
430,"Lys","His",0.239293501742612,0.608616333515848,"none",0.239293501742612,"client"
433,"Ala","Glu",-0.300706891211597,0.509739167585379,"helix",0.300706891211597,"client"
433,"Ala","Lys",0.32106327665699,0.509739167585379,"helix",0.32106327665699,"client"
434,"Pro","Ile",-0.386396417315334,0.659614067222723,"none",0.386396417315334,"client"
434,"Pro","Leu",-0.253239384221247,0.659614067222723,"none",0.253239384221247,"client"
434,"Pro","Tyr",-0.314914134101403,0.659614067222723,"none",0.314914134101403,"client"
434,"Pro","Val",-0.225058017096138,0.659614067222723,"none",0.225058017096138,"client"
435,"Glu","His",-0.371712333850785,0.620426593464335,"helix",0.371712333850785,"client"
435,"Glu","Thr",-0.259153807122303,0.620426593464335,"helix",0.259153807122303,"client"
437,"Ala","Lys",-0.202159375492673,0.329368752654853,"none",0.202159375492673,"client"
437,"Ala","Thr",0.305910768095272,0.329368752654853,"none",0.305910768095272,"client"
438,"Leu","Lys",0.379230420233587,0.243873274192004,"none",0.379230420233587,"client"
439,"Tyr","Gly",0.224822539826976,0.312500460379156,"none",0.224822539826976,"client"
440,"Gly","Glu",0.276365415442418,0.291335295980829,"none",0.276365415442418,"client"
440,"Gly","His",-0.207603076835835,0.291335295980829,"none",0.207603076835835,"client"
440,"Gly","Met",-0.260017198374145,0.291335295980829,"none",0.260017198374145,"client"
440,"Gly","Phe",-0.353233392022119,0.291335295980829,"none",0.353233392022119,"client"
440,"Gly","Trp",-0.359052085945078,0.291335295980829,"none",0.359052085945078,"client"
441,"Arg","Gly",-0.307213452726859,0.30928394467593,"helix",0.307213452726859,"client"
441,"Arg","Val",-0.284891747157429,0.30928394467593,"helix",0.284891747157429,"client"
442,"Phe","Gln",0.355186619221748,0.60291990875899,"helix",0.355186619221748,"client"
443,"Thr","Arg",-0.348176264774777,0.440105285643782,"helix",0.348176264774777,"client"
443,"Thr","Asp",-0.222458552429713,0.440105285643782,"helix",0.222458552429713,"client"
443,"Thr","Gln",-0.207912390841506,0.440105285643782,"helix",0.207912390841506,"client"
443,"Thr","Pro",-0.244453199762847,0.440105285643782,"helix",0.244453199762847,"client"
444,"Ile","Asn",-0.277587131708987,0.344223653421661,"helix",0.277587131708987,"client"
444,"Ile","Asp",-0.25330441220576,0.344223653421661,"helix",0.25330441220576,"client"
444,"Ile","Glu",-0.31797938264654,0.344223653421661,"helix",0.31797938264654,"client"
444,"Ile","Gly",-0.324691832030932,0.344223653421661,"helix",0.324691832030932,"client"
444,"Ile","Phe",0.318848459895147,0.344223653421661,"helix",0.318848459895147,"client"
444,"Ile","Pro",-0.274529950469935,0.344223653421661,"helix",0.274529950469935,"client"
444,"Ile","Ser",-0.230571519256031,0.344223653421661,"helix",0.230571519256031,"client"
445,"Lys","Asn",-0.203300537626273,0.546937803389864,"helix",0.203300537626273,"client"
445,"Lys","Glu",-0.216128745499897,0.546937803389864,"helix",0.216128745499897,"client"
445,"Lys","Gly",-0.228654114363307,0.546937803389864,"helix",0.228654114363307,"client"
445,"Lys","Leu",-0.209189077151429,0.546937803389864,"helix",0.209189077151429,"client"
445,"Lys","Met",-0.208848664307416,0.546937803389864,"helix",0.208848664307416,"client"
445,"Lys","Phe",-0.284761238566835,0.546937803389864,"helix",0.284761238566835,"client"
445,"Lys","Pro",-0.204576061746978,0.546937803389864,"helix",0.204576061746978,"client"
445,"Lys","Val",-0.283888733793264,0.546937803389864,"helix",0.283888733793264,"client"
446,"Ser","Ile",-0.225939920712966,0.554230209220842,"helix",0.225939920712966,"client"
446,"Ser","Tyr",0.256806680182414,0.554230209220842,"helix",0.256806680182414,"client"
446,"Ser","Val",-0.248787889332364,0.554230209220842,"helix",0.248787889332364,"client"
448,"Val","Arg",-0.240481943949713,0.589980185281126,"helix",0.240481943949713,"client"
449,"Trp","Phe",-0.20168329908378,1,"helix",0.20168329908378,"client"
449,"Trp","Thr",0.208389789228577,1,"helix",0.208389789228577,"client"
450,"Ser","Ile",0.258794338235636,0.552977977916533,"helix",0.258794338235636,"client"
450,"Ser","Met",-0.328801712795982,0.552977977916533,"helix",0.328801712795982,"client"
451,"Phe","Leu",-0.204621828645092,0.615736864461921,"helix",0.204621828645092,"client"
453,"Ile","Ala",-0.320316438071668,0.512489165743862,"helix",0.320316438071668,"client"
453,"Ile","Trp",0.195653005467174,0.512489165743862,"helix",0.195653005467174,"client"
454,"Leu","His",-0.245329816763842,0.407817360836589,"helix",0.245329816763842,"client"
454,"Leu","Phe",-0.319227839506061,0.407817360836589,"helix",0.319227839506061,"client"
455,"Leu","Tyr",-0.277484207854534,0.433107522472641,"helix",0.277484207854534,"client"
455,"Leu","Val",0.271349644589029,0.433107522472641,"helix",0.271349644589029,"client"
456,"Thr","Ala",0.373175152611767,0.581042691266055,"none",0.373175152611767,"client"
456,"Thr","Ser",0.341882717978889,0.581042691266055,"none",0.341882717978889,"client"
457,"Glu","Phe",-0.207119221799456,0.620426593464335,"none",0.207119221799456,"client"
458,"Leu","Ala",-0.216339912769174,0.327993753575611,"none",0.216339912769174,"client"
458,"Leu","Glu",-0.279000238589193,0.327993753575611,"none",0.279000238589193,"client"
458,"Leu","Ile",-0.195305396298316,0.327993753575611,"none",0.195305396298316,"client"
458,"Leu","Ser",-0.232955478742941,0.327993753575611,"none",0.232955478742941,"client"
459,"Thr","Ser",0.293616435806312,0.285933513883808,"none",0.293616435806312,"client"
460,"Thr","Gly",-0.224441818257972,0.422279404723613,"none",0.224441818257972,"client"
460,"Thr","Tyr",-0.213268248788365,0.422279404723613,"none",0.213268248788365,"client"
463,"Arg","Cys",0.248677474678335,0.659614067222723,"helix",0.248677474678335,"client"
463,"Arg","Val",-0.200285426196827,0.659614067222723,"helix",0.200285426196827,"client"
464,"Val","Arg",0.257074911710133,0.288437976492426,"none",0.257074911710133,"client"
464,"Val","Pro",-0.237931114969331,0.288437976492426,"none",0.237931114969331,"client"
464,"Val","Ser",0.202123109541283,0.288437976492426,"none",0.202123109541283,"client"
464,"Val","Trp",-0.300796737633931,0.288437976492426,"none",0.300796737633931,"client"
465,"Pro","Asn",-0.195059260930084,0.63591988666079,"none",0.195059260930084,"client"
465,"Pro","Val",-0.334313098694896,0.63591988666079,"none",0.334313098694896,"client"
467,"Pro","His",-0.203563472885626,0.615294900472165,"none",0.203563472885626,"client"
467,"Pro","Ile",-0.24012379598201,0.615294900472165,"none",0.24012379598201,"client"
468,"Gly","Tyr",-0.329655068983314,0.334696874086915,"helix",0.329655068983314,"client"
469,"Met","Glu",-0.279697562078645,0.550031551318158,"helix",0.279697562078645,"client"
470,"Val","Cys",0.240570289630859,0.222118824474001,"helix",0.240570289630859,"client"
470,"Val","Gln",0.309929555753144,0.222118824474001,"helix",0.309929555753144,"client"
470,"Val","Gly",0.280626628402328,0.222118824474001,"helix",0.280626628402328,"client"
471,"Asn","His",0.195321755153696,0.37417899050514,"helix",0.195321755153696,"client"
471,"Asn","Lys",0.2042957459653,0.37417899050514,"helix",0.2042957459653,"client"
472,"Arg","Phe",-0.379558681908294,0.205127764423372,"helix",0.379558681908294,"client"
472,"Arg","Ser",0.379288866214072,0.205127764423372,"helix",0.379288866214072,"client"
472,"Arg","Stp",-0.21913536357197,0.205127764423372,"helix",0.21913536357197,"client"
472,"Arg","Thr",0.36593112582377,0.205127764423372,"helix",0.36593112582377,"client"
473,"Glu","Gly",0.227734566484375,0.47894900963236,"helix",0.227734566484375,"client"
473,"Glu","Thr",-0.315294563092068,0.47894900963236,"helix",0.315294563092068,"client"
476,"Asp","Ser",0.275971030409666,0.207214816597221,"helix",0.275971030409666,"client"
477,"Gln","Glu",-0.212187391683672,0.276873252093804,"none",0.212187391683672,"client"
477,"Gln","Trp",0.298447224386063,0.276873252093804,"none",0.298447224386063,"client"
479,"Glu","Ala",-0.365964217418645,0.411082983649788,"none",0.365964217418645,"client"
479,"Glu","His",-0.225098536042037,0.411082983649788,"none",0.225098536042037,"client"
483,"Arg","Asn",-0.246141060437347,0.565917701394396,"none",0.246141060437347,"client"
484,"Met","Cys",-0.261169292465721,0.803006828343642,"none",0.261169292465721,"client"
484,"Met","Gln",-0.219316415215981,0.803006828343642,"none",0.219316415215981,"client"
485,"Pro","His",-0.2455116426695,0.372312920326169,"none",0.2455116426695,"client"
486,"Cys","Arg",-0.236104510364449,0.227324178131131,"none",0.236104510364449,"client"
486,"Cys","Glu",-0.233454673464546,0.227324178131131,"none",0.233454673464546,"client"
486,"Cys","Leu",-0.246914287185632,0.227324178131131,"none",0.246914287185632,"client"
486,"Cys","Lys",-0.19644775286821,0.227324178131131,"none",0.19644775286821,"client"
486,"Cys","Pro",-0.318443406528118,0.227324178131131,"none",0.318443406528118,"client"
488,"Pro","Arg",-0.232789943469886,0.21283758068912,"none",0.232789943469886,"client"
488,"Pro","Cys",0.200504760195801,0.21283758068912,"none",0.200504760195801,"client"
489,"Glu","Gly",0.259156890380849,0.233781763092569,"helix",0.259156890380849,"client"
489,"Glu","Leu",-0.224265590411124,0.233781763092569,"helix",0.224265590411124,"client"
491,"Pro","Ala",-0.218981815943738,0.582933315000012,"helix",0.218981815943738,"client"
491,"Pro","Cys",-0.222338107155612,0.582933315000012,"helix",0.222338107155612,"client"
491,"Pro","Ile",-0.210311775582494,0.582933315000012,"helix",0.210311775582494,"client"
491,"Pro","Met",-0.308598616148406,0.582933315000012,"helix",0.308598616148406,"client"
491,"Pro","Trp",-0.367523884549792,0.582933315000012,"helix",0.367523884549792,"client"
491,"Pro","Tyr",-0.233284225074556,0.582933315000012,"helix",0.233284225074556,"client"
492,"Glu","Asn",0.306923889677755,0.199971517876216,"helix",0.306923889677755,"client"
492,"Glu","Met",-0.372068795872536,0.199971517876216,"helix",0.372068795872536,"client"
492,"Glu","Tyr",-0.313554197284098,0.199971517876216,"helix",0.313554197284098,"client"
494,"Leu","Gln",-0.241632752028825,0.322076346823875,"helix",0.241632752028825,"client"
494,"Leu","Trp",-0.250288167064331,0.322076346823875,"helix",0.250288167064331,"client"
495,"His","Asn",-0.260713385772593,0.571073947941553,"helix",0.260713385772593,"client"
495,"His","Glu",-0.194965780041947,0.571073947941553,"helix",0.194965780041947,"client"
495,"His","Lys",-0.270570809265571,0.571073947941553,"helix",0.270570809265571,"client"
495,"His","Stp",-0.205465346352633,0.571073947941553,"helix",0.205465346352633,"client"
495,"His","Thr",-0.272079195232978,0.571073947941553,"helix",0.272079195232978,"client"
495,"His","Tyr",0.282880917226625,0.571073947941553,"helix",0.282880917226625,"client"
495,"His","Val",-0.236016095823066,0.571073947941553,"helix",0.236016095823066,"client"
498,"Met","Ala",0.241827399566151,0.799986741080307,"helix",0.241827399566151,"client"
498,"Met","Asn",-0.256115374812807,0.799986741080307,"helix",0.256115374812807,"client"
500,"Gln","Ala",0.201597517799093,0.135849909029079,"none",0.201597517799093,"client"
500,"Gln","His",-0.225202820964201,0.135849909029079,"none",0.225202820964201,"client"
500,"Gln","Ile",-0.203667645160601,0.135849909029079,"none",0.203667645160601,"client"
500,"Gln","Phe",-0.322804209541781,0.135849909029079,"none",0.322804209541781,"client"
500,"Gln","Thr",-0.331300456200716,0.135849909029079,"none",0.331300456200716,"client"
500,"Gln","Trp",-0.298840676767947,0.135849909029079,"none",0.298840676767947,"client"
501,"Cys","Asp",-0.30403349357516,0.7417948157624,"none",0.30403349357516,"client"
501,"Cys","Leu",-0.333273056782132,0.7417948157624,"none",0.333273056782132,"client"
501,"Cys","Ser",-0.24304790214512,0.7417948157624,"none",0.24304790214512,"client"
501,"Cys","Val",-0.215767514150292,0.7417948157624,"none",0.215767514150292,"client"
502,"Trp","Asn",-0.322753521696333,0.96456922015454,"none",0.322753521696333,"client"
502,"Trp","Gln",-0.255219774091926,0.96456922015454,"none",0.255219774091926,"client"
502,"Trp","Gly",-0.247352707734769,0.96456922015454,"none",0.247352707734769,"client"
502,"Trp","Val",-0.210746026145966,0.96456922015454,"none",0.210746026145966,"client"
503,"Arg","Ala",0.267076729203646,0.149857712148853,"helix",0.267076729203646,"client"
503,"Arg","Asp",-0.254379026191887,0.149857712148853,"helix",0.254379026191887,"client"
503,"Arg","Phe",-0.330762041376904,0.149857712148853,"helix",0.330762041376904,"client"
503,"Arg","Trp",-0.359426157906526,0.149857712148853,"helix",0.359426157906526,"client"
503,"Arg","Tyr",-0.311628901658785,0.149857712148853,"helix",0.311628901658785,"client"
504,"Lys","Gly",0.284665190429575,0.126244558318376,"helix",0.284665190429575,"client"
504,"Lys","Ser",-0.231265673108542,0.126244558318376,"helix",0.231265673108542,"client"
504,"Lys","Tyr",-0.308040986798671,0.126244558318376,"helix",0.308040986798671,"client"
505,"Glu","Met",-0.27820002915207,0.353554004316515,"helix",0.27820002915207,"client"
505,"Glu","Trp",0.221524894019458,0.353554004316515,"helix",0.221524894019458,"client"
506,"Pro","Asn",-0.232015718537511,0.42306511848318,"none",0.232015718537511,"client"
506,"Pro","Gln",-0.199203058228689,0.42306511848318,"none",0.199203058228689,"client"
506,"Pro","Ile",-0.284152004202558,0.42306511848318,"none",0.284152004202558,"client"
506,"Pro","Lys",-0.263742063762703,0.42306511848318,"none",0.263742063762703,"client"
507,"Glu","Ala",-0.215892838457794,0.081829632703371,"none",0.215892838457794,"client"
507,"Glu","His",-0.227268626467091,0.081829632703371,"none",0.227268626467091,"client"
507,"Glu","Leu",-0.275885875158357,0.081829632703371,"none",0.275885875158357,"client"
507,"Glu","Pro",-0.248339107948646,0.081829632703371,"none",0.248339107948646,"client"
507,"Glu","Ser",-0.223560299236061,0.081829632703371,"none",0.223560299236061,"client"
507,"Glu","Thr",0.199386532710499,0.081829632703371,"none",0.199386532710499,"client"
508,"Glu","Phe",0.256362843226003,0.11751576952069,"none",0.256362843226003,"client"
508,"Glu","Pro",-0.333515974799307,0.11751576952069,"none",0.333515974799307,"client"
508,"Glu","Trp",-0.359540310311544,0.11751576952069,"none",0.359540310311544,"client"
509,"Arg","Asp",-0.220169577125606,0.605939996022324,"helix",0.220169577125606,"client"
509,"Arg","Leu",-0.222958159021738,0.605939996022324,"helix",0.222958159021738,"client"
509,"Arg","Pro",0.205511451147643,0.605939996022324,"helix",0.205511451147643,"client"
510,"Pro","Lys",-0.254381925470832,0.585658759603509,"helix",0.254381925470832,"client"
510,"Pro","Tyr",-0.364921775826782,0.585658759603509,"helix",0.364921775826782,"client"
511,"Thr","Ala",-0.207966293492265,0.345598652500902,"helix",0.207966293492265,"client"
511,"Thr","Arg",-0.230292246237853,0.345598652500902,"helix",0.230292246237853,"client"
511,"Thr","Asn",-0.330293767419626,0.345598652500902,"helix",0.330293767419626,"client"
511,"Thr","Pro",-0.300903593779214,0.345598652500902,"helix",0.300903593779214,"client"
511,"Thr","Stp",-0.282273692300058,0.345598652500902,"helix",0.282273692300058,"client"
511,"Thr","Trp",-0.237741538295659,0.345598652500902,"helix",0.237741538295659,"client"
512,"Phe","Cys",-0.27601270506378,0.656299337299551,"helix",0.27601270506378,"client"
512,"Phe","His",-0.292465285172669,0.656299337299551,"helix",0.292465285172669,"client"
512,"Phe","Leu",-0.353001203521691,0.656299337299551,"helix",0.353001203521691,"client"
512,"Phe","Met",-0.355743617708656,0.656299337299551,"helix",0.355743617708656,"client"
512,"Phe","Tyr",-0.268100146400958,0.656299337299551,"helix",0.268100146400958,"client"
513,"Glu","Pro",-0.318693539242898,0.209473743655975,"helix",0.318693539242898,"client"
513,"Glu","Val",-0.212365100357742,0.209473743655975,"helix",0.212365100357742,"client"
514,"Tyr","Asp",0.202875930482794,0.185067509999435,"helix",0.202875930482794,"client"
515,"Leu","Asn",-0.194104143960108,0.34387990365185,"helix",0.194104143960108,"client"
515,"Leu","Thr",0.248659192062738,0.34387990365185,"helix",0.248659192062738,"client"
515,"Leu","Tyr",-0.203476832901252,0.34387990365185,"helix",0.203476832901252,"client"
516,"Gln","Cys",-0.20302938199155,0.212813027134134,"helix",0.20302938199155,"client"
516,"Gln","Lys",-0.251148491233317,0.212813027134134,"helix",0.251148491233317,"client"
516,"Gln","Met",0.303021465942293,0.212813027134134,"helix",0.303021465942293,"client"
518,"Phe","Asp",-0.264630534799873,0.170359930562546,"none",0.264630534799873,"client"
518,"Phe","Ile",-0.222833098157576,0.170359930562546,"none",0.222833098157576,"client"
519,"Leu","Ala",-0.25138032801114,0.466451250144252,"none",0.25138032801114,"client"
519,"Leu","Arg",-0.235333807515368,0.466451250144252,"none",0.235333807515368,"client"
519,"Leu","Gly",-0.207265288540115,0.466451250144252,"none",0.207265288540115,"client"
519,"Leu","Met",-0.210261684239226,0.466451250144252,"none",0.210261684239226,"client"
519,"Leu","Ser",-0.248530554057882,0.466451250144252,"none",0.248530554057882,"client"
519,"Leu","Trp",-0.245371498856534,0.466451250144252,"none",0.245371498856534,"client"
