p.Ala296Arg,0.726147592751
p.Ala296Asn,0.545132303192
p.Ala296Asp,0.718569959921
p.Ala296Glu,0.672204817934
p.Ala296Gly,0.350038102151
p.Ala296Ile,0.65298094345
p.Ala296Leu,0.722856168835
p.Ala296Phe,0.574643437137
p.Ala296Ser,0.592517362853
p.Ala296Ter,0.67003047903
p.Ala296Val,0.750181662918
p.Ala309Ser,-0.929872941278
p.Ala314Arg,0.689083340642
p.Ala314Asn,0.647627033756
p.Ala314Asp,0.671540539873
p.Ala314Cys,0.766058329378
p.Ala314Glu,0.652572131968
p.Ala314Gly,-1.93713350104
p.Ala314His,0.737893278175
p.Ala314Ile,0.625113866243
p.Ala314Leu,0.702978976282
p.Ala314Lys,0.676229362437
p.Ala314Met,0.57723288473
p.Ala314Phe,0.697223258874
p.Ala314Pro,0.649744609566
p.Ala314Ser,0.774941842817
p.Ala314Ter,0.680469609707
p.Ala314Thr,0.619520623547
p.Ala314Tyr,0.570084820551
p.Ala314Val,0.632459379941
p.Ala330Arg,0.41307978789
p.Ala330Asn,-0.661672944917
p.Ala330Asp,0.584652154167
p.Ala330Gln,5.52420206298
p.Ala330Glu,0.369394138792
p.Ala330Gly,0.589919853503
p.Ala330His,1.05519539333
p.Ala330Ile,0.756815002138
p.Ala330Leu,0.572240013138
p.Ala330Lys,0.764363336514
p.Ala330Met,0.821312866009
p.Ala330Phe,0.900283853577
p.Ala330Pro,0.635356971143
p.Ala330Ser,0.248441961063
p.Ala330Trp,0.540882822609
p.Ala330Tyr,0.370725426346
p.Ala330Val,0.679568213375
p.Ala370Arg,0.704896867299
p.Ala370Asn,0.82330338608
p.Ala370Asp,0.732691604007
p.Ala370Gln,0.830054709018
p.Ala370Glu,0.68913012865
p.Ala370Gly,-31.8753129536
p.Ala370His,0.655913394556
p.Ala370Ile,-271.999691794
p.Ala370Leu,2.05736332575
p.Ala370Lys,0.777593540753
p.Ala370Met,2.15356374453
p.Ala370Phe,0.704720412414
p.Ala370Pro,0.866579319376
p.Ala370Ser,0.123147024216
p.Ala370Ter,0.752882728658
p.Ala370Thr,0.570867350545
p.Ala370Tyr,0.689589841194
p.Ala370Val,-1.3146515898
p.Ala371Arg,1.29640595107
p.Ala371Asp,-1.10373558154
p.Ala371Cys,1.82689438417
p.Ala371Gln,-0.0839573609784
p.Ala371Gly,0.371315822435
p.Ala371Ile,1.25812989364
p.Ala371Leu,1.85857647897
p.Ala371Phe,4.86008274039
p.Ala371Pro,0.821691503881
p.Ala371Ser,1.47631119606
p.Ala371Ter,0.653163032962
p.Ala371Thr,-1.89788150363
p.Ala371Trp,-2.0708040814
p.Ala371Val,2.49879043719
p.Ala374Arg,0.601265717558
p.Ala374Asn,0.825531643988
p.Ala374Asp,0.55605864876
p.Ala374Cys,-0.0242054321227
p.Ala374Gln,0.894341420656
p.Ala374Gly,0.4295104793
p.Ala374Ile,0.938102064555
p.Ala374Leu,1.55296500941
p.Ala374Lys,0.313202057834
p.Ala374Met,1.75251923177
p.Ala374Phe,0.979447106778
p.Ala374Pro,0.690761785542
p.Ala374Ser,-0.0462563257303
p.Ala374Ter,0.553526604237
p.Ala374Thr,4.06383672645
p.Ala374Tyr,0.560936215521
p.Ala374Val,6.1265136744
p.Ala378Arg,0.452324376513
p.Ala378Asn,0.54620957247
p.Ala378Asp,0.250395779706
p.Ala378Cys,0.308925293371
p.Ala378Gly,0.545610792128
p.Ala378His,-1.32837763957
p.Ala378Leu,0.534716196469
p.Ala378Lys,1.5603431714
p.Ala378Met,0.354840848643
p.Ala378Pro,0.650582950862
p.Ala378Ser,0.301202984512
p.Ala378Thr,0.593600629631
p.Ala378Tyr,0.204870568601
p.Ala392Gly,7.76563259815
p.Ala392Ile,0.374319891026
p.Ala392Pro,0.827783589509
p.Ala392Val,1.95995330733
p.Ala393Arg,0.560839460771
p.Ala393Asp,0.373258091426
p.Ala393Cys,0.402417397699
p.Ala393Gln,1.02437620704
p.Ala393Glu,0.251287362897
p.Ala393Gly,0.787099124641
p.Ala393Ile,0.429888809107
p.Ala393Leu,0.638161687942
p.Ala393Lys,0.51699127025
p.Ala393Phe,0.641921629466
p.Ala393Pro,0.897825845502
p.Ala393Ser,0.851238992775
p.Ala393Val,-1.1492567048
p.Ala406Arg,0.595583721872
p.Ala406Asn,0.587237067389
p.Ala406Asp,0.911368895998
p.Ala406Glu,0.743062673061
p.Ala406Gly,0.391907102606
p.Ala406Ile,0.820467187257
p.Ala406Leu,0.705652690305
p.Ala406Lys,0.742194289807
p.Ala406Pro,0.65199610269
p.Ala406Ser,0.597833851404
p.Ala406Ter,0.624636772828
p.Ala406Thr,0.664589834093
p.Ala406Tyr,0.642693860374
p.Ala406Val,0.740495591296
p.Ala411Arg,0.693296258737
p.Ala411Asn,0.497598435448
p.Ala411Asp,0.634154864912
p.Ala411Gln,0.533954431428
p.Ala411Glu,0.518404045451
p.Ala411Gly,0.581116707492
p.Ala411His,0.973861364367
p.Ala411Ile,0.693294772571
p.Ala411Leu,0.677086570943
p.Ala411Met,0.539547897742
p.Ala411Ser,0.251586005654
p.Ala411Ter,0.651073111683
p.Ala411Thr,0.457527254696
p.Ala411Tyr,0.618173019164
p.Ala411Val,0.745530346149
p.Ala421Arg,0.678666409207
p.Ala421Asn,0.631588500809
p.Ala421Asp,0.651347004577
p.Ala421Cys,0.371699442243
p.Ala421Gln,0.597596718203
p.Ala421Glu,0.59652477069
p.Ala421Gly,0.623718636447
p.Ala421His,0.596529550794
p.Ala421Ile,0.647840620015
p.Ala421Leu,0.61130802667
p.Ala421Lys,0.682142849647
p.Ala421Met,0.656039134149
p.Ala421Phe,0.596717767987
p.Ala421Pro,0.561300951658
p.Ala421Ser,0.550162187343
p.Ala421Ter,0.563544869174
p.Ala421Thr,0.479177049354
p.Ala421Trp,0.717403628909
p.Ala421Tyr,0.715639995128
p.Ala421Val,0.613951919331
p.Ala425Arg,0.587093447699
p.Ala425Asn,0.240170069985
p.Ala425Asp,0.440555783139
p.Ala425Cys,0.44670190489
p.Ala425Gln,0.426666141375
p.Ala425Glu,0.670255747567
p.Ala425Gly,0.351484031823
p.Ala425His,0.535397568168
p.Ala425Ile,0.659938836504
p.Ala425Leu,0.59281278079
p.Ala425Lys,0.669856401335
p.Ala425Met,0.528411738515
p.Ala425Phe,1.0218839745
p.Ala425Pro,0.626704484622
p.Ala425Ser,0.736171100283
p.Ala425Ter,0.726911035589
p.Ala425Trp,0.350660777781
p.Ala425Tyr,0.561680638974
p.Ala425Val,0.577090279156
p.Ala433Arg,0.64417601207
p.Ala433Asn,0.676182679092
p.Ala433Asp,-0.201542424485
p.Ala433Cys,-0.343232734032
p.Ala433Gln,0.661533593861
p.Ala433Glu,1.75799251805
p.Ala433Gly,0.0437772393913
p.Ala433His,0.724079844841
p.Ala433Ile,0.697304298308
p.Ala433Leu,0.696725939994
p.Ala433Lys,0.40531724588
p.Ala433Met,0.606052806104
p.Ala433Phe,0.677663788748
p.Ala433Pro,0.730123558866
p.Ala433Ser,0.440894207372
p.Ala433Ter,0.741649994477
p.Ala433Thr,0.780001341127
p.Ala433Trp,0.662264488506
p.Ala433Tyr,0.599044455689
p.Ala433Val,0.641884705247
p.Ala436Val,0.55463148935
p.Ala437Arg,0.502423758522
p.Ala437Cys,0.714848365645
p.Ala437Gly,0.681186218234
p.Ala437Ile,1.63078503053
p.Ala437Leu,0.740517027912
p.Ala437Lys,0.871841508789
p.Ala437Thr,0.275890190946
p.Ala437Val,0.923717980437
p.Arg271Ala,0.660165589054
p.Arg271Asp,0.397799956262
p.Arg271Gln,-0.0294584666089
p.Arg271Gly,3.28694608097
p.Arg271Lys,-4.19818043027
p.Arg271Pro,1.62116008229
p.Arg271Ser,0.333641832802
p.Arg271Thr,0.570121144543
p.Arg271Trp,0.666067402336
p.Arg271Tyr,0.186175259836
p.Arg271Val,0.542831096321
p.Arg294Ala,-8.90983545488
p.Arg294Asn,3.65408560088
p.Arg294Asp,-0.485369246563
p.Arg294Cys,-0.932676593977
p.Arg294Gln,-0.245716971252
p.Arg294Glu,0.514493435137
p.Arg294Gly,3.04886349658
p.Arg294His,2.27729427564
p.Arg294Ile,0.740866084124
p.Arg294Leu,3.0085523647
p.Arg294Lys,2.62548229641
p.Arg294Met,4.43484068867
p.Arg294Phe,-1.52410906278
p.Arg294Pro,3.54415735611
p.Arg294Ser,2.86379877749
p.Arg294Ter,0.691645285822
p.Arg294Thr,-21.5830691046
p.Arg294Trp,-0.23861119986
p.Arg294Tyr,0.769552758126
p.Arg294Val,-0.465859518467
p.Arg321Ala,-0.24200160014
p.Arg321Gly,1.3451851467
p.Arg321His,0.847103788754
p.Arg321Leu,1.23075098973
p.Arg321Lys,1.83648874796
p.Arg321Met,0.220534697633
p.Arg321Phe,0.283845139268
p.Arg321Pro,1.38054773095
p.Arg321Ser,0.836256810278
p.Arg321Thr,0.998936788449
p.Arg321Trp,0.00709581042589
p.Arg321Tyr,1.32826824407
p.Arg362Ala,0.717066171325
p.Arg362Asn,0.76093681114
p.Arg362Asp,0.746193682517
p.Arg362Glu,0.536480763897
p.Arg362Gly,0.839604009781
p.Arg362His,0.865057086679
p.Arg362Ile,0.99085818332
p.Arg362Leu,0.897797363446
p.Arg362Lys,1.06978671081
p.Arg362Met,0.905684508818
p.Arg362Pro,0.692961458563
p.Arg362Ser,0.755305678449
p.Arg362Ter,0.799569927458
p.Arg362Thr,0.673428453943
p.Arg362Trp,17.5592768958
p.Arg362Tyr,-1.1244517846
p.Arg362Val,0.566699130316
p.Arg382Ala,0.315545027462
p.Arg382Asn,0.439169168258
p.Arg382Asp,0.234139155957
p.Arg382Gly,0.484830231854
p.Arg382His,0.630795797435
p.Arg382Ile,0.535056392789
p.Arg382Leu,-1.49201157036
p.Arg382Lys,2.22498192903
p.Arg382Met,1.7459490978
p.Arg382Pro,0.637192987883
p.Arg382Ser,1.59117737617
p.Arg382Thr,0.628159878346
p.Arg382Tyr,-0.000831844692932
p.Arg382Val,-0.519263099814
p.Arg388Asn,0.527641451779
p.Arg388Asp,0.678670234958
p.Arg388Gln,0.842426615973
p.Arg388Gly,0.643060576013
p.Arg388His,0.607318154699
p.Arg388Ile,1.05760311986
p.Arg388Leu,0.68421011178
p.Arg388Phe,0.62268976863
p.Arg388Pro,0.695878412236
p.Arg388Ser,0.757977314228
p.Arg388Thr,0.613555422727
p.Arg388Tyr,0.661615325844
p.Arg388Val,1.96536446356
p.Arg391Ala,0.625111068961
p.Arg391Asn,0.7979122284
p.Arg391Asp,0.672599627293
p.Arg391Cys,0.610731207409
p.Arg391Gln,0.405288460802
p.Arg391Glu,0.588988779734
p.Arg391Gly,0.643418044622
p.Arg391His,0.475709356345
p.Arg391Ile,0.755403799565
p.Arg391Leu,0.680845025339
p.Arg391Lys,0.660494617125
p.Arg391Phe,0.685757812484
p.Arg391Pro,0.61643401799
p.Arg391Ser,0.616966082144
p.Arg391Ter,-0.12847894494
p.Arg391Thr,0.529251117189
p.Arg391Tyr,0.641305970781
p.Arg391Val,0.613720963598
p.Arg412Ala,0.66503578026
p.Arg412Asn,0.700255890151
p.Arg412Asp,0.674342762258
p.Arg412Cys,0.617484231399
p.Arg412Gln,0.544883403458
p.Arg412Glu,0.594722401446
p.Arg412Gly,0.71990332058
p.Arg412His,0.605007180831
p.Arg412Leu,0.711702092343
p.Arg412Phe,0.634822631525
p.Arg412Pro,0.602259108652
p.Arg412Ter,0.661219003035
p.Arg412Thr,0.877048864179
p.Arg412Trp,0.571980162179
p.Arg412Tyr,0.648863483101
p.Arg412Val,0.636414607781
p.Arg422Ala,0.196172884507
p.Arg422Asn,0.097790678812
p.Arg422Asp,0.697002304917
p.Arg422Cys,1.41753955755
p.Arg422Gln,0.0033463402736
p.Arg422Glu,0.872929741932
p.Arg422Gly,2.269304421
p.Arg422His,-4.5350192159
p.Arg422Ile,0.635021671392
p.Arg422Leu,0.556784978018
p.Arg422Lys,-4.47889991842
p.Arg422Met,0.599292212595
p.Arg422Phe,0.633253642118
p.Arg422Pro,-4.49901068094
p.Arg422Ser,0.972062271894
p.Arg422Ter,0.638563784984
p.Arg422Thr,-0.161856763485
p.Arg422Trp,0.81196815839
p.Arg422Tyr,0.605478824109
p.Arg422Val,0.706657847159
p.Arg441Ala,0.703271122111
p.Arg441Asn,0.610842248646
p.Arg441Asp,0.5594013722
p.Arg441Cys,0.823834948337
p.Arg441Gln,0.651813539185
p.Arg441Glu,0.5812815136
p.Arg441Gly,-6.29656629215
p.Arg441His,-0.796072919862
p.Arg441Ile,3.167630455
p.Arg441Leu,0.739010564819
p.Arg441Lys,0.570498067505
p.Arg441Met,0.656315601018
p.Arg441Phe,0.755787512569
p.Arg441Pro,0.754381348762
p.Arg441Ser,0.539161840679
p.Arg441Ter,0.593208155703
p.Arg441Thr,0.981032779897
p.Arg441Trp,0.941404064233
p.Arg441Tyr,1.00662725675
p.Arg441Val,-25.4714196077
p.Arg463Ala,0.736629017411
p.Arg463Asp,0.611271611253
p.Arg463Cys,0.04273763118
p.Arg463Gln,-0.440832801249
p.Arg463Gly,0.584441870993
p.Arg463His,0.994276893048
p.Arg463Leu,-2.49922431351
p.Arg463Lys,8.56810815556
p.Arg463Met,0.532880605821
p.Arg463Phe,0.87791833187
p.Arg463Pro,0.627903265102
p.Arg463Ser,0.15257576543
p.Arg463Ter,0.651528737079
p.Arg463Thr,-0.87012183791
p.Arg463Val,0.0941123289262
p.Arg472Ala,0.155665613776
p.Arg472Asp,0.633579594833
p.Arg472Cys,-0.0843444817581
p.Arg472Gln,3.64170768319
p.Arg472Glu,0.588893575402
p.Arg472Gly,0.171244411069
p.Arg472His,0.207453273942
p.Arg472Ile,0.490528920487
p.Arg472Leu,0.399222127612
p.Arg472Met,0.746933518039
p.Arg472Phe,0.279710454099
p.Arg472Pro,0.910768312865
p.Arg472Ser,-3.25120375238
p.Arg472Ter,0.878993857463
p.Arg472Thr,-1.40013393173
p.Arg472Tyr,0.639002152344
p.Arg472Val,0.268664270791
p.Arg480Ala,0.11513331628
p.Arg480Asn,0.53050126551
p.Arg480Asp,1.11676721076
p.Arg480Cys,-1.87214526713
p.Arg480Gln,0.947202625073
p.Arg480Glu,0.288658777567
p.Arg480Gly,0.344285949708
p.Arg480His,1.54765332317
p.Arg480Ile,0.739242047824
p.Arg480Leu,-1.45886963546
p.Arg480Lys,1.46986469027
p.Arg480Met,0.69692893718
p.Arg480Phe,-0.155195897924
p.Arg480Pro,0.678209593336
p.Arg480Ser,0.5307347587
p.Arg480Ter,0.599826865228
p.Arg480Thr,0.292774637612
p.Arg480Tyr,0.340994806182
p.Arg480Val,1.38849030395
p.Arg483Ala,0.844337421676
p.Arg483Asn,4.24463796535
p.Arg483Asp,0.652622851645
p.Arg483Cys,1.11104926264
p.Arg483Gln,-0.346912590965
p.Arg483Glu,0.728739561997
p.Arg483Gly,0.681427395683
p.Arg483His,0.389418725529
p.Arg483Ile,0.272380699
p.Arg483Leu,-0.667253169074
p.Arg483Lys,0.153901669947
p.Arg483Met,0.558913377527
p.Arg483Phe,1.54967593199
p.Arg483Pro,0.691784673665
p.Arg483Ser,0.824169200266
p.Arg483Ter,0.639861582723
p.Arg483Thr,0.224148337616
p.Arg483Trp,0.774825727893
p.Arg483Tyr,2.15713854416
p.Arg483Val,-0.0721420997121
p.Arg503Ala,9.52066687563
p.Arg503Asn,-1.32422362729
p.Arg503Asp,0.143158814382
p.Arg503Cys,0.111564789416
p.Arg503Gln,0.725568323245
p.Arg503Glu,0.0969638880116
p.Arg503Gly,6.83272995645
p.Arg503His,0.691952206603
p.Arg503Ile,0.434495829738
p.Arg503Leu,-0.107504487603
p.Arg503Met,2.00141035422
p.Arg503Phe,-4.36036340552
p.Arg503Pro,0.65661005553
p.Arg503Ser,0.334422496289
p.Arg503Ter,0.753667498933
p.Arg503Thr,4.04783716989
p.Arg503Trp,-0.611688951396
p.Arg503Tyr,-2.31883415165
p.Arg503Val,0.588700493444
p.Arg509Ala,0.680091858014
p.Arg509Asn,0.653414048274
p.Arg509Asp,0.873360099424
p.Arg509Cys,0.642921178105
p.Arg509Gln,0.557574500139
p.Arg509Glu,0.566678038247
p.Arg509Gly,0.678522875632
p.Arg509His,0.751518899628
p.Arg509Ile,0.737278979581
p.Arg509Leu,0.86297157647
p.Arg509Lys,0.657880871171
p.Arg509Met,0.644601024892
p.Arg509Phe,0.628980601533
p.Arg509Pro,0.49774542778
p.Arg509Ser,0.718188309661
p.Arg509Ter,0.757852017974
p.Arg509Thr,0.701821179161
p.Arg509Trp,0.652008372872
p.Arg509Tyr,0.57857996606
p.Arg509Val,0.660090118011
p.Asn290Ala,1.47122674723
p.Asn290Arg,-0.539801342376
p.Asn290Asp,1.0099113695
p.Asn290Cys,0.813051016336
p.Asn290Gln,-6.65326744479
p.Asn290Glu,0.743543301139
p.Asn290Gly,2.03362241241
p.Asn290His,1.4796301215
p.Asn290Ile,1.17999225381
p.Asn290Leu,0.445663272186
p.Asn290Lys,-0.116179942126
p.Asn290Met,0.779600302725
p.Asn290Phe,1.81658266694
p.Asn290Pro,0.758593963863
p.Asn290Ser,4.52835113386
p.Asn290Ter,0.742688522627
p.Asn290Thr,1.5362511362
p.Asn290Trp,1.26102799309
p.Asn290Tyr,0.781499595887
p.Asn290Val,1.68171471886
p.Asn384Ala,-0.444536584537
p.Asn384Arg,0.124893699307
p.Asn384Asp,0.31170234273
p.Asn384Cys,-0.0615901776951
p.Asn384Gln,-7.07371802682
p.Asn384Glu,0.51805799977
p.Asn384Gly,12.6269619341
p.Asn384Ile,1.64074864841
p.Asn384Leu,-203.026148372
p.Asn384Met,10.0519096378
p.Asn384Phe,-12.8398604909
p.Asn384Pro,-4.85262932447
p.Asn384Ser,0.570783842819
p.Asn384Ter,0.943581528649
p.Asn384Tyr,-0.965860153719
p.Asn384Val,0.714838993534
p.Asn394Ala,0.681723600765
p.Asn394Arg,0.502184053099
p.Asn394Asp,0.584140264526
p.Asn394Cys,0.673580878209
p.Asn394Gln,0.719123096168
p.Asn394Gly,0.681514102263
p.Asn394His,0.600935929512
p.Asn394Ile,0.705238754393
p.Asn394Leu,0.684449891582
p.Asn394Met,0.380518812388
p.Asn394Phe,0.581414944024
p.Asn394Pro,0.597256889558
p.Asn394Ser,0.731181997746
p.Asn394Tyr,0.685352611319
p.Asn394Val,0.638791948789
p.Asn400Ile,-10.9288150055
p.Asn417Ala,0.555806359804
p.Asn417Arg,0.703203336927
p.Asn417Cys,0.669946997561
p.Asn417Gln,0.582033799063
p.Asn417Glu,2.25170551474
p.Asn417Gly,0.690786896128
p.Asn417His,0.996142938105
p.Asn417Ile,0.467046933405
p.Asn417Leu,0.722255914564
p.Asn417Lys,0.6828499181
p.Asn417Met,0.599922601052
p.Asn417Pro,0.727870332892
p.Asn417Ser,0.835173805962
p.Asn417Ter,0.693319866427
p.Asn417Thr,0.0339787044056
p.Asn471Ala,0.595525188828
p.Asn471Arg,0.555887164769
p.Asn471Asp,0.605682647947
p.Asn471Cys,0.731889179873
p.Asn471Gln,0.845261178124
p.Asn471Glu,0.620990624729
p.Asn471Gly,0.524209211431
p.Asn471His,0.197737871911
p.Asn471Ile,0.81038365241
p.Asn471Leu,0.537378771198
p.Asn471Lys,0.238472599282
p.Asn471Met,0.618716569151
p.Asn471Phe,0.640876797006
p.Asn471Pro,0.436991789325
p.Asn471Ser,0.618691895065
p.Asn471Ter,0.735624148734
p.Asn471Thr,0.69493224656
p.Asn471Trp,0.670957650628
p.Asn471Tyr,0.556136557725
p.Asn471Val,0.58750233149
p.Asp351Ala,1.26328516126
p.Asp351Arg,1.01683311959
p.Asp351Asn,0.664549768432
p.Asp351Cys,1.96994739201
p.Asp351Gln,1.48754678619
p.Asp351Glu,15.8800336489
p.Asp351Gly,0.841112368724
p.Asp351His,1.44522139051
p.Asp351Ile,2.20553942417
p.Asp351Leu,0.995519170346
p.Asp351Lys,0.899296241589
p.Asp351Met,0.801816583681
p.Asp351Phe,-7.70770750933
p.Asp351Pro,0.573945554368
p.Asp351Ser,1.08960693804
p.Asp351Ter,0.75420657698
p.Asp351Thr,0.90660549043
p.Asp351Tyr,0.731531491253
p.Asp351Val,1.0418328794
p.Asp368Ala,0.884934198673
p.Asp368Arg,0.984026721079
p.Asp368Asn,0.684695563576
p.Asp368Gly,0.766456342198
p.Asp368His,1.31067353379
p.Asp368Ile,0.285887406944
p.Asp368Leu,0.411791188876
p.Asp368Phe,0.984583405741
p.Asp368Pro,0.453782460509
p.Asp368Ser,0.603030492159
p.Asp368Ter,0.706531416809
p.Asp368Thr,0.762240190498
p.Asp368Trp,1.26261550443
p.Asp368Tyr,0.865347372209
p.Asp368Val,0.265811510936
p.Asp389Ala,0.677180920414
p.Asp389Arg,0.702663373746
p.Asp389Asn,0.565013872447
p.Asp389Gly,0.628100970758
p.Asp389His,0.76745528572
p.Asp389Ile,0.359971264907
p.Asp389Leu,0.613300381678
p.Asp389Met,0.478315934146
p.Asp389Phe,0.63896100529
p.Asp389Pro,0.740643249369
p.Asp389Ser,0.711315377291
p.Asp389Ter,0.844015475502
p.Asp389Tyr,0.751914956018
p.Asp389Val,0.524041617625
p.Asp407Asn,0.748499587012
p.Asp407Cys,0.71617367347
p.Asp407Glu,0.627178606268
p.Asp407Gly,0.766923205991
p.Asp407His,0.436001838585
p.Asp407Ile,0.288767153835
p.Asp407Leu,0.649951932432
p.Asp407Lys,0.660330813583
p.Asp407Phe,0.672377031642
p.Asp407Ser,0.753063892828
p.Asp407Thr,0.56409955198
p.Asp407Trp,0.632260991607
p.Asp407Tyr,0.805751580813
p.Asp407Val,0.73338211134
p.Asp416Ile,0.536645890999
p.Asp416Thr,0.278462729022
p.Asp416Val,0.364052038622
p.Asp447Ala,0.705255797388
p.Asp447Arg,0.677123653749
p.Asp447Asn,0.662786284242
p.Asp447Glu,-0.535162866369
p.Asp447Gly,0.644002218521
p.Asp447His,0.677769812814
p.Asp447Ile,0.637361446938
p.Asp447Leu,0.735845952941
p.Asp447Lys,0.576671307748
p.Asp447Met,0.66043293149
p.Asp447Pro,0.614488913682
p.Asp447Ser,0.652579110524
p.Asp447Ter,0.535162352154
p.Asp447Thr,0.67887380116
p.Asp447Tyr,0.650436581781
p.Asp447Val,0.680004794751
p.Asp476Ser,0.354458186171
p.Asp476Tyr,5.56397402634
p.Asp476Val,-0.976188266496
p.Asp496Arg,0.0900843681502
p.Asp496Leu,0.644088314842
p.Asp496Tyr,0.494804880519
p.Asp496Val,-0.145231423722
p.Cys280Ala,1.55725528563
p.Cys280Arg,0.710916803813
p.Cys280Asn,0.421290315624
p.Cys280Asp,0.690415044925
p.Cys280Gly,0.442847494856
p.Cys280His,-0.603811202109
p.Cys280Ile,0.585463313318
p.Cys280Leu,0.618765752143
p.Cys280Lys,0.698343160092
p.Cys280Met,0.0698179182911
p.Cys280Phe,0.688296041191
p.Cys280Pro,0.728425273999
p.Cys280Ser,0.623256392201
p.Cys280Ter,0.660830882226
p.Cys280Thr,0.587856227067
p.Cys280Tyr,0.451544272944
p.Cys280Val,0.506718420969
p.Cys403Ala,0.0732553066422
p.Cys403Arg,0.70728085878
p.Cys403Gln,0.629082294631
p.Cys403Glu,0.57468307139
p.Cys403Gly,1.04855460586
p.Cys403Ile,-3.71300150878
p.Cys403Leu,0.854707923047
p.Cys403Lys,0.67655550623
p.Cys403Met,1.76305220438
p.Cys403Phe,0.725062531774
p.Cys403Ser,0.583287652298
p.Cys403Ter,0.67420893414
p.Cys403Tyr,1.74370987627
p.Cys403Val,-0.548300034937
p.Cys486Ala,0.727597479029
p.Cys486Arg,-0.106128941556
p.Cys486Gln,0.974532363977
p.Cys486Glu,1.51250817175
p.Cys486Gly,24.6719919623
p.Cys486Leu,-0.695597609315
p.Cys486Lys,-0.308375128409
p.Cys486Met,1.06191815083
p.Cys486Pro,-0.828111329534
p.Cys486Ser,0.453533064108
p.Cys486Thr,0.937839834057
p.Cys486Val,5.56216578378
p.Cys490Ala,0.425655930694
p.Cys490Arg,0.826404262967
p.Cys490Asp,0.536678987592
p.Cys490Gly,0.85905930656
p.Cys490Ile,0.780920741524
p.Cys490Leu,0.156838235751
p.Cys490Lys,0.701797853244
p.Cys490Met,0.932418980879
p.Cys490Ser,1.01292036042
p.Cys490Thr,2.49274418644
p.Cys490Val,0.194206489745
p.Cys499Ala,-1.33355306641
p.Cys499Arg,0.678572238583
p.Cys499Gln,0.648269317786
p.Cys499Gly,-1.15000274379
p.Cys499His,0.493151231034
p.Cys499Leu,-0.948761138574
p.Cys499Lys,-0.944443192667
p.Cys499Met,-1.85299831673
p.Cys499Pro,0.672195656897
p.Cys499Ser,1.51874836238
p.Cys499Thr,0.77866952551
p.Cys499Trp,0.809951774883
p.Cys499Tyr,0.122664099637
p.Cys499Val,0.800515886562
p.Cys501Ala,0.496249773668
p.Cys501Arg,0.80238525488
p.Cys501Asn,-2.65135389532
p.Cys501Asp,1.08227225887
p.Cys501Glu,0.763661544989
p.Cys501Gly,1.04023009546
p.Cys501Ile,1.17297913942
p.Cys501Leu,-4.72584626823
p.Cys501Met,-0.745155216924
p.Cys501Pro,0.628741300799
p.Cys501Ser,-2.17624283153
p.Cys501Thr,0.936444524789
p.Cys501Trp,0.634852446931
p.Cys501Val,-37.3560953219
p.Gln278Ala,2.19361974887
p.Gln278Arg,0.608713142187
p.Gln278Asn,0.425633514495
p.Gln278Asp,0.631717040625
p.Gln278Cys,1.13667873751
p.Gln278Glu,0.846261904913
p.Gln278Gly,0.556493070657
p.Gln278His,-4.5816303087
p.Gln278Ile,0.58669891358
p.Gln278Leu,0.554270147478
p.Gln278Lys,0.533923656617
p.Gln278Met,0.495124936254
p.Gln278Phe,0.515496100498
p.Gln278Pro,0.711554234198
p.Gln278Ser,0.142271952043
p.Gln278Ter,0.657156454634
p.Gln278Thr,0.766696615571
p.Gln278Tyr,0.494718029965
p.Gln278Val,0.688079373975
p.Gln312Arg,0.48847575755
p.Gln312Asn,0.27551597703
p.Gln312Asp,1.46349415482
p.Gln312Cys,0.761225685792
p.Gln312Glu,0.5749513591
p.Gln312Gly,0.213288346094
p.Gln312His,0.805412805628
p.Gln312Ile,0.804603067787
p.Gln312Leu,0.879975261272
p.Gln312Lys,0.670363880144
p.Gln312Met,-0.179064484393
p.Gln312Phe,0.25769665514
p.Gln312Pro,0.649793626857
p.Gln312Ser,0.645445401797
p.Gln312Ter,0.770201769716
p.Gln312Thr,0.63726319203
p.Gln312Trp,0.978073930566
p.Gln312Tyr,0.522133066585
p.Gln312Val,0.70491653654
p.Gln315Ala,0.433457180287
p.Gln315Arg,0.581705394876
p.Gln315Asn,0.115901599373
p.Gln315Asp,0.159835931059
p.Gln315Cys,0.37332186991
p.Gln315Glu,0.516565920348
p.Gln315Gly,-1.18988817139
p.Gln315His,3.76907618847
p.Gln315Ile,0.811364469753
p.Gln315Leu,0.757648746945
p.Gln315Lys,0.665001699258
p.Gln315Met,1.49803587313
p.Gln315Phe,0.913297787171
p.Gln315Pro,0.597850475211
p.Gln315Ser,2.84775149974
p.Gln315Thr,0.307319573048
p.Gln315Tyr,2.74879903597
p.Gln315Val,0.728317502638
p.Gln327Ala,-0.758951896937
p.Gln327Arg,0.265573680355
p.Gln327Asn,1.97904779078
p.Gln327Asp,1.32693476486
p.Gln327Glu,2.52937403414
p.Gln327Gly,0.574411687784
p.Gln327His,0.255511529254
p.Gln327Ile,1.34091189605
p.Gln327Leu,-1.02327774128
p.Gln327Lys,0.974973216176
p.Gln327Met,-1.19966955234
p.Gln327Phe,7.43962257015
p.Gln327Pro,-1.18168101953
p.Gln327Ser,0.831018934002
p.Gln327Ter,0.596541977007
p.Gln327Thr,0.362162559867
p.Gln327Tyr,0.794153334952
p.Gln327Val,8.52457385056
p.Gln365Met,3.92145872814
p.Gln365Ser,-1.59591229471
p.Gln372Ala,-2.62665069254
p.Gln372Gly,-2.61115400014
p.Gln372His,1.11160159417
p.Gln372Ile,0.823109675874
p.Gln372Leu,0.85421551334
p.Gln372Lys,0.0871685166747
p.Gln372Met,1.31703127622
p.Gln372Phe,1.32073851827
p.Gln372Pro,0.827761564308
p.Gln372Ser,-0.108192248742
p.Gln372Tyr,1.1219143238
p.Gln372Val,1.50609697117
p.Gln423Ala,0.364520945173
p.Gln423Arg,1.18921654978
p.Gln423Asn,0.488077783529
p.Gln423Asp,0.579191600321
p.Gln423Cys,-0.547858820546
p.Gln423Glu,1.58036035004
p.Gln423Gly,0.563186637074
p.Gln423His,0.280914864292
p.Gln423Ile,-0.0339381061241
p.Gln423Leu,0.782017559496
p.Gln423Lys,0.61740146018
p.Gln423Met,0.719510346206
p.Gln423Pro,0.568632601446
p.Gln423Ser,0.185716889611
p.Gln423Ter,0.695030915347
p.Gln423Thr,0.850257106917
p.Gln423Tyr,-0.880432566492
p.Gln423Val,0.204764025914
p.Gln477Ala,0.612138160105
p.Gln477Arg,0.0913680664862
p.Gln477Asn,0.0438120687861
p.Gln477Asp,-2.24381457619
p.Gln477Glu,-0.0899236754647
p.Gln477Gly,3.3715855942
p.Gln477His,3.57352385525
p.Gln477Ile,0.797674898166
p.Gln477Leu,0.713348046689
p.Gln477Lys,-0.0266064721677
p.Gln477Met,0.58781919939
p.Gln477Phe,0.128219736842
p.Gln477Pro,0.505042217978
p.Gln477Ser,8.85149264741
p.Gln477Ter,0.658478880058
p.Gln477Thr,-0.542477663944
p.Gln477Trp,0.876481113602
p.Gln477Tyr,0.71462702583
p.Gln477Val,0.701588965452
p.Gln500Ala,2.00089936983
p.Gln500Arg,-0.968783665413
p.Gln500Asn,0.700494823007
p.Gln500Asp,0.0730920260359
p.Gln500Cys,0.551355028174
p.Gln500Glu,-1.03748590662
p.Gln500Gly,-1.03511139647
p.Gln500His,-0.116129812009
p.Gln500Ile,-0.267556688294
p.Gln500Leu,0.592456634031
p.Gln500Lys,1.14424857384
p.Gln500Met,-0.875580882054
p.Gln500Phe,0.0960210422436
p.Gln500Pro,0.850897593433
p.Gln500Ser,-3.65772807924
p.Gln500Ter,0.698751683501
p.Gln500Thr,0.0459931747391
p.Gln500Trp,0.269427093254
p.Gln500Tyr,0.226008774803
p.Gln500Val,-0.141704184608
p.Gln516Ala,1.39714142601
p.Gln516Arg,-0.148928606755
p.Gln516Asp,0.984220522835
p.Gln516Cys,3.67714432925
p.Gln516Gly,0.311874340436
p.Gln516His,0.543890019098
p.Gln516Ile,0.507294908588
p.Gln516Leu,1.18089415026
p.Gln516Lys,-0.0164901426207
p.Gln516Met,0.374802855029
p.Gln516Pro,-0.0963972076202
p.Gln516Ser,0.0566591187937
p.Gln516Thr,1.87528289694
p.Gln516Val,0.304354373973
p.Glu273Ala,1.36631855417
p.Glu273Arg,1.93091426725
p.Glu273Asn,1.45541244803
p.Glu273Asp,0.250245530945
p.Glu273Cys,0.950138738936
p.Glu273Gly,0.647491379925
p.Glu273Ile,-0.0122796496442
p.Glu273Leu,0.339168540704
p.Glu273Met,0.344451569118
p.Glu273Pro,1.13162481136
p.Glu273Ser,0.746235417769
p.Glu273Thr,1.67446041333
p.Glu283Ala,0.337499650978
p.Glu283Asp,0.359144554829
p.Glu283Gln,0.742013101171
p.Glu283Gly,0.75389755469
p.Glu283Leu,0.879310368498
p.Glu283Lys,1.05704790984
p.Glu283Met,0.745895790317
p.Glu283Pro,0.697670139892
p.Glu283Thr,1.10877306845
p.Glu283Val,1.25849399538
p.Glu308Ala,0.585654948174
p.Glu308Arg,0.506637086309
p.Glu308Asp,-0.320807313825
p.Glu308Cys,-2.49888234954
p.Glu308Gly,2.78644037715
p.Glu308His,-0.300337609243
p.Glu308Leu,0.527178444686
p.Glu308Lys,-2.50430385149
p.Glu308Met,2.85643434348
p.Glu308Phe,-0.770041094791
p.Glu308Pro,0.763026029785
p.Glu308Ser,-0.113445288484
p.Glu308Thr,2.2602421759
p.Glu308Val,1.54691206314
p.Glu313Ala,0.630159337197
p.Glu313Arg,0.686830153499
p.Glu313Asn,0.678330230138
p.Glu313Asp,0.510295734705
p.Glu313Gly,0.623710265643
p.Glu313His,0.720930612533
p.Glu313Ile,0.591006084011
p.Glu313Leu,0.647337254995
p.Glu313Lys,0.572997498754
p.Glu313Met,0.656644500538
p.Glu313Phe,0.769395586838
p.Glu313Pro,0.542714887856
p.Glu313Ser,0.647340641697
p.Glu313Thr,0.646290367067
p.Glu313Tyr,0.570646604525
p.Glu313Val,0.570254031554
p.Glu323Ala,-1.70767571495
p.Glu323Arg,0.242055626779
p.Glu323Asn,0.605041358059
p.Glu323Asp,-4.5013802171
p.Glu323Cys,-9.38021473707
p.Glu323Gly,2.44702589967
p.Glu323His,-0.435416175316
p.Glu323Ile,-4.45781815045
p.Glu323Leu,-4.40936293426
p.Glu323Lys,0.17495510972
p.Glu323Phe,-1.51508611155
p.Glu323Pro,0.704669573694
p.Glu323Ser,0.101980569557
p.Glu323Ter,0.647957817239
p.Glu323Thr,-0.794238168282
p.Glu323Trp,-0.667452900885
p.Glu323Tyr,-0.887400860376
p.Glu323Val,-1.55502623007
p.Glu334Ala,-0.856628585391
p.Glu334Arg,1.35105514435
p.Glu334Asn,-1.45069142015
p.Glu334Cys,-0.0873691622059
p.Glu334Gln,3.4657062511
p.Glu334Gly,0.978678597632
p.Glu334His,2.22365633282
p.Glu334Ile,1.00314851409
p.Glu334Leu,1.43878476687
p.Glu334Lys,1.63042092062
p.Glu334Phe,0.378804577565
p.Glu334Pro,1.90822381715
p.Glu334Ser,0.416803056098
p.Glu334Ter,0.738902422542
p.Glu334Thr,1.32230159738
p.Glu334Trp,10.3429068197
p.Glu334Tyr,1.37036020371
p.Glu334Val,1.18495694115
p.Glu335Ala,1.10402478479
p.Glu335Arg,0.918328294482
p.Glu335Asn,0.522481661363
p.Glu335Asp,1.2203576848
p.Glu335Cys,1.21766946233
p.Glu335Gly,-0.850736404971
p.Glu335Ile,1.15999214793
p.Glu335Leu,1.05525281072
p.Glu335Lys,0.729365840261
p.Glu335Met,3.04592911826
p.Glu335Pro,1.59405493392
p.Glu335Ser,0.681077187683
p.Glu335Ter,0.678573324307
p.Glu335Thr,0.644315797986
p.Glu335Val,1.18184111663
p.Glu342Leu,0.79158547335
p.Glu356Ala,0.152550688127
p.Glu356Arg,0.519699421517
p.Glu356Asp,0.429605898925
p.Glu356Cys,0.35616893121
p.Glu356Gln,9.06832278259
p.Glu356Gly,0.513697648849
p.Glu356His,0.169500071346
p.Glu356Ile,-0.202804286212
p.Glu356Leu,-0.214934579366
p.Glu356Lys,0.406420675063
p.Glu356Met,0.274411885857
p.Glu356Phe,0.0112513459017
p.Glu356Pro,1.06141080456
p.Glu356Ser,0.446928704856
p.Glu356Ter,0.740730671079
p.Glu356Thr,0.0411986067579
p.Glu356Trp,0.601957418993
p.Glu356Tyr,-0.245964968064
p.Glu356Val,0.31059064838
p.Glu381Arg,0.455193708539
p.Glu381Gly,1.31488522835
p.Glu381Leu,-0.168103053527
p.Glu381Met,0.552670522768
p.Glu381Pro,0.839644996981
p.Glu381Ser,0.799335835228
p.Glu381Thr,0.77451653377
p.Glu381Tyr,0.418577959165
p.Glu381Val,0.378016189791
p.Glu399Cys,0.69359504559
p.Glu399His,0.249610187265
p.Glu399Ile,-0.775214747698
p.Glu399Met,-0.499944754822
p.Glu399Pro,0.351137839475
p.Glu399Ser,0.7836011161
p.Glu399Thr,0.395448314105
p.Glu399Tyr,-0.447099761177
p.Glu399Val,-0.312385182973
p.Glu415Arg,2.2607059574
p.Glu415Asp,0.311210922575
p.Glu415Cys,1.202833492
p.Glu415Gln,0.329519356721
p.Glu415Gly,1.08056302825
p.Glu415His,1.20788969866
p.Glu415Ile,10.0709792021
p.Glu415Leu,1.69098826065
p.Glu415Pro,-2.78801288218
p.Glu415Ser,0.483731307018
p.Glu415Tyr,0.632919389441
p.Glu418Ala,0.159968142235
p.Glu418Arg,0.48759360638
p.Glu418Asn,0.262934844331
p.Glu418Asp,0.550275715145
p.Glu418Gln,0.841765203599
p.Glu418His,0.807445362348
p.Glu418Ile,0.133870197203
p.Glu418Leu,1.08489492299
p.Glu418Lys,0.747747174961
p.Glu418Met,1.21443581119
p.Glu418Phe,0.408938177651
p.Glu418Pro,0.649654776618
p.Glu418Ser,0.567446945326
p.Glu418Ter,0.698707187512
p.Glu418Tyr,-0.0474987304166
p.Glu418Val,0.532905538783
p.Glu435Gly,0.787337221069
p.Glu435His,1.16758334148
p.Glu435Leu,0.621703695064
p.Glu435Phe,0.575402806174
p.Glu435Thr,0.970788103135
p.Glu435Tyr,0.696638038181
p.Glu435Val,0.661460152518
p.Glu457Arg,0.591408961617
p.Glu457Cys,0.707070113631
p.Glu457Gln,0.702977282835
p.Glu457Gly,0.603805702146
p.Glu457Leu,0.735651107642
p.Glu457Met,0.780266519385
p.Glu457Phe,0.854536050719
p.Glu457Pro,0.729753466623
p.Glu457Ser,0.699937868704
p.Glu457Thr,0.606490498505
p.Glu457Val,0.650386531309
p.Glu473Gly,0.398592192019
p.Glu473Leu,1.67560568446
p.Glu473Thr,0.0200143029029
p.Glu479Ala,-0.443247377627
p.Glu479Arg,0.993584932248
p.Glu479Asn,0.257949191125
p.Glu479Asp,0.456631773645
p.Glu479Cys,-0.0442937085769
p.Glu479Gln,0.583322224878
p.Glu479Gly,0.691444015157
p.Glu479His,0.234494899196
p.Glu479Ile,1.33696835568
p.Glu479Leu,0.631490089249
p.Glu479Lys,-0.667213490066
p.Glu479Met,0.69463690415
p.Glu479Phe,-1.72577485764
p.Glu479Pro,0.24065781003
p.Glu479Ser,1.1991245245
p.Glu479Ter,0.7184045103
p.Glu479Thr,1.13641912242
p.Glu479Tyr,0.60308103545
p.Glu479Val,1.03318274136
p.Glu489Arg,-0.456421868156
p.Glu489Asn,1.04869021976
p.Glu489Asp,0.175456111149
p.Glu489Cys,-8.37676671493
p.Glu489Gly,29.9991336263
p.Glu489Ile,0.455488835527
p.Glu489Leu,1.34898982966
p.Glu489Met,1.27824955218
p.Glu489Pro,0.695097390134
p.Glu489Ser,1.53981959347
p.Glu489Thr,0.369337261737
p.Glu489Tyr,-0.895747188748
p.Glu489Val,1.18762768979
p.Glu492Ala,0.906056953074
p.Glu492Asn,-3.24825350836
p.Glu492Gly,2.53715369973
p.Glu492Lys,2.11686845985
p.Glu492Met,-0.83234225994
p.Glu492Phe,0.34298036086
p.Glu492Pro,0.42009696236
p.Glu492Ter,0.725791001084
p.Glu492Thr,1.31894786873
p.Glu492Tyr,0.169602024329
p.Glu492Val,-0.894927821618
p.Glu505Ala,0.173420301102
p.Glu505Arg,1.07612808535
p.Glu505Asn,1.12147100722
p.Glu505Asp,-1.11277813681
p.Glu505Cys,0.386560627288
p.Glu505Gln,0.318817776517
p.Glu505Gly,-0.802887497033
p.Glu505His,0.269728810498
p.Glu505Ile,-0.333413849045
p.Glu505Leu,0.0417814878262
p.Glu505Lys,0.0622010152061
p.Glu505Met,-0.382120466243
p.Glu505Phe,9.18139846864
p.Glu505Pro,-0.476237373786
p.Glu505Ser,0.413845253321
p.Glu505Ter,0.642373766905
p.Glu505Thr,-0.248388754525
p.Glu505Trp,0.999398520795
p.Glu505Tyr,0.619385227036
p.Glu505Val,0.462519955217
p.Glu507Ala,-0.603216105199
p.Glu507Arg,0.661779790587
p.Glu507Asn,-0.949818869538
p.Glu507Asp,0.617481284401
p.Glu507Cys,-0.728540277614
p.Glu507Gln,0.606022800732
p.Glu507Gly,0.0571892871838
p.Glu507His,-1.58967001939
p.Glu507Leu,-0.312911700146
p.Glu507Met,1.84214994274
p.Glu507Pro,-0.146867185752
p.Glu507Ser,-0.304852106682
p.Glu507Ter,0.669586808073
p.Glu507Thr,2.19155971253
p.Glu507Trp,0.583462931323
p.Glu507Val,0.467494513673
p.Glu508Ala,0.714355035052
p.Glu508Arg,0.419037763599
p.Glu508Asn,0.0340233921089
p.Glu508Asp,0.62119358165
p.Glu508Cys,-0.164982920781
p.Glu508Gln,0.153337900695
p.Glu508Gly,0.0403548026098
p.Glu508His,0.620946412688
p.Glu508Ile,-0.0799458225037
p.Glu508Leu,0.75074183961
p.Glu508Lys,0.67912518967
p.Glu508Met,0.74993644854
p.Glu508Phe,0.868390077305
p.Glu508Pro,-0.0594959730506
p.Glu508Ser,-0.815005966587
p.Glu508Ter,0.645335622596
p.Glu508Thr,-0.176382818616
p.Glu508Trp,0.373839735403
p.Glu508Tyr,0.588191678434
p.Glu508Val,-0.396689187547
p.Glu513Ala,0.556990108734
p.Glu513Arg,0.905876429909
p.Glu513Asn,0.377031034503
p.Glu513Asp,0.465425529979
p.Glu513Cys,2.04956641941
p.Glu513Gln,0.0405404736994
p.Glu513Gly,-0.0929106407299
p.Glu513His,-1.15703297269
p.Glu513Ile,-0.295984503859
p.Glu513Leu,0.683090000288
p.Glu513Lys,-3.97841176765
p.Glu513Met,-0.493066204412
p.Glu513Phe,0.563532558282
p.Glu513Pro,0.251955448997
p.Glu513Ser,0.503448434957
p.Glu513Thr,0.350782037426
p.Glu513Trp,0.440195727769
p.Glu513Val,-0.0484980954964
p.Gly277Ala,0.218624619301
p.Gly277Arg,0.638561692717
p.Gly277Asn,0.734847516456
p.Gly277Asp,-0.0644117167757
p.Gly277Gln,0.551547856636
p.Gly277Ile,0.780106944304
p.Gly277Leu,0.58642314353
p.Gly277Lys,0.708984477877
p.Gly277Met,0.667708525514
p.Gly277Pro,0.0656065620279
p.Gly277Ser,0.613678043088
p.Gly277Ter,0.645731159444
p.Gly277Val,0.61015511946
p.Gly279Ala,0.609591629036
p.Gly279Arg,0.795722101658
p.Gly279Asp,0.689210055498
p.Gly279His,0.774967473416
p.Gly279Ile,0.654970664014
p.Gly279Leu,0.606600497362
p.Gly279Lys,0.590022866841
p.Gly279Met,0.754848788312
p.Gly279Phe,0.708893082027
p.Gly279Pro,0.726500954423
p.Gly279Ser,0.629735976491
p.Gly279Thr,0.662073042077
p.Gly279Trp,0.703815221786
p.Gly279Tyr,0.673201066251
p.Gly279Val,0.660410029144
p.Gly282Ala,0.445081701086
p.Gly282Arg,0.766495307346
p.Gly282Asn,0.71119762654
p.Gly282Asp,0.711691262874
p.Gly282Ile,0.613528665072
p.Gly282Leu,0.699782900518
p.Gly282Lys,0.622313863688
p.Gly282Phe,0.685833285971
p.Gly282Pro,0.82935004652
p.Gly282Ser,0.730810951315
p.Gly282Tyr,0.881426651097
p.Gly282Val,0.597373749871
p.Gly287Ala,-0.0575102692964
p.Gly287Arg,0.668983693232
p.Gly287Asn,0.622803012687
p.Gly287Asp,0.774866738168
p.Gly287Cys,2.13141067191
p.Gly287Gln,0.878012906613
p.Gly287Glu,0.621444943413
p.Gly287His,0.692192525637
p.Gly287Ile,0.674719116579
p.Gly287Leu,0.654291316869
p.Gly287Lys,0.657708514615
p.Gly287Met,6.6094226954
p.Gly287Phe,1.57537586459
p.Gly287Pro,0.664981421747
p.Gly287Ser,0.277922624839
p.Gly287Ter,0.686980947742
p.Gly287Thr,1.97290372988
p.Gly287Tyr,-1.21027726686
p.Gly287Val,0.731024780901
p.Gly291Ala,2.7277223418
p.Gly291Arg,4.18122494174
p.Gly291Asn,10.0878864554
p.Gly291Asp,1.01896271384
p.Gly291Cys,0.415118838007
p.Gly291Gln,9.6601601044
p.Gly291Glu,-10.761698649
p.Gly291His,1.58385579103
p.Gly291Ile,-4.16983584113
p.Gly291Leu,6.91612081261
p.Gly291Lys,0.571838657563
p.Gly291Met,2.62014214495
p.Gly291Phe,1.30016041601
p.Gly291Pro,1.11270071137
p.Gly291Ser,5.90879626216
p.Gly291Trp,1.96648806558
p.Gly291Tyr,1.06206430847
p.Gly291Val,1.45849700743
p.Gly303Leu,-41.6966808219
p.Gly347Ala,0.743765423795
p.Gly347Arg,-2.50365135752
p.Gly347Asn,-0.38344580361
p.Gly347Asp,0.869243735192
p.Gly347Cys,0.652542997401
p.Gly347Gln,0.663249548867
p.Gly347Glu,0.712241480581
p.Gly347Ile,0.756628216693
p.Gly347Leu,-1.27725638573
p.Gly347Lys,3.92322699623
p.Gly347Met,0.569113153679
p.Gly347Phe,0.336198372242
p.Gly347Pro,0.650268022178
p.Gly347Ser,4.20679509266
p.Gly347Ter,0.700441047908
p.Gly347Thr,0.517909730187
p.Gly347Trp,0.554281529784
p.Gly347Tyr,0.558381517484
p.Gly347Val,0.654651102535
p.Gly355Ala,0.25462682857
p.Gly355Arg,-1.60732949559
p.Gly355Asn,0.388116468266
p.Gly355Asp,0.661385288817
p.Gly355Cys,1.3929596711
p.Gly355Gln,0.371038105168
p.Gly355Glu,-96.9751492508
p.Gly355His,0.0305081961486
p.Gly355Ile,2.12002140836
p.Gly355Leu,2.26960091979
p.Gly355Lys,9.91081322594
p.Gly355Met,0.231736601309
p.Gly355Phe,0.558988955196
p.Gly355Pro,6.05152678204
p.Gly355Ser,1.14342454762
p.Gly355Ter,0.675248623596
p.Gly355Thr,4.45460653699
p.Gly355Trp,-0.343851146943
p.Gly355Tyr,0.312139276628
p.Gly355Val,1.04232902219
p.Gly358Trp,-3.00776391263
p.Gly358Val,-1.02328401279
p.Gly376Arg,0.640111685629
p.Gly376Asp,0.43715994133
p.Gly376Gln,0.665592968345
p.Gly376Glu,0.609764737473
p.Gly376Leu,0.674210930926
p.Gly376Lys,0.662561131436
p.Gly376Phe,0.565317834546
p.Gly376Pro,0.646619075699
p.Gly376Ser,0.730287626803
p.Gly376Ter,0.67820209835
p.Gly376Thr,0.626973294997
p.Gly376Trp,0.642555953025
p.Gly376Val,0.583680171071
p.Gly398Ala,0.685122430377
p.Gly398Arg,-1.04846158966
p.Gly398Asn,0.124693909152
p.Gly398Asp,0.598313558949
p.Gly398Glu,1.15567857591
p.Gly398His,-0.980467587569
p.Gly398Ile,0.688527240609
p.Gly398Leu,1.59278068869
p.Gly398Met,-5.25450096611
p.Gly398Phe,0.796567992334
p.Gly398Pro,1.0623490089
p.Gly398Ser,0.506834875226
p.Gly398Ter,0.704102486323
p.Gly398Thr,0.622795266214
p.Gly398Trp,0.275008228978
p.Gly398Tyr,0.953448149871
p.Gly398Val,0.865755153431
p.Gly409Ala,0.628814753815
p.Gly409Arg,0.687786143188
p.Gly409Asn,0.61276492961
p.Gly409Asp,0.701072760251
p.Gly409Gln,0.676024882686
p.Gly409Glu,0.617649227792
p.Gly409His,0.594700017398
p.Gly409Ile,0.622217065929
p.Gly409Leu,0.617413722562
p.Gly409Lys,0.506543256758
p.Gly409Met,0.593238672689
p.Gly409Phe,0.550217969315
p.Gly409Pro,0.539236034415
p.Gly409Ser,0.697564060961
p.Gly409Ter,0.632601482592
p.Gly409Thr,0.760696392238
p.Gly409Trp,0.535716635619
p.Gly409Val,0.800761942647
p.Gly424Ala,0.633910226882
p.Gly424Arg,0.736117851642
p.Gly424Asn,0.565026541597
p.Gly424Asp,0.665902280901
p.Gly424Gln,0.32128891346
p.Gly424Glu,0.598041144299
p.Gly424Ile,0.615592002283
p.Gly424Leu,0.783336528905
p.Gly424Lys,0.609336325281
p.Gly424Met,0.589530201836
p.Gly424Pro,0.637629954915
p.Gly424Ser,0.357808560926
p.Gly424Thr,0.539404979456
p.Gly424Tyr,1.01864844218
p.Gly424Val,0.614288969077
p.Gly440Ala,0.693009653805
p.Gly440Arg,1.21680756255
p.Gly440Asn,0.679962865556
p.Gly440Asp,0.714556989595
p.Gly440Cys,0.657160660571
p.Gly440Gln,0.900514789502
p.Gly440Glu,0.440655531642
p.Gly440His,-8.55196940674
p.Gly440Ile,0.813725106319
p.Gly440Leu,-0.139202613384
p.Gly440Lys,0.677008127441
p.Gly440Met,-0.451119613641
p.Gly440Phe,-0.705982877884
p.Gly440Pro,0.639449762671
p.Gly440Ser,0.628859726239
p.Gly440Ter,0.701815328487
p.Gly440Thr,0.541630546853
p.Gly440Trp,15.3674969855
p.Gly440Tyr,-0.0421810512902
p.Gly440Val,0.836227398286
p.Gly452Asn,0.620301908733
p.Gly452Ile,0.798036210827
p.Gly452Lys,0.667546792386
p.Gly462Ser,1.69436444602
p.Gly468Ala,-0.0559725138389
p.Gly468Asp,0.374592203293
p.Gly468Cys,0.535281739179
p.Gly468Thr,0.778178329806
p.Gly468Tyr,0.0772862023504
p.Gly468Val,0.938283457873
p.Gly481Ala,0.950177328249
p.Gly481Arg,0.893867930435
p.Gly481Asn,-1.64966862368
p.Gly481Asp,0.999736567373
p.Gly481Cys,0.705667971838
p.Gly481Gln,0.687979406237
p.Gly481Glu,0.872416518095
p.Gly481His,0.746900224107
p.Gly481Ile,0.676932280664
p.Gly481Leu,0.839687784388
p.Gly481Lys,0.679922082387
p.Gly481Met,0.742951786551
p.Gly481Phe,0.745483860627
p.Gly481Pro,0.681997087613
p.Gly481Ser,1.07924792545
p.Gly481Ter,0.653100953275
p.Gly481Thr,0.6897935309
p.Gly481Trp,0.648667970614
p.Gly481Tyr,0.905879598216
p.Gly481Val,0.685086316338
p.His322Ile,0.687812615561
p.His387Ala,0.659889754206
p.His387Arg,0.652402226637
p.His387Cys,0.66786705699
p.His387Gln,0.659669730344
p.His387Gly,0.494725090497
p.His387Leu,0.707568180145
p.His387Met,0.53848621648
p.His387Phe,0.648974544691
p.His387Thr,0.615701137046
p.His387Tyr,0.711319343329
p.His387Val,0.645958135724
p.His495Ala,-1.20385731359
p.His495Arg,-1.28521847012
p.His495Asn,-0.648974885126
p.His495Asp,21.9497098336
p.His495Cys,0.826809200452
p.His495Gln,1.85948310439
p.His495Glu,2.16649709202
p.His495Gly,5.50891970272
p.His495Ile,0.830319293168
p.His495Leu,0.752524513045
p.His495Lys,-0.609418315396
p.His495Met,2.87691352646
p.His495Pro,0.676709273527
p.His495Ser,-0.63851095307
p.His495Ter,0.846432621128
p.His495Thr,2.10876413521
p.His495Trp,-13.4340656914
p.His495Tyr,0.367896085299
p.His495Val,1.27364500197
p.Ile297Arg,0.759095431824
p.Ile297Asn,0.52360829335
p.Ile297Asp,0.598322354362
p.Ile297Cys,3.4235764494
p.Ile297Gly,-1.62893739818
p.Ile297His,0.578061086477
p.Ile297Leu,0.506178380965
p.Ile297Phe,1.66581248905
p.Ile297Pro,0.659831558019
p.Ile297Ser,-0.720940133122
p.Ile297Ter,0.760246019087
p.Ile297Thr,0.718249184566
p.Ile297Tyr,-11.3410700901
p.Ile297Val,1.66330780187
p.Ile337Asn,1.64483857192
p.Ile337Gln,0.169932254336
p.Ile337Gly,-3.55456670012
p.Ile337Lys,0.400101124643
p.Ile337Met,1.38899574518
p.Ile337Pro,0.998470575807
p.Ile337Ser,-6.88905046342
p.Ile337Val,0.333896127985
p.Ile339Ala,0.543334976166
p.Ile339Arg,0.650685216023
p.Ile339Asn,0.609222479018
p.Ile339Asp,0.610499334182
p.Ile339Cys,0.64667785545
p.Ile339Gln,0.427270310197
p.Ile339Glu,0.617358016479
p.Ile339Gly,0.727789415948
p.Ile339His,1.10717996927
p.Ile339Leu,0.739518548913
p.Ile339Lys,0.637776169326
p.Ile339Met,0.643418134465
p.Ile339Phe,0.637204992782
p.Ile339Pro,0.584067497987
p.Ile339Ser,0.65843999134
p.Ile339Ter,0.667179302948
p.Ile339Thr,0.582570551207
p.Ile339Trp,0.621269137276
p.Ile339Tyr,0.690809320605
p.Ile339Val,0.654738089825
p.Ile373Ala,0.388552991003
p.Ile373Arg,0.587986287722
p.Ile373Asp,0.619762317257
p.Ile373Cys,1.39917169229
p.Ile373Glu,0.799121145066
p.Ile373Gly,0.973953796622
p.Ile373Leu,0.569661838413
p.Ile373Lys,0.566100305355
p.Ile373Pro,0.697929808031
p.Ile373Ser,2.23956957904
p.Ile373Val,-1.10031429928
p.Ile395Arg,0.711525742107
p.Ile395Asp,0.703976642971
p.Ile395Cys,-0.420741611615
p.Ile395Leu,0.611474096464
p.Ile395Met,1.31600566062
p.Ile395Phe,0.634875485448
p.Ile395Ser,0.796729251221
p.Ile395Ter,0.687811197499
p.Ile395Trp,0.753162835221
p.Ile395Tyr,0.652515183447
p.Ile395Val,0.838785376329
p.Ile414Arg,0.794289243126
p.Ile414Ser,0.388595859288
p.Ile414Val,-2.42884188117
p.Ile429Ala,-0.101131300242
p.Ile429Asn,0.882381678711
p.Ile429Asp,0.8440244813
p.Ile429Gly,0.614223560212
p.Ile429His,0.820060780194
p.Ile429Leu,0.425189843951
p.Ile429Lys,0.657500199514
p.Ile429Phe,0.24287929403
p.Ile429Pro,0.568210197919
p.Ile429Ser,0.580462202947
p.Ile429Thr,0.580643464326
p.Ile429Tyr,-2.91151479239
p.Ile429Val,0.584783679652
p.Ile444Ala,0.63071949388
p.Ile444Arg,0.380642354884
p.Ile444Asn,0.195014272061
p.Ile444Asp,0.236365267395
p.Ile444Cys,0.109721644992
p.Ile444Gln,0.240296468935
p.Ile444Glu,0.303859381411
p.Ile444Gly,0.246151776458
p.Ile444His,0.558085916788
p.Ile444Leu,0.0813400323844
p.Ile444Lys,0.559198722285
p.Ile444Met,0.410108423464
p.Ile444Phe,-0.0691981045071
p.Ile444Pro,0.497052138497
p.Ile444Ser,0.369898637717
p.Ile444Ter,0.738977461879
p.Ile444Thr,0.247611207775
p.Ile444Tyr,0.709503869492
p.Ile444Val,0.55893178167
p.Ile453Ala,1.1878542546
p.Ile453Arg,0.63807303936
p.Ile453Cys,-7.88803432935
p.Ile453Gln,0.671130658999
p.Ile453His,0.62292238374
p.Ile453Leu,0.919223116454
p.Ile453Lys,0.619007007442
p.Ile453Met,0.551015397205
p.Ile453Phe,0.598781420663
p.Ile453Pro,0.649663849961
p.Ile453Ser,0.720542772292
p.Ile453Thr,0.574753912746
p.Ile453Trp,0.518115687832
p.Ile453Tyr,4.87315787266
p.Ile453Val,-0.253378125893
p.Leu270Glu,0.60099739902
p.Leu270Gly,0.68632885856
p.Leu270Phe,0.555432157547
p.Leu270Thr,2.97015266117
p.Leu270Val,0.947734369216
p.Leu276Arg,-5.31392807338
p.Leu276Asp,-1.24442411641
p.Leu276Glu,-0.979998955173
p.Leu276Gly,1.17982586537
p.Leu276Phe,1.05231412765
p.Leu276Ter,0.691541818338
p.Leu276Thr,0.815001617698
p.Leu276Tyr,-1.56980073842
p.Leu300Ala,1.886875551
p.Leu300Arg,1.37387943662
p.Leu300Asn,2.78866731283
p.Leu300Asp,2.5114869753
p.Leu300Cys,-0.499655784107
p.Leu300Gln,0.346674032786
p.Leu300Glu,1.23767776359
p.Leu300Gly,0.335433233994
p.Leu300His,0.586273986737
p.Leu300Ile,0.641129870643
p.Leu300Lys,1.58020481823
p.Leu300Met,0.939621526516
p.Leu300Phe,0.671408394785
p.Leu300Pro,0.744870241737
p.Leu300Ser,-2.220994063
p.Leu300Ter,0.699478220954
p.Leu300Thr,-0.0127749429999
p.Leu300Trp,0.666482317705
p.Leu300Tyr,0.633507872845
p.Leu300Val,0.756467446538
p.Leu311Ala,0.719003964379
p.Leu311Arg,0.592282456793
p.Leu311Asn,0.604849803261
p.Leu311Asp,0.800093864165
p.Leu311Glu,0.712822569656
p.Leu311Gly,0.653870826792
p.Leu311Ile,0.639077531779
p.Leu311Lys,0.695316943437
p.Leu311Met,0.361159383992
p.Leu311Phe,0.52631823076
p.Leu311Pro,0.530437446301
p.Leu311Ser,0.69495066423
p.Leu311Thr,0.736004493884
p.Leu311Trp,-7.70480824768
p.Leu311Tyr,1.62547188077
p.Leu320Ala,0.657693626403
p.Leu320Arg,0.652363502109
p.Leu320Asn,0.171047787511
p.Leu320Asp,0.628546640077
p.Leu320Cys,0.614452445213
p.Leu320Gln,0.488297784333
p.Leu320Glu,0.69344440558
p.Leu320Gly,0.630979542213
p.Leu320His,0.576949479516
p.Leu320Ile,0.617623697931
p.Leu320Lys,0.770541207427
p.Leu320Met,0.587957798162
p.Leu320Phe,0.399243851472
p.Leu320Pro,0.619288092051
p.Leu320Ser,0.619789732667
p.Leu320Ter,0.788062326061
p.Leu320Thr,0.637771785051
p.Leu320Trp,0.732074417758
p.Leu320Tyr,0.637556120809
p.Leu320Val,0.701727773088
p.Leu325Ala,-0.201674844369
p.Leu325Arg,0.697870795646
p.Leu325Asn,2.10796817871
p.Leu325Asp,0.69119298876
p.Leu325Cys,-0.193772554997
p.Leu325Gln,0.569644470793
p.Leu325Glu,0.618442603138
p.Leu325Gly,0.700376960551
p.Leu325His,0.993986660799
p.Leu325Ile,1.39953362264
p.Leu325Lys,1.16252031649
p.Leu325Met,4.08739288795
p.Leu325Phe,0.871982765897
p.Leu325Pro,0.769077614284
p.Leu325Ser,-1.0402270827
p.Leu325Ter,0.764314016658
p.Leu325Thr,0.125222977436
p.Leu325Tyr,0.644817489894
p.Leu325Val,0.944015671125
p.Leu328Asn,0.692788134371
p.Leu328His,0.645785932952
p.Leu328Ile,0.475253435894
p.Leu328Met,0.461594685194
p.Leu328Phe,0.825086757287
p.Leu328Pro,0.621625685493
p.Leu328Tyr,0.898478749179
p.Leu328Val,0.685905702655
p.Leu349Ala,-0.0464149303771
p.Leu349Arg,0.657120299851
p.Leu349Asn,0.769829422599
p.Leu349Asp,0.700601431153
p.Leu349Cys,-0.006813433414
p.Leu349Gly,-0.69335696218
p.Leu349His,0.654177333058
p.Leu349Ile,-0.116136562091
p.Leu349Lys,0.612153765932
p.Leu349Met,-0.300042256397
p.Leu349Phe,3.09637249602
p.Leu349Pro,0.748420458903
p.Leu349Ser,-2.0350666191
p.Leu349Ter,0.693696330405
p.Leu349Thr,-6.56721169811
p.Leu349Trp,0.873424524196
p.Leu349Tyr,1.91922494688
p.Leu349Val,-0.134781254431
p.Leu350Ala,0.538958185455
p.Leu350Arg,0.598082115371
p.Leu350Asn,0.313627946028
p.Leu350Asp,0.468427765941
p.Leu350Gln,1.54668336095
p.Leu350Gly,0.304742661907
p.Leu350Ile,1.14182949833
p.Leu350Met,0.34321313914
p.Leu350Phe,0.68242996536
p.Leu350Pro,0.708270486105
p.Leu350Ser,0.484741971564
p.Leu350Thr,0.559176215265
p.Leu350Tyr,0.884460669699
p.Leu350Val,-0.0458892039303
p.Leu353Ala,7.0946861531
p.Leu353Arg,0.732266352901
p.Leu353Asn,0.612362348481
p.Leu353Asp,0.560985772511
p.Leu353Cys,-0.125653899864
p.Leu353Gln,1.2129779274
p.Leu353Glu,0.714932808355
p.Leu353Gly,0.682929067341
p.Leu353His,0.648775327875
p.Leu353Ile,4.49991040046
p.Leu353Lys,0.669094942741
p.Leu353Phe,1.00630137268
p.Leu353Pro,0.612593000709
p.Leu353Ser,-8.07380990608
p.Leu353Ter,0.690377331059
p.Leu353Thr,0.817868214207
p.Leu353Trp,1.08564642681
p.Leu353Tyr,0.972029165287
p.Leu353Val,0.0483334958154
p.Leu361Ala,0.936084717876
p.Leu361Arg,2.33198341344
p.Leu361Glu,4.55050122219
p.Leu361Gly,1.34599280126
p.Leu361His,1.97236225899
p.Leu361Ile,-0.0863688068827
p.Leu361Met,0.319433877517
p.Leu361Phe,-0.314022244407
p.Leu361Pro,0.81203755282
p.Leu361Ser,-0.807069982151
p.Leu361Thr,6.6846548537
p.Leu361Tyr,-18.1703646391
p.Leu363Ala,1.18391509475
p.Leu363Arg,1.58507385495
p.Leu363Asn,0.880460178996
p.Leu363Asp,0.788368042295
p.Leu363Cys,1.14994832516
p.Leu363Gln,0.860145365406
p.Leu363Glu,0.83370283145
p.Leu363Gly,0.767204196008
p.Leu363His,-0.0151067914014
p.Leu363Ile,0.807250607499
p.Leu363Lys,0.673443278289
p.Leu363Met,0.607819083764
p.Leu363Phe,0.896581325544
p.Leu363Pro,0.784861922236
p.Leu363Ser,0.797888225372
p.Leu363Thr,0.737357033947
p.Leu363Tyr,0.724821101614
p.Leu363Val,0.597277809502
p.Leu366Glu,1.09299431337
p.Leu366Met,0.115835308037
p.Leu366Ser,0.276201541032
p.Leu366Thr,1.58290888934
p.Leu366Val,2.46442651091
p.Leu390Lys,0.613249097677
p.Leu390Ser,0.72227904945
p.Leu396Ala,0.481458148605
p.Leu396Asp,0.67063451723
p.Leu396Gln,0.694237687765
p.Leu396Glu,0.613919245269
p.Leu396Ile,1.2097318714
p.Leu396Lys,0.782681913308
p.Leu396Pro,0.677570149943
p.Leu396Ser,0.61706364191
p.Leu396Thr,0.668939330149
p.Leu396Val,1.28955136258
p.Leu401Arg,-0.920158664508
p.Leu401Cys,-0.471098661188
p.Leu401Gln,1.1388104944
p.Leu401Glu,-0.968989413403
p.Leu401Gly,2.9282312677
p.Leu401Ile,-17.3769378353
p.Leu401Ser,0.210662782617
p.Leu401Val,1.30229997251
p.Leu410Ala,0.578281291849
p.Leu410Arg,0.701817265174
p.Leu410Gln,0.691582299937
p.Leu410Glu,0.69421600595
p.Leu410Gly,0.49963058827
p.Leu410Ile,0.642864824151
p.Leu410Lys,0.808534912876
p.Leu410Met,0.641446201074
p.Leu410Pro,0.6630613477
p.Leu410Ser,0.651243703822
p.Leu410Ter,0.763850485889
p.Leu410Tyr,0.639524262265
p.Leu410Val,0.62021962356
p.Leu413Arg,1.38080427284
p.Leu413Asn,-2.31660058412
p.Leu413Asp,-1.07313658081
p.Leu413Cys,1.51956163631
p.Leu413Gln,1.37417229998
p.Leu413Gly,-0.107192122608
p.Leu413His,0.562752584085
p.Leu413Ile,0.0843638227527
p.Leu413Lys,1.10996695099
p.Leu413Met,2.02721657392
p.Leu413Phe,5.85867971423
p.Leu413Pro,1.27340077013
p.Leu413Ser,0.835424788348
p.Leu413Thr,0.272400246713
p.Leu413Tyr,1.95595949302
p.Leu413Val,-0.443361532753
p.Leu438Ala,1.30991633787
p.Leu438Arg,0.635492144481
p.Leu438Asn,-0.0760896849409
p.Leu438Gln,0.747087841573
p.Leu438Gly,0.596944130391
p.Leu438Lys,0.161871383775
p.Leu438Met,-0.15799459032
p.Leu438Ser,1.78423042242
p.Leu438Trp,0.298687674246
p.Leu438Val,0.937249872979
p.Leu454Ala,1.0250401401
p.Leu454Arg,0.666029829283
p.Leu454Asn,0.875210954311
p.Leu454Asp,0.771393365762
p.Leu454Cys,0.822360884885
p.Leu454Gln,0.894038771739
p.Leu454Glu,0.670579379734
p.Leu454Gly,0.722379618948
p.Leu454His,1.04109450323
p.Leu454Ile,0.660394627841
p.Leu454Lys,0.629175428983
p.Leu454Met,1.32778253449
p.Leu454Phe,-1.81929881449
p.Leu454Pro,0.671108732074
p.Leu454Ser,0.648812933598
p.Leu454Ter,0.775574645511
p.Leu454Thr,0.654798017296
p.Leu454Trp,-0.757057919354
p.Leu454Tyr,1.53153572986
p.Leu454Val,0.702325586918
p.Leu455Ala,0.759155175054
p.Leu455Arg,0.674430828699
p.Leu455Asn,0.686050485621
p.Leu455Asp,0.634233043775
p.Leu455Cys,0.10794761151
p.Leu455Gln,0.653324593107
p.Leu455Glu,0.768790560397
p.Leu455Gly,0.793846105805
p.Leu455His,0.717807243783
p.Leu455Ile,-1.10655982245
p.Leu455Lys,0.671543273794
p.Leu455Met,0.530749403549
p.Leu455Phe,0.778738763293
p.Leu455Pro,0.655938735541
p.Leu455Ser,0.861286589917
p.Leu455Ter,0.813025260875
p.Leu455Thr,0.994232075181
p.Leu455Trp,0.760300975981
p.Leu455Tyr,1.1788402706
p.Leu455Val,0.278036315577
p.Leu458Ala,8.12078899969
p.Leu458Asn,0.648435294755
p.Leu458Glu,1.15991793739
p.Leu458Ile,-8.26192213798
p.Leu458Phe,6.7904617429
p.Leu458Pro,0.660672262
p.Leu458Ser,1.35647654414
p.Leu458Ter,0.743409828609
p.Leu458Thr,0.772844745255
p.Leu458Val,0.850757755654
p.Leu475Arg,0.637554387856
p.Leu475Asp,0.69974243965
p.Leu475Ile,0.649693021976
p.Leu475Trp,0.867396019481
p.Leu494Ala,0.294976443795
p.Leu494Arg,0.615994006932
p.Leu494Cys,0.55287988412
p.Leu494Gln,1.18162247028
p.Leu494Gly,1.03688952818
p.Leu494His,0.637998634153
p.Leu494Ile,0.704484661278
p.Leu494Lys,0.865749868464
p.Leu494Met,-1.20047700654
p.Leu494Phe,0.655793233082
p.Leu494Pro,0.69107419023
p.Leu494Ser,0.992591602697
p.Leu494Trp,1.57043663699
p.Leu494Tyr,0.411858106772
p.Leu494Val,0.785068106382
p.Leu497Ala,0.695385120326
p.Leu497Phe,-0.040188238873
p.Leu497Pro,0.592232085641
p.Leu515Ala,2.07552196273
p.Leu515Arg,0.66473872361
p.Leu515Asn,1.47852658824
p.Leu515Asp,0.741623064997
p.Leu515Cys,1.21786714184
p.Leu515Gln,0.898362311446
p.Leu515Glu,0.693667968897
p.Leu515Gly,0.943935541626
p.Leu515His,1.07089646278
p.Leu515Ile,-0.164548832969
p.Leu515Lys,0.775788561645
p.Leu515Met,0.712766623173
p.Leu515Phe,2.04636142168
p.Leu515Pro,0.676519440081
p.Leu515Ser,0.804054314039
p.Leu515Ter,0.635272530765
p.Leu515Thr,0.223321973238
p.Leu515Trp,0.716548196154
p.Leu515Tyr,1.92670270384
p.Leu515Val,0.664731268388
p.Leu519Ala,-1.80323543796
p.Leu519Arg,1.32230858903
p.Leu519Gln,0.953833528751
p.Leu519Glu,0.777348271408
p.Leu519Gly,1.52847551815
p.Leu519Met,0.060007406096
p.Leu519Phe,-2.86501118371
p.Leu519Pro,0.700113797023
p.Leu519Ser,1.6078491291
p.Leu519Thr,-0.43506601532
p.Leu519Trp,1.40353744689
p.Leu519Tyr,1.13535190749
p.Leu519Val,0.810846886017
p.Lys275Ala,0.674894658899
p.Lys275Asn,0.186665011726
p.Lys275Asp,-0.399091684706
p.Lys275Cys,0.5383640395
p.Lys275Gln,1.24293252126
p.Lys275Gly,1.28907787023
p.Lys275His,1.1082112506
p.Lys275Ile,0.423563678089
p.Lys275Leu,-0.0638125526361
p.Lys275Met,0.667061702119
p.Lys275Ser,1.00195357394
p.Lys275Tyr,0.94409582553
p.Lys275Val,0.914243507924
p.Lys298Ala,0.704751000565
p.Lys298Arg,0.694233086154
p.Lys298Gln,0.628729070145
p.Lys298Glu,0.536959722133
p.Lys298Gly,0.63336064542
p.Lys298His,0.699369296834
p.Lys298Ile,0.792669915897
p.Lys298Leu,0.717466871621
p.Lys298Met,0.663779962963
p.Lys298Phe,0.637954833527
p.Lys298Pro,0.57570066059
p.Lys298Ser,0.673861810511
p.Lys298Ter,0.757856759982
p.Lys298Val,0.591575402344
p.Lys301Ala,0.618469823558
p.Lys301Arg,0.640364684022
p.Lys301Asn,0.679459220545
p.Lys301Asp,0.657368598132
p.Lys301Cys,0.678715909887
p.Lys301Gln,0.518197517863
p.Lys301Glu,0.661972562062
p.Lys301Gly,0.659109494439
p.Lys301His,0.613758772761
p.Lys301Ile,0.4883184012
p.Lys301Leu,0.685922544046
p.Lys301Met,0.574919954097
p.Lys301Phe,0.593109383302
p.Lys301Pro,0.706880373826
p.Lys301Ser,0.690551862049
p.Lys301Ter,0.725155648247
p.Lys301Thr,0.664830305077
p.Lys301Trp,0.680494207711
p.Lys301Tyr,0.628577569926
p.Lys301Val,1.24219571151
p.Lys318Ala,0.726307106444
p.Lys318Arg,0.528719702851
p.Lys318Asn,0.53046849243
p.Lys318Asp,0.527324069103
p.Lys318Cys,0.738357167228
p.Lys318Gln,1.12967363025
p.Lys318Glu,0.801076649533
p.Lys318Gly,0.862838935387
p.Lys318His,0.722878482293
p.Lys318Ile,0.733844414529
p.Lys318Leu,0.684188429338
p.Lys318Met,1.12088426885
p.Lys318Phe,0.821873480506
p.Lys318Pro,0.68718768498
p.Lys318Ser,0.792702010908
p.Lys318Ter,0.720753892054
p.Lys318Thr,0.765460878001
p.Lys318Trp,0.757182143639
p.Lys318Tyr,0.679276020564
p.Lys318Val,0.723206574861
p.Lys319Ala,1.13714166216
p.Lys319Arg,-5.38805960403
p.Lys319Asn,1.6671723696
p.Lys319Asp,0.737648550797
p.Lys319Cys,0.787002757248
p.Lys319Gln,0.830565661073
p.Lys319Glu,0.369490514123
p.Lys319Gly,0.615356876766
p.Lys319His,0.166439764955
p.Lys319Ile,-0.494846639768
p.Lys319Leu,-1.4421285508
p.Lys319Met,-0.0851065239293
p.Lys319Ser,1.09252583716
p.Lys319Thr,1.07420682333
p.Lys319Trp,0.859936284765
p.Lys319Tyr,-1.16755042136
p.Lys319Val,-0.240097819704
p.Lys324Ala,1.25030294558
p.Lys324Arg,1.83691564927
p.Lys324Cys,1.70878114847
p.Lys324Gln,-0.180606277523
p.Lys324Gly,1.31811012313
p.Lys324His,0.222703568637
p.Lys324Ile,0.981114250516
p.Lys324Met,1.37247713049
p.Lys324Pro,0.848016833043
p.Lys324Ser,6.64505279195
p.Lys324Thr,0.866293030404
p.Lys324Tyr,0.71964927407
p.Lys324Val,0.5390877586
p.Lys346Ala,-1.1363601142
p.Lys346Arg,0.435519834002
p.Lys346Asp,1.38041650806
p.Lys346Cys,-3.61605141802
p.Lys346Gln,53.2850943631
p.Lys346Gly,-0.252702347875
p.Lys346His,0.401327480922
p.Lys346Ile,-1.98807467037
p.Lys346Leu,-0.200343831309
p.Lys346Met,-0.600212954035
p.Lys346Phe,-0.170774011101
p.Lys346Pro,0.565657695287
p.Lys346Ser,0.477034206877
p.Lys346Thr,5.21594782669
p.Lys346Trp,0.603472429545
p.Lys346Tyr,0.723731668359
p.Lys346Val,1.7842201067
p.Lys354Ala,0.45432125435
p.Lys354Arg,1.00135502252
p.Lys354Asn,1.86884051434
p.Lys354Asp,20.4856088238
p.Lys354Cys,0.41130150624
p.Lys354Gln,0.330055831683
p.Lys354Glu,0.0661774123592
p.Lys354Gly,14.0809015806
p.Lys354His,0.291076281563
p.Lys354Ile,-1.77128102228
p.Lys354Leu,1.33572898135
p.Lys354Met,-0.239610025759
p.Lys354Phe,-0.740291949069
p.Lys354Pro,1.24358524415
p.Lys354Ser,0.740795967734
p.Lys354Ter,0.819692416003
p.Lys354Thr,0.116490121437
p.Lys354Trp,0.396516438515
p.Lys354Tyr,-0.0517928289622
p.Lys354Val,0.0408741164158
p.Lys359His,0.520351756401
p.Lys359Phe,0.384475283083
p.Lys404Arg,0.199937984418
p.Lys404Asn,-0.45185809157
p.Lys404Asp,0.729087438327
p.Lys404Gln,-0.425889007759
p.Lys404Glu,1.70328132314
p.Lys404Gly,0.714662605946
p.Lys404His,0.436780816489
p.Lys404Ile,3.97317499753
p.Lys404Leu,11.0055671231
p.Lys404Met,1.56046376991
p.Lys404Pro,0.751547294671
p.Lys404Ser,-0.486217223338
p.Lys404Thr,0.128044348492
p.Lys404Tyr,1.41474141143
p.Lys426Ala,0.496023495248
p.Lys426Arg,0.683955135036
p.Lys426Asn,1.94594429312
p.Lys426Asp,0.521475636128
p.Lys426Cys,0.435839110601
p.Lys426Gly,0.607858871124
p.Lys426His,0.992430944505
p.Lys426Ile,1.67651642243
p.Lys426Leu,0.905136307257
p.Lys426Met,1.174272429
p.Lys426Phe,1.08967128874
p.Lys426Pro,0.979254746516
p.Lys426Ser,0.613502042622
p.Lys426Ter,0.773265041976
p.Lys426Thr,0.311270580591
p.Lys426Trp,-0.7807140719
p.Lys426Tyr,0.60764748974
p.Lys426Val,0.959629555867
p.Lys430Ala,0.584218982816
p.Lys430Arg,0.274066701699
p.Lys430Asn,0.645284842736
p.Lys430Asp,0.624271978327
p.Lys430Gln,0.639071103165
p.Lys430Gly,0.54438461625
p.Lys430His,0.488846035617
p.Lys430Met,1.44889566572
p.Lys430Phe,0.584553951453
p.Lys430Trp,0.787606322159
p.Lys430Tyr,0.682156667758
p.Lys445Ala,0.300284015574
p.Lys445Arg,-0.0289953897149
p.Lys445Asn,0.219133830904
p.Lys445Asp,-0.0870341708142
p.Lys445Cys,-3.04067744941
p.Lys445Gln,0.483569859118
p.Lys445Glu,-1.27354890729
p.Lys445Gly,0.318142209016
p.Lys445His,0.472854177354
p.Lys445Ile,0.811198575671
p.Lys445Leu,-4.81568114517
p.Lys445Met,-5.58972642348
p.Lys445Phe,-0.178865200724
p.Lys445Pro,-0.512838044139
p.Lys445Ser,0.376623967352
p.Lys445Ter,0.790118679749
p.Lys445Thr,0.550014817089
p.Lys445Trp,0.209936691878
p.Lys445Tyr,0.00388648972577
p.Lys445Val,3.00767105099
p.Lys461Ala,0.975918469209
p.Lys461Arg,0.429981540089
p.Lys461His,1.02588453395
p.Lys461Val,0.728661046093
p.Lys504Asn,-0.045420934265
p.Lys504Asp,9.16660359053
p.Lys504Cys,-0.183214882905
p.Lys504Gly,1.84639425342
p.Lys504His,0.301075595576
p.Lys504Leu,1.00815235968
p.Lys504Ser,-0.545722343413
p.Lys504Thr,0.258896736173
p.Lys504Trp,0.516794248324
p.Lys504Tyr,5.29282286334
p.Lys504Val,-1.41278206936
p.Met286Ala,3.58325452106
p.Met286Arg,1.68903764451
p.Met286Asn,-6.66140854562
p.Met286Asp,1.93245980534
p.Met286Cys,2.70214277468
p.Met286Gln,2.69989427309
p.Met286Glu,-203.361521986
p.Met286Gly,1.22535581545
p.Met286His,3.48607204674
p.Met286Ile,1.12660201883
p.Met286Leu,0.0899488202273
p.Met286Lys,-34.9738473184
p.Met286Phe,0.774252873743
p.Met286Pro,0.65137471768
p.Met286Ser,12.5415405864
p.Met286Ter,0.679491691784
p.Met286Thr,-0.144288477993
p.Met286Trp,1.06656604859
p.Met286Tyr,1.36493962675
p.Met286Val,0.779761332097
p.Met305Glu,1.04541181864
p.Met305Leu,0.720318596239
p.Met305Phe,0.612000573081
p.Met305Pro,0.510926701473
p.Met305Thr,0.744602709346
p.Met317Ala,0.602005002967
p.Met317Arg,0.680791124448
p.Met317Asn,0.657635726023
p.Met317Asp,0.704582335882
p.Met317Cys,0.743055093089
p.Met317Gln,0.637376329826
p.Met317Gly,0.828454075213
p.Met317His,1.26959289725
p.Met317Ile,0.602763646657
p.Met317Leu,0.560833305074
p.Met317Lys,0.727187795997
p.Met317Phe,0.717888367181
p.Met317Pro,0.681256923069
p.Met317Ser,0.743809715098
p.Met317Ter,0.668740145036
p.Met317Thr,0.656363407827
p.Met317Trp,0.526212588367
p.Met317Tyr,0.680126096025
p.Met317Val,0.632719038852
p.Met344Ala,0.354599776099
p.Met344Asn,0.969378131259
p.Met344Asp,0.671853010333
p.Met344Glu,0.964342087313
p.Met344Gly,0.528699670049
p.Met344Ile,0.848394870416
p.Met344Leu,0.520445919188
p.Met344Lys,-1.70105482753
p.Met344Phe,1.35663533018
p.Met344Pro,0.69952720187
p.Met344Ser,0.538433546411
p.Met344Thr,0.497230712175
p.Met344Trp,0.592170569722
p.Met344Tyr,0.39906487261
p.Met369Arg,0.343477481759
p.Met369Cys,1.80682468486
p.Met369Phe,-0.590085080299
p.Met369Pro,0.762459401618
p.Met369Ter,0.722050263671
p.Met369Thr,1.67561608626
p.Met369Val,3.91034223431
p.Met377Ala,0.352251689316
p.Met377Arg,0.752950242187
p.Met377Asp,0.558669358569
p.Met377Cys,-0.128385987708
p.Met377Gln,0.648779184269
p.Met377Glu,0.836531257282
p.Met377Gly,-0.674914782031
p.Met377His,2.47912957207
p.Met377Leu,0.831961867445
p.Met377Lys,0.746443608823
p.Met377Phe,0.57761942572
p.Met377Pro,0.674566955059
p.Met377Ser,-0.332339022326
p.Met377Thr,-1.20514693559
p.Met377Tyr,0.840883819968
p.Met377Val,-0.0362294482247
p.Met383Asn,1.19419581224
p.Met383Ile,0.653541326243
p.Met383Leu,0.680990087156
p.Met383Lys,-0.155372321755
p.Met383Pro,0.649997436226
p.Met383Ser,0.597246327916
p.Met383Tyr,0.94309511462
p.Met383Val,0.424841404314
p.Met469Ala,0.70323141596
p.Met469Arg,1.41800290391
p.Met469Asp,0.673943252679
p.Met469Cys,0.787619532126
p.Met469Gln,0.989179978901
p.Met469Glu,1.93823759385
p.Met469Gly,0.70318869067
p.Met469His,0.706240963893
p.Met469Ile,0.455514327405
p.Met469Leu,0.542231470274
p.Met469Phe,0.63881390015
p.Met469Pro,0.55619012367
p.Met469Ser,0.848881296183
p.Met469Ter,0.679123616527
p.Met469Thr,0.64951691247
p.Met469Tyr,1.83557901129
p.Met469Val,0.586102662791
p.Met484Ala,0.951767120307
p.Met484Arg,0.68424819222
p.Met484Asp,0.665842973596
p.Met484Cys,1.38338891619
p.Met484Gln,2.64503282261
p.Met484Glu,0.832634624546
p.Met484Gly,0.659560667954
p.Met484His,0.789735868445
p.Met484Ile,2.09554606723
p.Met484Leu,0.0358210932537
p.Met484Lys,0.869168384626
p.Met484Pro,1.1944277092
p.Met484Ser,0.745100343598
p.Met484Ter,0.685181668394
p.Met484Thr,0.755079800711
p.Met484Trp,0.682749756472
p.Met484Tyr,0.759627270055
p.Met484Val,0.743799240616
p.Met498Ala,0.236403915913
p.Met498Arg,0.72965072138
p.Met498Asn,1.59196995894
p.Met498Gln,0.635550359317
p.Met498Glu,-2.08348703511
p.Met498His,4.51780733143
p.Met498Ile,0.802766642902
p.Met498Leu,1.12327763467
p.Met498Pro,0.735250465522
p.Met498Val,2.33405374724
p.Phe281Ala,0.676412005858
p.Phe281Arg,0.701663942784
p.Phe281Asn,0.757467883227
p.Phe281Cys,0.683245623261
p.Phe281Gln,0.684110318248
p.Phe281Glu,0.843402951459
p.Phe281Gly,0.531630162399
p.Phe281His,0.605244484772
p.Phe281Leu,0.715652214134
p.Phe281Ser,0.615546227834
p.Phe281Thr,0.723405765179
p.Phe281Tyr,0.677025367278
p.Phe281Val,0.639208330233
p.Phe310Glu,0.714445129759
p.Phe310Gly,0.49719284852
p.Phe310His,0.677806735351
p.Phe310Leu,0.631080015582
p.Phe310Met,0.547148110578
p.Phe310Ter,0.616445986603
p.Phe352Ala,-18.6083155307
p.Phe352Arg,1.05586138716
p.Phe352Asn,1.76564611046
p.Phe352Asp,0.588813894638
p.Phe352Cys,-3.97497674996
p.Phe352Gln,0.851364984945
p.Phe352Glu,1.56163848652
p.Phe352Gly,1.07018470799
p.Phe352His,5.31330044491
p.Phe352Ile,1.18412315097
p.Phe352Leu,1.44412573934
p.Phe352Met,0.935438136955
p.Phe352Pro,0.741867312566
p.Phe352Ser,1.62551916222
p.Phe352Thr,-0.956711138464
p.Phe352Tyr,0.0586731258577
p.Phe352Val,0.0404410704708
p.Phe408Ala,0.552035643073
p.Phe408Arg,0.717946766648
p.Phe408Asn,0.642645774192
p.Phe408Gln,0.667259485849
p.Phe408Gly,0.594207022838
p.Phe408Leu,0.645279694241
p.Phe408Lys,0.717940948937
p.Phe408Met,0.497243568432
p.Phe408Pro,0.699552771185
p.Phe408Ser,0.644375510194
p.Phe408Thr,0.719676238065
p.Phe408Tyr,0.704662705994
p.Phe427Ala,0.599086955084
p.Phe427Arg,0.664723777631
p.Phe427Asn,0.759333903893
p.Phe427Asp,0.662524674197
p.Phe427Cys,0.647214302308
p.Phe427Gln,0.740050975489
p.Phe427Glu,0.776296596387
p.Phe427Gly,0.618400793996
p.Phe427His,0.69458130758
p.Phe427Ile,0.528528568646
p.Phe427Leu,0.613118750117
p.Phe427Lys,0.560144955075
p.Phe427Met,0.559940665962
p.Phe427Pro,0.694104427889
p.Phe427Ser,0.653499001216
p.Phe427Ter,0.740242093867
p.Phe427Thr,0.654923463929
p.Phe427Trp,0.517362858408
p.Phe427Tyr,0.617718684403
p.Phe427Val,0.591763814353
p.Phe442Ala,0.664250679479
p.Phe442Arg,0.603089388645
p.Phe442Asn,0.322520215912
p.Phe442Asp,0.66794430867
p.Phe442Cys,1.61923414002
p.Phe442Gln,0.400387305686
p.Phe442Glu,0.537657946706
p.Phe442Gly,0.700244995444
p.Phe442His,0.59925048733
p.Phe442Ile,0.608022730628
p.Phe442Leu,0.645803252408
p.Phe442Lys,0.695286930914
p.Phe442Met,0.560387129735
p.Phe442Pro,0.588711609477
p.Phe442Ser,0.593661520053
p.Phe442Ter,0.734658122053
p.Phe442Thr,0.572405517942
p.Phe442Tyr,0.487237886017
p.Phe442Val,0.515084425027
p.Phe451Ala,1.14298494233
p.Phe451Arg,0.626410931807
p.Phe451Asn,0.660392164893
p.Phe451Asp,0.71545669027
p.Phe451Cys,0.85921465203
p.Phe451Gln,0.716626406679
p.Phe451Glu,0.68383913021
p.Phe451Gly,0.693303462297
p.Phe451His,0.701576345273
p.Phe451Leu,-0.943013467244
p.Phe451Lys,0.624443289795
p.Phe451Met,0.556567460992
p.Phe451Pro,0.658904561961
p.Phe451Ser,0.638716199972
p.Phe451Ter,0.714663385281
p.Phe451Thr,0.67049585029
p.Phe451Trp,0.540892913888
p.Phe451Val,0.973262886299
p.Phe512Ala,-0.140491175652
p.Phe512Arg,0.678828128981
p.Phe512Asn,-2.91904602087
p.Phe512Asp,0.727695292731
p.Phe512Cys,5.14931160454
p.Phe512Gln,0.894844480098
p.Phe512Gly,0.826800133954
p.Phe512His,-0.995861710886
p.Phe512Ile,0.041472873068
p.Phe512Leu,-0.455219530044
p.Phe512Lys,0.676239168877
p.Phe512Met,0.26171103479
p.Phe512Pro,0.0217056791756
p.Phe512Ser,5.60585921524
p.Phe512Ter,0.699783585923
p.Phe512Thr,-0.58594420417
p.Phe512Trp,0.462671090907
p.Phe512Tyr,-1.91877748794
p.Phe512Val,-0.0240282716813
p.Phe518Ala,0.527361501734
p.Phe518Arg,0.575647241483
p.Phe518Asn,0.455297359086
p.Phe518Asp,2.02714444702
p.Phe518Cys,0.420790918115
p.Phe518Gly,0.68012147282
p.Phe518Ile,20.1941112059
p.Phe518Leu,1.67461727479
p.Phe518Lys,0.975306551775
p.Phe518Met,0.793529447555
p.Phe518Pro,0.877636458518
p.Phe518Ser,0.670165766419
p.Phe518Ter,0.584535129327
p.Phe518Thr,0.660687788707
p.Phe518Trp,0.84913643757
p.Phe518Tyr,-5.84857090375
p.Phe518Val,0.685093155038
p.Pro302Ala,6.1523285752
p.Pro302Arg,-0.58702259375
p.Pro302Asn,1.26736201545
p.Pro302Asp,0.709217755525
p.Pro302Cys,0.61092303703
p.Pro302Glu,0.449024811568
p.Pro302Gly,1.788436579
p.Pro302Ile,4.53775415486
p.Pro302Leu,0.0454386773104
p.Pro302Lys,3.75888728829
p.Pro302Met,0.23240618242
p.Pro302Phe,0.739618964522
p.Pro302Ser,0.948484260257
p.Pro302Ter,0.684185674035
p.Pro302Thr,0.946244796701
p.Pro302Trp,0.592178177794
p.Pro302Tyr,1.16080669939
p.Pro302Val,0.555600746486
p.Pro307Ala,0.853840448509
p.Pro307Arg,1.62038098118
p.Pro307Asn,0.724253269925
p.Pro307Asp,0.412529646546
p.Pro307Cys,1.10118953034
p.Pro307Gln,0.937885702235
p.Pro307Glu,0.859135611989
p.Pro307Gly,0.921529860146
p.Pro307His,0.608228654586
p.Pro307Ile,1.28638546682
p.Pro307Leu,0.693091283162
p.Pro307Lys,13.1938159961
p.Pro307Met,-1.30220116232
p.Pro307Phe,0.525055651507
p.Pro307Ser,0.616066015453
p.Pro307Ter,0.704633947224
p.Pro307Thr,0.360354299933
p.Pro307Trp,0.424058265302
p.Pro307Tyr,1.57283394619
p.Pro307Val,0.527980583687
p.Pro336Arg,0.834276924732
p.Pro336Asn,1.02380322638
p.Pro336Gln,0.634709212239
p.Pro336Ile,0.766827733847
p.Pro336Lys,0.823582744707
p.Pro336Met,0.617789617235
p.Pro336Ser,0.687173461794
p.Pro336Ter,0.860710433657
p.Pro336Thr,0.618516306134
p.Pro364Ala,1.21837295073
p.Pro364Arg,0.899366051189
p.Pro364Asn,0.292023859585
p.Pro364Asp,0.868564296054
p.Pro364Cys,1.41805941486
p.Pro364Gln,0.823507633818
p.Pro364Glu,0.736251863731
p.Pro364Gly,0.663977646137
p.Pro364His,-0.0142681655884
p.Pro364Ile,1.09016309029
p.Pro364Leu,1.6087121809
p.Pro364Lys,3.65830296061
p.Pro364Met,0.885523076
p.Pro364Ser,0.797277969848
p.Pro364Thr,0.872166712543
p.Pro364Tyr,1.0160362184
p.Pro364Val,1.20816134739
p.Pro428Asn,0.72192028517
p.Pro428His,0.664554293708
p.Pro428Leu,0.612988122485
p.Pro428Phe,0.720654133173
p.Pro428Ser,0.788958569311
p.Pro428Thr,0.700165149944
p.Pro428Tyr,0.377654323583
p.Pro434Ala,-5.09714708567
p.Pro434Arg,-0.21570418628
p.Pro434Asp,0.683820986777
p.Pro434Cys,-0.890628220978
p.Pro434Glu,10.463553976
p.Pro434Gly,-7.02482642125
p.Pro434His,1.19655856555
p.Pro434Ile,-0.432375275897
p.Pro434Leu,3.43871294781
p.Pro434Lys,0.89214176843
p.Pro434Met,-0.538901306038
p.Pro434Phe,-3.85481628895
p.Pro434Ser,0.464734895769
p.Pro434Thr,-0.89557073677
p.Pro434Tyr,5.91372622927
p.Pro434Val,-17.5649377054
p.Pro465Ala,0.686845955357
p.Pro465Arg,0.750702662905
p.Pro465Asn,0.866894487521
p.Pro465Asp,0.705666968672
p.Pro465Cys,0.756002927059
p.Pro465Gln,0.701895378327
p.Pro465Glu,0.684413835633
p.Pro465Gly,0.806265535104
p.Pro465His,0.693722890854
p.Pro465Ile,0.880184736476
p.Pro465Leu,0.941350570182
p.Pro465Met,0.773145879208
p.Pro465Phe,0.662022717424
p.Pro465Ser,0.696814416533
p.Pro465Ter,0.682329548634
p.Pro465Thr,0.574275144168
p.Pro465Trp,0.841948569725
p.Pro465Tyr,0.675585407568
p.Pro465Val,-2.3862821348
p.Pro467Ala,-0.562551237384
p.Pro467Arg,0.690128930681
p.Pro467Asn,0.563330454249
p.Pro467Asp,0.489563396462
p.Pro467Cys,0.298466960777
p.Pro467Gln,0.562143859049
p.Pro467Glu,0.640246685899
p.Pro467Gly,0.603274972593
p.Pro467His,1.68217059318
p.Pro467Ile,1.74974376459
p.Pro467Leu,0.787209510037
p.Pro467Lys,0.679596359645
p.Pro467Met,0.910953460902
p.Pro467Phe,1.39518908426
p.Pro467Ser,0.401006627976
p.Pro467Ter,0.527092374881
p.Pro467Thr,0.754499056227
p.Pro467Tyr,-0.876754242306
p.Pro467Val,0.970941228768
p.Pro485Ala,1.11818573709
p.Pro485Arg,-2.99728951169
p.Pro485Asn,0.374758464307
p.Pro485Asp,1.25158631516
p.Pro485Cys,0.614213536824
p.Pro485Gln,-6.79406299483
p.Pro485Glu,0.903954397217
p.Pro485Gly,0.892349081319
p.Pro485His,3.00102824646
p.Pro485Ile,0.863022126784
p.Pro485Leu,0.987486260861
p.Pro485Lys,0.521488185107
p.Pro485Met,1.26155098452
p.Pro485Ser,0.663560153665
p.Pro485Ter,0.668125949957
p.Pro485Thr,1.20827003218
p.Pro485Trp,0.80587622863
p.Pro485Tyr,1.13959181619
p.Pro485Val,0.924284912571
p.Pro487Ala,0.421144609855
p.Pro487Arg,0.848190374233
p.Pro487Asn,0.423536124093
p.Pro487Asp,0.721454239225
p.Pro487Cys,0.501817902704
p.Pro487Glu,2.58165674794
p.Pro487Gly,0.82109464286
p.Pro487Ile,0.352198695844
p.Pro487Leu,0.723630569718
p.Pro487Lys,0.563147494476
p.Pro487Met,0.854067392162
p.Pro487Phe,0.505815143254
p.Pro487Ser,0.660133296404
p.Pro487Thr,0.550826129134
p.Pro487Trp,0.828180113146
p.Pro487Tyr,0.908208397442
p.Pro487Val,-5.72944441579
p.Pro488Ala,-0.135778882891
p.Pro488Arg,-0.583241400793
p.Pro488Asp,1.36589187788
p.Pro488Cys,1.98915129261
p.Pro488Gly,0.577604066286
p.Pro488His,-0.17209133335
p.Pro488Ile,0.259736423893
p.Pro488Lys,1.85570853947
p.Pro488Met,-0.0792651377479
p.Pro488Ser,0.37020530702
p.Pro488Ter,0.688936569956
p.Pro488Thr,0.719111527688
p.Pro488Tyr,0.46034482356
p.Pro488Val,-1.32482715181
p.Pro491Ala,1.68552939369
p.Pro491Arg,1.32888477975
p.Pro491Asn,0.536420659764
p.Pro491Asp,0.553580288055
p.Pro491Cys,2.88763795619
p.Pro491Gln,0.960461394167
p.Pro491Glu,0.664280932964
p.Pro491Gly,0.810771008132
p.Pro491His,0.584333302281
p.Pro491Ile,1.44732434539
p.Pro491Leu,0.80432213459
p.Pro491Lys,0.959881275021
p.Pro491Met,3.43187025465
p.Pro491Phe,0.851449107602
p.Pro491Ser,0.825960137882
p.Pro491Ter,0.647084988226
p.Pro491Thr,1.13146785363
p.Pro491Trp,1.3337406046
p.Pro491Tyr,1.83677255817
p.Pro491Val,1.01705597454
p.Pro506Ala,1.84520431655
p.Pro506Arg,0.302429686304
p.Pro506Asn,0.194054134063
p.Pro506Asp,-1.57431590376
p.Pro506Cys,-0.379267901529
p.Pro506Gln,0.189560683268
p.Pro506Glu,-1.20643701862
p.Pro506Gly,0.358250138159
p.Pro506Ile,0.233100315328
p.Pro506Leu,0.220117358623
p.Pro506Lys,0.433876507078
p.Pro506Met,0.275805412237
p.Pro506Phe,0.488568725109
p.Pro506Ser,0.000610027448282
p.Pro506Ter,0.648488303987
p.Pro506Thr,0.0796583533133
p.Pro506Trp,0.47279056767
p.Pro506Tyr,-0.153176447065
p.Pro506Val,-0.0801018359265
p.Pro510Ala,0.787540956026
p.Pro510Arg,0.670225717536
p.Pro510Cys,0.835196516128
p.Pro510Gln,0.873613304742
p.Pro510Glu,0.929383077548
p.Pro510Gly,3.08492891473
p.Pro510Ile,-1.11034843067
p.Pro510Leu,0.522852193516
p.Pro510Lys,1.58070700019
p.Pro510Tyr,1.03943828255
p.Pro510Val,0.498242402004
p.Ser306Ala,4.13049962458
p.Ser306Arg,0.259379015393
p.Ser306Asn,0.807693479334
p.Ser306Gln,0.546549609711
p.Ser306Gly,3.22464112426
p.Ser306Ile,0.671186490079
p.Ser306Leu,0.77147595854
p.Ser306Lys,0.514264909992
p.Ser306Pro,1.55445078095
p.Ser306Ter,0.81889984754
p.Ser306Trp,0.782000090799
p.Ser306Tyr,0.531305364633
p.Ser306Val,0.555066315754
p.Ser333Ala,0.666063073673
p.Ser333Arg,0.526554141824
p.Ser333Asn,0.849455188718
p.Ser333Asp,0.831862446136
p.Ser333Gln,0.827497594909
p.Ser333Glu,20.6100835603
p.Ser333Gly,0.540862574855
p.Ser333His,1.12363582587
p.Ser333Ile,0.626064799797
p.Ser333Leu,0.576083902933
p.Ser333Lys,0.529082202604
p.Ser333Met,0.553473567764
p.Ser333Phe,0.637936315927
p.Ser333Pro,0.643069207202
p.Ser333Ter,0.565954677096
p.Ser333Thr,0.452427185837
p.Ser333Tyr,-4.94070940692
p.Ser333Val,0.496645914597
p.Ser345Arg,0.486061229045
p.Ser345Asn,-67.4433098268
p.Ser345Asp,-1.57795317673
p.Ser345Cys,-0.0520356293562
p.Ser345Gln,1.13319872375
p.Ser345Gly,-0.109413429498
p.Ser345His,-2.18782069598
p.Ser345Ile,0.00705501347751
p.Ser345Leu,0.409971938626
p.Ser345Met,0.769245845287
p.Ser345Pro,0.602143853151
p.Ser345Thr,0.861201876347
p.Ser345Tyr,10.7849992484
p.Ser345Val,-0.102582187324
p.Ser348Ala,0.704969873304
p.Ser348Arg,0.688637437478
p.Ser348Asn,0.34452828695
p.Ser348Asp,0.189660225578
p.Ser348Cys,0.600666197568
p.Ser348Gln,0.721151823624
p.Ser348Glu,0.713130064057
p.Ser348Gly,0.672596812721
p.Ser348His,0.715587000517
p.Ser348Ile,0.720750371371
p.Ser348Leu,0.674725869919
p.Ser348Lys,0.650018220989
p.Ser348Met,0.65470585217
p.Ser348Phe,0.659229348864
p.Ser348Pro,0.601602524785
p.Ser348Ter,0.655751449403
p.Ser348Thr,0.549609223932
p.Ser348Tyr,0.712971189575
p.Ser348Val,0.600606148475
p.Ser375Ala,-6.2882078281
p.Ser375Arg,1.08044509114
p.Ser375Asn,0.11820205489
p.Ser375Cys,0.236521952329
p.Ser375Gln,1.435879989
p.Ser375Glu,1.34016073797
p.Ser375Gly,1.49347016036
p.Ser375His,0.472755030225
p.Ser375Leu,-0.395530870952
p.Ser375Met,-1.17158999278
p.Ser375Phe,0.347589269483
p.Ser375Pro,0.975484525815
p.Ser375Thr,-6.76674967324
p.Ser375Trp,8.10700741527
p.Ser375Val,3.38571546718
p.Ser446Arg,0.804846197048
p.Ser446Ile,1.17592862716
p.Ser446Leu,0.957097495601
p.Ser446Pro,0.635884228616
p.Ser446Tyr,0.458165931447
p.Ser446Val,0.964952581656
p.Ser450Ala,0.650564573534
p.Ser450Arg,0.649156868221
p.Ser450Asn,0.717558989192
p.Ser450Asp,0.649827673491
p.Ser450Cys,0.957446349169
p.Ser450Gln,0.628278877356
p.Ser450Glu,0.70254059709
p.Ser450Gly,0.696133576464
p.Ser450His,0.657124185144
p.Ser450Ile,0.457690689878
p.Ser450Leu,0.648582837706
p.Ser450Lys,0.666416185725
p.Ser450Met,-0.0205656144924
p.Ser450Phe,0.600641645215
p.Ser450Pro,0.67415211166
p.Ser450Ter,0.661871833967
p.Ser450Thr,0.557712331627
p.Ser450Tyr,0.665612823495
p.Ser450Val,0.638192533569
p.Thr288Ala,0.847678813666
p.Thr288Arg,4.17370143649
p.Thr288Asn,-0.404843901994
p.Thr288Asp,1.09194686924
p.Thr288Cys,1.17891036504
p.Thr288Gln,1.07108955522
p.Thr288Glu,0.48684944688
p.Thr288Gly,1.91380009216
p.Thr288His,1.30930099575
p.Thr288Ile,0.306137891447
p.Thr288Leu,1.00278254037
p.Thr288Lys,12.2574424875
p.Thr288Met,1.30586986786
p.Thr288Phe,0.943086739933
p.Thr288Pro,0.331719385404
p.Thr288Ser,-0.407904406445
p.Thr288Ter,0.694024748498
p.Thr288Trp,0.43594792385
p.Thr288Tyr,2.05867821538
p.Thr288Val,0.548362313212
p.Thr292Ala,0.146096443306
p.Thr292Arg,0.328621327623
p.Thr292Cys,-0.715773139246
p.Thr292Gln,-1.32895030018
p.Thr292Glu,0.821040519511
p.Thr292Gly,1.54021843379
p.Thr292His,1.59627096318
p.Thr292Ile,3.1682466115
p.Thr292Leu,0.766170493955
p.Thr292Met,0.451123659548
p.Thr292Phe,2.50734326516
p.Thr292Pro,2.21051792752
p.Thr292Ser,-1.14894956695
p.Thr292Trp,0.867689996803
p.Thr292Tyr,0.994385578747
p.Thr292Val,0.208902089041
p.Thr293Ala,0.476188831892
p.Thr293Arg,0.94630061903
p.Thr293Asn,2.01037146828
p.Thr293Asp,1.34978650814
p.Thr293Cys,0.850480093254
p.Thr293Gln,10.8759322795
p.Thr293Glu,6.12665719239
p.Thr293Gly,0.962150886526
p.Thr293His,0.487961771056
p.Thr293Ile,0.151530634723
p.Thr293Leu,0.753872531561
p.Thr293Lys,0.732880106481
p.Thr293Met,1.34984965999
p.Thr293Phe,0.75668516064
p.Thr293Pro,5.42240891217
p.Thr293Ser,1.17824619624
p.Thr293Ter,0.71230042823
p.Thr293Trp,0.21473635931
p.Thr293Tyr,-1.78116544006
p.Thr293Val,0.736557269354
p.Thr299Ala,0.654620578952
p.Thr299Arg,6.04690777218
p.Thr299Asn,0.469982542522
p.Thr299Asp,0.846209194233
p.Thr299Cys,0.789293673586
p.Thr299Glu,0.572269794326
p.Thr299Gly,-0.647994093312
p.Thr299His,0.442166403876
p.Thr299Ile,0.724634692669
p.Thr299Leu,-0.149015563279
p.Thr299Met,-0.00660569950834
p.Thr299Phe,0.49861472433
p.Thr299Pro,0.632275309025
p.Thr299Ser,0.794481288812
p.Thr299Ter,0.674153600006
p.Thr299Trp,1.80258990348
p.Thr299Tyr,0.531488939503
p.Thr299Val,0.590147255386
p.Thr304Ala,0.116379270752
p.Thr304Arg,1.49742666157
p.Thr304Asp,0.593850016522
p.Thr304Cys,0.126814779373
p.Thr304Gln,0.183557827973
p.Thr304Glu,1.45788833915
p.Thr304Gly,4.34835799049
p.Thr304His,2.83778876504
p.Thr304Ile,0.632635387298
p.Thr304Leu,0.633118446189
p.Thr304Lys,0.620709077562
p.Thr304Met,3.89028030821
p.Thr304Phe,0.666956582317
p.Thr304Pro,2.97068504012
p.Thr304Ser,-0.43721314604
p.Thr304Ter,0.722276761265
p.Thr304Trp,1.73837219587
p.Thr304Tyr,0.741087841947
p.Thr304Val,0.587966789294
p.Thr341Arg,0.719507566053
p.Thr341Asn,0.678348753085
p.Thr341Ile,0.276280655874
p.Thr357Ala,0.661864901305
p.Thr357Arg,-0.489426210338
p.Thr357Asn,0.0371793819917
p.Thr357Cys,0.233904583185
p.Thr357Gln,-0.846789354956
p.Thr357Glu,-1.68427420925
p.Thr357Gly,1.54371492739
p.Thr357His,2.05032123717
p.Thr357Ile,-3.17232796471
p.Thr357Leu,4.53221501977
p.Thr357Lys,0.565513853089
p.Thr357Met,0.847791004494
p.Thr357Phe,-2.26262218406
p.Thr357Pro,-0.648682371823
p.Thr357Ser,-0.0315562173243
p.Thr357Ter,0.670450720894
p.Thr357Tyr,-0.133714443117
p.Thr357Val,-1.48788906595
p.Thr420Ala,0.627300384382
p.Thr420Arg,0.508764718654
p.Thr420Asn,3.43050496431
p.Thr420Asp,0.528734315962
p.Thr420Cys,-0.233243593864
p.Thr420Gln,-0.04633669651
p.Thr420Glu,0.456394775553
p.Thr420Gly,0.52970974151
p.Thr420His,0.142456800556
p.Thr420Ile,1.03677007141
p.Thr420Leu,0.0901394059344
p.Thr420Lys,0.635879865812
p.Thr420Met,0.390730738988
p.Thr420Phe,-0.15869373926
p.Thr420Pro,0.625266410099
p.Thr420Ser,0.970741720497
p.Thr420Ter,0.690495110404
p.Thr420Trp,0.501025381386
p.Thr420Tyr,0.301696512017
p.Thr420Val,0.34147902863
p.Thr432Ala,0.679425805059
p.Thr432Arg,0.697450880722
p.Thr432Asn,0.681995898926
p.Thr432Asp,0.62969726187
p.Thr432Cys,0.61986592815
p.Thr432Gln,0.680189535818
p.Thr432Glu,0.630841006168
p.Thr432Gly,0.639057235248
p.Thr432His,0.646165878874
p.Thr432Ile,0.681491478768
p.Thr432Leu,0.634310743917
p.Thr432Lys,0.712065387685
p.Thr432Met,0.615480517749
p.Thr432Phe,0.729531480047
p.Thr432Pro,0.644249008502
p.Thr432Ser,0.610382809035
p.Thr432Ter,0.73948928181
p.Thr432Trp,0.664486121399
p.Thr432Tyr,0.684249846025
p.Thr432Val,0.619212780881
p.Thr443Ala,-2.75301646352
p.Thr443Arg,-0.0445520063699
p.Thr443Asn,-0.962416755337
p.Thr443Asp,1.08073778776
p.Thr443Cys,-0.0636434563923
p.Thr443Gln,0.164888084456
p.Thr443Glu,0.665077702308
p.Thr443Gly,1.49406624603
p.Thr443His,0.115384679081
p.Thr443Leu,0.040719829296
p.Thr443Lys,-0.30464526567
p.Thr443Met,0.0861353297642
p.Thr443Pro,1.0601785416
p.Thr443Ser,-0.0281328329625
p.Thr443Ter,0.702277301689
p.Thr443Trp,-0.706201685015
p.Thr443Tyr,0.505745367231
p.Thr443Val,-0.0139534539661
p.Thr456Ala,-0.662265379107
p.Thr456Arg,0.676480969633
p.Thr456Asn,3.27083110966
p.Thr456Asp,1.26216582139
p.Thr456Cys,-0.852978902714
p.Thr456Gln,3.48003629212
p.Thr456Glu,0.982357906881
p.Thr456Gly,0.661187256109
p.Thr456His,-1.73692980736
p.Thr456Ile,-0.727487323034
p.Thr456Leu,-0.401345037601
p.Thr456Lys,0.652437610696
p.Thr456Met,9.73163450957
p.Thr456Pro,0.74196929951
p.Thr456Ser,-0.253610851237
p.Thr456Ter,0.714460835004
p.Thr456Val,0.027044730807
p.Thr459Ala,-2.32369828977
p.Thr459Arg,0.293975703824
p.Thr459Asp,0.829398159278
p.Thr459Cys,1.05007698507
p.Thr459Gln,0.867625991744
p.Thr459Glu,0.746954470219
p.Thr459Leu,-0.419603598708
p.Thr459Ser,0.358514657717
p.Thr460Ala,2.72948241927
p.Thr460Arg,0.644060002073
p.Thr460Asn,5.11320727447
p.Thr460Asp,0.554995980648
p.Thr460Cys,0.670199761945
p.Thr460Gln,0.551315115071
p.Thr460Glu,0.905149683046
p.Thr460Gly,-0.900978484053
p.Thr460His,0.623684684056
p.Thr460Ile,0.670770444293
p.Thr460Leu,-0.488828086377
p.Thr460Lys,0.708483816208
p.Thr460Met,1.36330652006
p.Thr460Phe,-1.15285565629
p.Thr460Pro,0.587267990985
p.Thr460Ser,0.991162612732
p.Thr460Ter,0.667839733417
p.Thr460Trp,0.620284407426
p.Thr460Tyr,0.313142823601
p.Thr460Val,0.820534127717
p.Thr511Ala,-0.559853607236
p.Thr511Arg,-0.39104654384
p.Thr511Asn,0.345586945488
p.Thr511Asp,0.5587308278
p.Thr511Cys,-0.0763709946882
p.Thr511Glu,0.134722514217
p.Thr511Gly,0.334594006751
p.Thr511His,0.121621138223
p.Thr511Ile,0.438109047993
p.Thr511Phe,0.446496237203
p.Thr511Pro,0.24079799536
p.Thr511Ser,0.959453909677
p.Thr511Ter,0.905300938718
p.Thr511Trp,0.352629776267
p.Thr511Tyr,0.395235886783
p.Thr511Val,0.167401393957
p.Trp285Ala,1.31154620978
p.Trp285Arg,0.963431136996
p.Trp285Asn,0.817593533756
p.Trp285Asp,0.363841009722
p.Trp285Cys,1.27508418431
p.Trp285Glu,0.308239559275
p.Trp285Gly,0.646119755448
p.Trp285His,0.89554111776
p.Trp285Ile,0.985873781252
p.Trp285Leu,0.983191253641
p.Trp285Met,0.846690744546
p.Trp285Phe,1.3581976968
p.Trp285Pro,0.643962660448
p.Trp285Ser,1.69523742598
p.Trp285Ter,0.858346290055
p.Trp285Thr,0.840074509641
p.Trp285Tyr,0.663190199073
p.Trp285Val,0.875114224876
p.Trp289Ala,3.68031686695
p.Trp289Arg,1.84987624658
p.Trp289Asn,1.16750742821
p.Trp289Asp,0.803992769537
p.Trp289Cys,1.32619837518
p.Trp289Gln,1.25871621924
p.Trp289Glu,0.925770760403
p.Trp289Gly,0.898748861211
p.Trp289His,1.81449453904
p.Trp289Ile,0.644642405399
p.Trp289Leu,1.07649355161
p.Trp289Lys,0.498371589138
p.Trp289Met,1.22799202114
p.Trp289Phe,1.38602765594
p.Trp289Pro,3.24070946952
p.Trp289Ser,-6.08001144452
p.Trp289Ter,0.681186749781
p.Trp289Thr,1.57792722392
p.Trp289Tyr,0.40455324785
p.Trp289Val,1.2894095203
p.Trp431Ala,0.647237726636
p.Trp431Arg,0.651619175685
p.Trp431Asn,0.696462441865
p.Trp431Asp,0.585253047267
p.Trp431Cys,0.629745280832
p.Trp431Gln,0.601411505459
p.Trp431Glu,0.730309117009
p.Trp431Gly,0.663791129438
p.Trp431His,0.763680766113
p.Trp431Ile,0.743746235436
p.Trp431Leu,0.674884862906
p.Trp431Lys,0.592512753103
p.Trp431Met,0.695304783842
p.Trp431Phe,0.599644537119
p.Trp431Pro,0.688206081062
p.Trp431Ser,0.649141536986
p.Trp431Ter,0.676227427567
p.Trp431Thr,0.682696508211
p.Trp431Tyr,0.597916895109
p.Trp431Val,0.669059049432
p.Trp449Ala,0.674299394465
p.Trp449Arg,0.80726595712
p.Trp449Asp,0.702259337768
p.Trp449Cys,0.732938890833
p.Trp449Gln,0.68869712071
p.Trp449Glu,0.75894732312
p.Trp449Gly,0.677344448004
p.Trp449His,0.866532989975
p.Trp449Leu,0.66392957579
p.Trp449Lys,0.774067921764
p.Trp449Met,0.678546462149
p.Trp449Phe,-1.43240292584
p.Trp449Pro,0.691025344277
p.Trp449Ser,0.615731616557
p.Trp449Ter,0.555924645637
p.Trp449Thr,0.499934078508
p.Trp449Tyr,0.368068077064
p.Trp449Val,0.647388468984
p.Trp502Ala,1.03530213869
p.Trp502Arg,0.568973109748
p.Trp502Asn,-11.2433994758
p.Trp502Asp,0.807835462286
p.Trp502Cys,1.37549820733
p.Trp502Gln,5.59521194374
p.Trp502Glu,-1.31991396863
p.Trp502Gly,1.23775265266
p.Trp502His,0.977987706171
p.Trp502Ile,0.572125857012
p.Trp502Leu,0.680341550417
p.Trp502Lys,0.628177346873
p.Trp502Met,0.897629764078
p.Trp502Phe,0.752592660648
p.Trp502Pro,0.652273212195
p.Trp502Ser,1.35453843537
p.Trp502Ter,0.700437734898
p.Trp502Thr,1.37026309687
p.Trp502Tyr,0.844849661049
p.Trp502Val,0.98418290958
p.Tyr329Ala,0.78282612834
p.Tyr329Arg,0.971153023693
p.Tyr329Asn,-0.195550751041
p.Tyr329Asp,0.680120064488
p.Tyr329Cys,1.07162758589
p.Tyr329Glu,0.590143233922
p.Tyr329Gly,-2.41573836729
p.Tyr329His,0.426848028783
p.Tyr329Ile,0.881752188963
p.Tyr329Leu,1.47039946157
p.Tyr329Met,1.81212371558
p.Tyr329Phe,0.98359453377
p.Tyr329Pro,0.651743919717
p.Tyr329Ser,0.652484355247
p.Tyr329Ter,0.696620223717
p.Tyr329Thr,0.780607450311
p.Tyr329Trp,0.0813822610376
p.Tyr329Val,1.04608558983
p.Tyr338Cys,0.241605189993
p.Tyr338Gln,0.88877444481
p.Tyr338Glu,0.199352538452
p.Tyr338His,2.92857265629
p.Tyr338Leu,0.29549070759
p.Tyr338Met,-1.57804404556
p.Tyr338Phe,0.208343354085
p.Tyr338Pro,0.55241877921
p.Tyr338Ser,0.626664169072
p.Tyr343Arg,0.240727470786
p.Tyr343Asn,1.2552533007
p.Tyr360Ala,-0.632059925441
p.Tyr360Asp,0.762413951124
p.Tyr360Gly,-0.479064620091
p.Tyr360Ile,1.07049238506
p.Tyr360Met,-2.17636583702
p.Tyr360Ter,0.937810790518
p.Tyr360Val,0.909805094126
p.Tyr379Ala,1.17856853059
p.Tyr379Arg,0.845519311625
p.Tyr379Asn,0.572562011617
p.Tyr379Asp,0.957809109905
p.Tyr379Cys,0.390282202307
p.Tyr379Gln,-0.162219165456
p.Tyr379Glu,0.29983653972
p.Tyr379His,-0.349078019561
p.Tyr379Ile,1.31007783925
p.Tyr379Leu,0.639506579104
p.Tyr379Lys,1.87239246027
p.Tyr379Met,0.632375712612
p.Tyr379Phe,1.65282257268
p.Tyr379Pro,0.706098152131
p.Tyr379Ser,0.605517571548
p.Tyr379Thr,0.716189448212
p.Tyr379Trp,0.391013282523
p.Tyr379Val,0.589093616982
p.Tyr385Ala,0.871840293714
p.Tyr385Arg,0.648835607294
p.Tyr385Asp,0.850088909627
p.Tyr385Cys,-0.129909641519
p.Tyr385Gln,0.446912036668
p.Tyr385His,0.505754069719
p.Tyr385Ile,0.687673001685
p.Tyr385Leu,-0.0212584175057
p.Tyr385Met,-0.508119799234
p.Tyr385Pro,0.603844096579
p.Tyr385Thr,0.730914251855
p.Tyr385Trp,0.512978281041
p.Tyr385Val,0.77319259463
p.Tyr419Ala,0.681526548085
p.Tyr419Arg,0.701236465946
p.Tyr419Asn,0.841816542729
p.Tyr419Asp,0.696477849677
p.Tyr419Cys,0.607070459759
p.Tyr419Glu,0.662652489943
p.Tyr419Gly,0.648229882463
p.Tyr419His,0.694229305366
p.Tyr419Ile,0.645382583306
p.Tyr419Leu,0.647542064423
p.Tyr419Lys,0.653164922633
p.Tyr419Met,0.596749800164
p.Tyr419Phe,0.523230532939
p.Tyr419Pro,0.614626830813
p.Tyr419Ser,0.611369133144
p.Tyr419Ter,0.673509754386
p.Tyr419Thr,0.656204400578
p.Tyr419Trp,0.714233975807
p.Tyr419Val,0.671073657802
p.Tyr439Ala,0.543551140922
p.Tyr439Arg,-0.772896880835
p.Tyr439Asn,0.441079459087
p.Tyr439Asp,1.02188361493
p.Tyr439Cys,0.69774934096
p.Tyr439Gln,0.187825130926
p.Tyr439Glu,0.449820365198
p.Tyr439Gly,0.313369008296
p.Tyr439His,0.507749296501
p.Tyr439Ile,2.51351854015
p.Tyr439Leu,0.845949585565
p.Tyr439Lys,0.817408570693
p.Tyr439Met,0.339980989531
p.Tyr439Phe,0.815676846159
p.Tyr439Pro,0.59025651798
p.Tyr439Ser,0.537766275845
p.Tyr439Ter,0.687612923325
p.Tyr439Thr,0.227021847381
p.Tyr439Trp,-0.69298722669
p.Tyr439Val,0.719376931114
p.Tyr466Gly,0.688122883016
p.Tyr466Leu,0.617267861455
p.Tyr482Ala,0.58287912688
p.Tyr482Arg,0.733540872908
p.Tyr482Asn,0.524182389103
p.Tyr482Asp,0.619850091518
p.Tyr482Cys,0.722134200822
p.Tyr482Gln,0.711441163284
p.Tyr482Glu,0.654076429329
p.Tyr482Gly,0.776848608265
p.Tyr482His,0.498967044831
p.Tyr482Ile,0.731745248418
p.Tyr482Leu,1.7136259433
p.Tyr482Lys,0.723026829822
p.Tyr482Met,1.1883027131
p.Tyr482Phe,0.80541238815
p.Tyr482Pro,0.71460983387
p.Tyr482Ser,0.751574861083
p.Tyr482Ter,0.729737062954
p.Tyr482Thr,0.609692504832
p.Tyr482Trp,0.714547711723
p.Tyr482Val,0.634942014344
p.Tyr514Ala,0.654153413104
p.Tyr514Arg,0.652896481274
p.Tyr514Asn,-0.771206010319
p.Tyr514Asp,0.226816519143
p.Tyr514Gly,0.332819966369
p.Tyr514Ile,0.483802907178
p.Tyr514Leu,0.750863256537
p.Tyr514Met,0.604040700699
p.Tyr514Ser,0.541003401062
p.Tyr514Thr,0.817142898512
p.Tyr514Val,0.441883185328
p.Val274Ala,0.815392120573
p.Val274Arg,0.915602967328
p.Val274Asn,3.36855925343
p.Val274Cys,0.739610121981
p.Val274Glu,2.21209511932
p.Val274Gly,0.908103584744
p.Val274Ile,0.839158367627
p.Val274Lys,1.77783200716
p.Val274Met,0.660863772656
p.Val274Pro,1.52679192483
p.Val274Ser,1.20711847215
p.Val274Ter,0.590924727659
p.Val274Thr,1.03190869096
p.Val274Trp,0.813369984539
p.Val284Ala,0.191920562763
p.Val284Arg,0.727768432791
p.Val284Asn,0.68340557822
p.Val284Asp,0.67297162405
p.Val284Cys,0.881041263814
p.Val284Gln,0.589399950822
p.Val284Glu,0.639600530136
p.Val284Gly,0.545702244283
p.Val284His,0.654871914067
p.Val284Ile,0.471198453327
p.Val284Leu,0.577921859234
p.Val284Lys,0.652857382249
p.Val284Met,0.731816948715
p.Val284Pro,0.792997777346
p.Val284Ser,0.614739516932
p.Val284Thr,0.705219061653
p.Val284Trp,0.654786859756
p.Val284Tyr,0.723865333289
p.Val295Ala,-2.55519768152
p.Val295Arg,-3.99806162673
p.Val295Asn,0.991995268647
p.Val295Gln,0.808952008875
p.Val295Gly,1.63676462576
p.Val295Ile,0.56109483127
p.Val295Leu,0.947296276585
p.Val295Lys,1.23652911806
p.Val295Met,0.2855601347
p.Val295Phe,0.440881266737
p.Val295Ser,0.265172833422
p.Val295Thr,0.89261894624
p.Val295Tyr,0.162260859482
p.Val316Ala,0.460062300218
p.Val316Arg,0.468839459412
p.Val316Asn,0.598885694429
p.Val316Asp,0.630427748909
p.Val316Cys,-1.15243388405
p.Val316Gln,0.640704111158
p.Val316Glu,0.604004929947
p.Val316Gly,0.682663231272
p.Val316His,0.545669046408
p.Val316Ile,0.997864787101
p.Val316Leu,0.256527644021
p.Val316Lys,0.593299720808
p.Val316Met,0.432232993492
p.Val316Phe,0.603115670823
p.Val316Pro,0.645239597357
p.Val316Ser,0.652060509194
p.Val316Ter,0.164762572239
p.Val316Thr,2.00691631013
p.Val316Tyr,0.555909312215
p.Val326Ala,9.19156778084
p.Val326Arg,0.702719535828
p.Val326Asn,0.569268570661
p.Val326Cys,0.677384715403
p.Val326Gln,18.2034287385
p.Val326Glu,0.630454635962
p.Val326Gly,0.797416754774
p.Val326His,0.542313476658
p.Val326Ile,2.91790626312
p.Val326Leu,-38.0972690627
p.Val326Lys,0.0713265904761
p.Val326Met,0.162896260719
p.Val326Phe,0.939796691256
p.Val326Pro,0.500180680532
p.Val326Ser,0.684864715243
p.Val326Thr,0.935518957916
p.Val326Tyr,5.43932791644
p.Val331Arg,0.416187314672
p.Val331Asp,0.872908210683
p.Val331Cys,2.38335074486
p.Val331Gln,0.217319688404
p.Val331Glu,23.0438509355
p.Val331Gly,0.691619046846
p.Val331His,0.259116748593
p.Val331Ile,0.396323044926
p.Val331Leu,1.98329577236
p.Val331Met,1.28673164544
p.Val331Pro,0.565612308654
p.Val331Thr,3.6952204934
p.Val332Ala,1.8098669503
p.Val332Gln,0.693987964974
p.Val332Glu,0.654214076986
p.Val332His,1.97681383143
p.Val332Ile,-0.61352456547
p.Val332Leu,0.381460219488
p.Val332Lys,0.740326095064
p.Val332Phe,1.16334379701
p.Val332Pro,0.742957445464
p.Val332Ser,0.708366188661
p.Val332Ter,0.760529175106
p.Val332Thr,0.562468098245
p.Val332Tyr,0.786212300125
p.Val340Ala,0.536369444177
p.Val340Arg,0.641738317809
p.Val340Asn,0.731082910425
p.Val340Asp,0.509360184593
p.Val340Cys,0.233254186282
p.Val340Gln,0.641579111038
p.Val340Glu,0.722478578824
p.Val340Gly,0.661510313162
p.Val340His,0.646384466797
p.Val340Ile,1.06744739067
p.Val340Leu,0.601954887101
p.Val340Lys,0.632168121726
p.Val340Met,0.112312309376
p.Val340Phe,0.654088700074
p.Val340Pro,0.689729538911
p.Val340Ser,0.661593175377
p.Val340Ter,0.778619534419
p.Val340Thr,0.193767784893
p.Val340Trp,0.700845602941
p.Val340Tyr,0.66411639365
p.Val367Arg,0.164107536426
p.Val367Asn,20.0141458249
p.Val367Asp,0.738617689347
p.Val367Gln,1.10191500184
p.Val367Glu,0.635876635653
p.Val367Gly,0.937961856231
p.Val367His,-1.42623488378
p.Val367Ile,0.592992740391
p.Val367Leu,-0.340322246874
p.Val367Pro,0.802975028048
p.Val367Ser,-2.16586945845
p.Val367Ter,0.781642012055
p.Val380Ala,0.696121600475
p.Val380Arg,0.660861007354
p.Val380Cys,0.846635764381
p.Val380Gln,0.925127349226
p.Val380Glu,0.665843374647
p.Val380Gly,0.593426796319
p.Val380His,1.3815553591
p.Val380Ile,0.669910317788
p.Val380Leu,0.542972854164
p.Val380Met,0.877562733501
p.Val380Phe,0.561855206885
p.Val380Pro,0.651263595941
p.Val380Ser,0.625560889588
p.Val380Ter,0.730812218733
p.Val380Thr,0.00569332006663
p.Val380Trp,0.271738358239
p.Val380Tyr,0.611648843747
p.Val386Ala,0.460458680007
p.Val386Arg,0.549874854378
p.Val386Asp,0.607396756712
p.Val386Cys,-0.255316506697
p.Val386Gln,0.649485166168
p.Val386Glu,0.79089683371
p.Val386Gly,0.601204651342
p.Val386His,0.681562979113
p.Val386Ile,0.27155693497
p.Val386Leu,0.737363216942
p.Val386Lys,0.686227398546
p.Val386Met,0.702427286068
p.Val386Phe,0.591216646172
p.Val386Pro,0.604003170137
p.Val386Ser,0.643319797674
p.Val386Thr,0.647652888524
p.Val386Trp,0.605678885629
p.Val386Tyr,0.74097600605
p.Val397Ala,1.12576724319
p.Val397Arg,0.779490809778
p.Val397Asn,0.704152676865
p.Val397Asp,0.978415855962
p.Val397Cys,1.51947717407
p.Val397Gly,0.793229431034
p.Val397His,0.692897564298
p.Val397Ile,-0.0954312969217
p.Val397Leu,0.839772593871
p.Val397Lys,1.00214431016
p.Val397Met,0.803083295928
p.Val397Phe,0.727500379456
p.Val397Pro,0.603457800322
p.Val397Ser,0.730502493106
p.Val397Ter,0.766407774832
p.Val397Thr,1.29650640049
p.Val397Trp,0.732119010627
p.Val397Tyr,0.876056919779
p.Val402Ala,-0.0847133929891
p.Val402Arg,0.503355085878
p.Val402Asn,2.64023036472
p.Val402Asp,0.33644761046
p.Val402Cys,-0.0177283583675
p.Val402Gln,1.13094449495
p.Val402Gly,-0.705942515598
p.Val402His,0.523177170865
p.Val402Leu,-2.50852315208
p.Val402Met,-0.678992307427
p.Val402Pro,1.01892940607
p.Val402Ser,-0.050443516936
p.Val402Ter,0.962717139974
p.Val402Thr,6.46944429926
p.Val402Tyr,-2.46802838015
p.Val405Ala,0.65930340291
p.Val405Arg,0.634844087647
p.Val405Asn,0.641141059714
p.Val405Asp,0.741691301597
p.Val405Cys,0.611542827034
p.Val405Gln,0.511855707513
p.Val405Glu,0.618473399037
p.Val405Gly,0.70365025436
p.Val405His,0.668673367144
p.Val405Ile,0.418638803827
p.Val405Leu,-0.117476984064
p.Val405Lys,0.581609179478
p.Val405Met,0.645458361062
p.Val405Phe,0.720861131511
p.Val405Pro,0.750579232451
p.Val405Ser,0.756210431082
p.Val405Thr,0.770588515591
p.Val405Tyr,0.65215967158
p.Val448Arg,1.68291693202
p.Val448Gly,2.63869056009
p.Val448Ile,0.279185240047
p.Val448Leu,1.01475161453
p.Val448Phe,0.686181290942
p.Val448Thr,-0.653988994447
p.Val448Tyr,-0.371817649167
p.Val464Ala,0.87346047399
p.Val464Arg,1.30914773685
p.Val464Asn,0.702644659325
p.Val464Asp,0.135161751485
p.Val464Cys,0.519744027992
p.Val464Glu,-1.33275581923
p.Val464Gly,0.554363393208
p.Val464His,0.680813543633
p.Val464Ile,0.955180318964
p.Val464Leu,2.97840732389
p.Val464Met,1.56797688241
p.Val464Phe,1.29522823851
p.Val464Pro,-0.0482176825463
p.Val464Ser,0.901175194563
p.Val464Thr,0.807709820598
p.Val464Trp,-0.685728189737
p.Val464Tyr,0.164490794846
p.Val470Ala,0.808847563408
p.Val470Arg,0.541464218783
p.Val470Asp,0.697902526119
p.Val470Cys,1.68517140211
p.Val470Gln,-2.09403779508
p.Val470Glu,0.0653769225544
p.Val470Gly,0.850561321288
p.Val470Leu,0.698435877547
p.Val470Lys,1.16845496283
p.Val470Met,3.10511822716
p.Val470Phe,1.76960266491
p.Val470Pro,0.707267543684
p.Val470Ser,0.552831994044
p.Val470Ter,0.738131765281
p.Val470Trp,1.61324204243
p.Val478Ala,1.22125141889
p.Val478Arg,0.56634491961
p.Val478Asn,0.809079580489
p.Val478Glu,0.695671884888
p.Val478Gly,0.65345477973
p.Val478Ile,0.567446633381
p.Val478Leu,0.662136270697
p.Val478Lys,0.708209764542
p.Val478Met,1.17487702003
p.Val478Ser,1.02849303367
p.Val478Thr,0.767586580744
p.Val478Tyr,1.05002513638
