p.Ala296Arg,-0.0802073477103
p.Ala296Asn,0.232418015685
p.Ala296Asp,-0.0776685437101
p.Ala296Glu,-0.00432237554441
p.Ala296Gly,0.372240230766
p.Ala296Ile,0.0250835621145
p.Ala296Leu,-0.0806976602152
p.Ala296Phe,0.153563439005
p.Ala296Ser,0.0955090707941
p.Ala296Ter,-0.00386674369941
p.Ala296Val,-0.109635144921
p.Ala309Ser,-0.078988943475
p.Ala314Arg,-0.0241653958777
p.Ala314Asn,0.0345797272378
p.Ala314Asp,-0.00149907185454
p.Ala314Cys,-0.0859159525384
p.Ala314Glu,0.0272676505097
p.Ala314Gly,-0.539391406483
p.Ala314His,-0.0999577919616
p.Ala314Ile,0.0653951232114
p.Ala314Leu,-0.0493021922938
p.Ala314Lys,-0.00564527308444
p.Ala314Met,0.144421626828
p.Ala314Phe,-0.0433090252321
p.Ala314Pro,0.0315846207213
p.Ala314Ser,-0.0610900822813
p.Ala314Ter,-0.0193899237303
p.Ala314Thr,0.0756559342907
p.Ala314Tyr,0.149529420174
p.Ala314Val,0.0547400267621
p.Ala330Arg,-0.240494555356
p.Ala330Asn,0.206652660545
p.Ala330Asp,0.121121626554
p.Ala330Gln,-1.05932019574
p.Ala330Glu,0.48794048037
p.Ala330Gly,0.0796863397936
p.Ala330His,0.348066127461
p.Ala330Ile,-0.0805475453893
p.Ala330Leu,0.141061262126
p.Ala330Lys,0.11180582415
p.Ala330Met,-0.101877654576
p.Ala330Phe,0.216914147869
p.Ala330Pro,0.0530190321074
p.Ala330Ser,0.194128502275
p.Ala330Trp,-0.227176291765
p.Ala330Tyr,-0.226463377373
p.Ala330Val,-0.000331827699329
p.Ala370Arg,-0.0535254266331
p.Ala370Asn,-0.166541691691
p.Ala370Asp,-0.0942083006496
p.Ala370Gln,-0.104833810835
p.Ala370Glu,-0.0137384174364
p.Ala370Gly,-0.18571857535
p.Ala370His,0.0215809643951
p.Ala370Ile,-0.631291260493
p.Ala370Leu,-0.398632113089
p.Ala370Lys,-0.159665669313
p.Ala370Met,-0.281430685156
p.Ala370Phe,-0.0479469105577
p.Ala370Pro,-0.223666903692
p.Ala370Ser,-0.0855724144339
p.Ala370Ter,-0.129983435691
p.Ala370Thr,0.0930001281024
p.Ala370Tyr,-0.0340340476746
p.Ala370Val,-0.496092188289
p.Ala371Arg,0.412482227941
p.Ala371Asp,-0.511472556862
p.Ala371Cys,-0.182417653525
p.Ala371Gln,-0.239895669691
p.Ala371Gly,-0.0409918447638
p.Ala371Ile,-0.163346135925
p.Ala371Leu,-0.215213370016
p.Ala371Phe,-0.394563274036
p.Ala371Pro,-0.190581027658
p.Ala371Ser,-0.0273296495768
p.Ala371Ter,0.0259571849782
p.Ala371Thr,-0.186645186938
p.Ala371Trp,-0.408137282542
p.Ala371Val,-0.214316360047
p.Ala374Arg,0.105215082239
p.Ala374Asn,-0.0948320590715
p.Ala374Asp,0.189973387858
p.Ala374Cys,-0.585177087101
p.Ala374Gln,-0.326293980578
p.Ala374Gly,0.212881395589
p.Ala374Ile,-0.0938448374392
p.Ala374Leu,-0.318746510071
p.Ala374Lys,0.630497626561
p.Ala374Met,-0.540203145773
p.Ala374Phe,-0.370369727234
p.Ala374Pro,-0.0322210310947
p.Ala374Ser,-0.245688452985
p.Ala374Ter,0.194019279507
p.Ala374Thr,-0.30085951461
p.Ala374Tyr,0.172048923989
p.Ala374Val,-0.383808948825
p.Ala378Arg,-0.203629168607
p.Ala378Asn,-0.0658638444694
p.Ala378Asp,-0.438927771741
p.Ala378Cys,-0.134637934555
p.Ala378Gly,-0.039448587138
p.Ala378His,-0.461292614264
p.Ala378Leu,-0.130330702963
p.Ala378Lys,0.547608416479
p.Ala378Met,-0.303232626013
p.Ala378Pro,0.029297312531
p.Ala378Ser,-0.155656671312
p.Ala378Thr,-0.0174060687934
p.Ala378Tyr,-0.555808756322
p.Ala392Gly,-0.556287049685
p.Ala392Ile,0.225208806672
p.Ala392Pro,-0.243455759862
p.Ala392Val,-0.274240536753
p.Ala393Arg,0.164581258526
p.Ala393Asp,-0.331183948825
p.Ala393Cys,0.167320670302
p.Ala393Gln,-0.258819760882
p.Ala393Glu,-0.109769363432
p.Ala393Gly,-0.0816282301468
p.Ala393Ile,0.260737727518
p.Ala393Leu,0.0484043717416
p.Ala393Lys,0.225039022006
p.Ala393Phe,0.0432428073129
p.Ala393Pro,-0.231193565225
p.Ala393Ser,-0.0618131008866
p.Ala393Val,0.794491491524
p.Ala406Arg,0.118521093205
p.Ala406Asn,0.117744235199
p.Ala406Asp,-0.324732490329
p.Ala406Glu,-0.110342285648
p.Ala406Gly,-0.149537928691
p.Ala406Ile,-0.24476302647
p.Ala406Leu,-0.051483534894
p.Ala406Lys,-0.11047028016
p.Ala406Pro,0.0271633093959
p.Ala406Ser,0.0760359481646
p.Ala406Ter,0.0729982574987
p.Ala406Thr,0.010884189161
p.Ala406Tyr,0.0419764081846
p.Ala406Val,-0.0974673770257
p.Ala411Arg,-0.0394902953266
p.Ala411Asn,0.339511932092
p.Ala411Asp,0.0561061403484
p.Ala411Gln,0.225031498816
p.Ala411Glu,0.25035249598
p.Ala411Gly,0.136675119197
p.Ala411His,-0.456355575416
p.Ala411Ile,-0.0405283499848
p.Ala411Leu,-0.00871282188607
p.Ala411Met,0.160163390758
p.Ala411Ser,0.431081296733
p.Ala411Ter,0.0311995570403
p.Ala411Thr,0.162505682888
p.Ala411Tyr,0.0801701398663
p.Ala411Val,-0.0975505366419
p.Ala421Arg,-0.0107472366334
p.Ala421Asn,0.0570732678311
p.Ala421Asp,0.0295031619867
p.Ala421Cys,0.165231867304
p.Ala421Gln,0.0940179549471
p.Ala421Glu,0.107848839553
p.Ala421Gly,0.0634164625822
p.Ala421His,0.112508991079
p.Ala421Ile,0.0358150302496
p.Ala421Leu,0.0784951129679
p.Ala421Lys,-0.0150939120446
p.Ala421Met,0.0338676474545
p.Ala421Phe,0.103184206806
p.Ala421Pro,0.120864097644
p.Ala421Ser,0.136077062663
p.Ala421Ter,0.183632008336
p.Ala421Thr,0.25226368083
p.Ala421Trp,-0.0544915661803
p.Ala421Tyr,-0.0646061022616
p.Ala421Val,0.0665082587187
p.Ala425Arg,0.115892006462
p.Ala425Asn,0.444149305367
p.Ala425Asp,0.194525846859
p.Ala425Cys,0.138343984495
p.Ala425Gln,0.198436266942
p.Ala425Glu,0.00991677229361
p.Ala425Gly,0.018891995399
p.Ala425His,0.179558592574
p.Ala425Ile,0.0205490262735
p.Ala425Leu,0.0945840403965
p.Ala425Lys,0.00977082561918
p.Ala425Met,0.131581877296
p.Ala425Phe,-0.100670497522
p.Ala425Pro,0.0667782525588
p.Ala425Ser,0.225696351533
p.Ala425Ter,-0.0974947353275
p.Ala425Trp,0.422546312659
p.Ala425Tyr,0.125097210909
p.Ala425Val,0.118977489331
p.Ala433Arg,0.0397012804685
p.Ala433Asn,-0.0108847953011
p.Ala433Asp,-0.789737974041
p.Ala433Cys,-0.679187279979
p.Ala433Gln,0.0124816558603
p.Ala433Glu,-0.394034901839
p.Ala433Gly,-0.186080724647
p.Ala433His,-0.0837133383129
p.Ala433Ile,-0.0484362023138
p.Ala433Leu,-0.0423831936768
p.Ala433Lys,0.420745830566
p.Ala433Met,0.100228278182
p.Ala433Phe,-0.00927116398888
p.Ala433Pro,0.212514710502
p.Ala433Ser,-0.0701969798806
p.Ala433Ter,-0.11572170383
p.Ala433Thr,-0.155662689911
p.Ala433Trp,0.0111602416485
p.Ala433Tyr,0.106514518565
p.Ala433Val,0.0434400081996
p.Ala436Val,0.157948722233
p.Ala437Arg,0.248735957335
p.Ala437Cys,0.00027004025799
p.Ala437Gly,0.0819096171811
p.Ala437Ile,-0.637508663682
p.Ala437Leu,-0.0519865236967
p.Ala437Lys,-0.264905258433
p.Ala437Thr,0.400896703411
p.Ala437Val,-0.207081233947
p.Arg271Ala,0.0361623704485
p.Arg271Asp,0.13952563142
p.Arg271Gln,0.334908643699
p.Arg271Gly,0.124451512452
p.Arg271Lys,0.140530516569
p.Arg271Pro,-0.491845073094
p.Arg271Ser,0.145747166599
p.Arg271Thr,0.153558249308
p.Arg271Trp,0.0538939264473
p.Arg271Tyr,0.348850959844
p.Arg271Val,0.0675793105576
p.Arg294Ala,1.05760152351
p.Arg294Asn,1.34582075037
p.Arg294Asp,0.337143757461
p.Arg294Cys,-0.0233577834874
p.Arg294Gln,0.284529263824
p.Arg294Glu,0.0578649286972
p.Arg294Gly,0.428417447522
p.Arg294His,0.500993392031
p.Arg294Ile,0.0776336282338
p.Arg294Leu,0.857810669119
p.Arg294Lys,0.464119902652
p.Arg294Met,0.462828214649
p.Arg294Phe,-0.0830847101832
p.Arg294Pro,0.722114365141
p.Arg294Ser,0.385277002317
p.Arg294Ter,-0.0337054486169
p.Arg294Thr,3.06122288932
p.Arg294Trp,-0.233678975457
p.Arg294Tyr,0.0902485327018
p.Arg294Val,-0.0779880093695
p.Arg321Ala,-0.515536528382
p.Arg321Gly,0.520695983949
p.Arg321His,0.144634893148
p.Arg321Leu,-0.254401890669
p.Arg321Lys,-0.224585234823
p.Arg321Met,-0.0719628237226
p.Arg321Phe,0.128294919778
p.Arg321Pro,-0.323961649247
p.Arg321Ser,0.248997872123
p.Arg321Thr,0.199240917874
p.Arg321Trp,-0.223155699976
p.Arg321Tyr,-0.0629220944898
p.Arg362Ala,-0.00720943906518
p.Arg362Asn,-0.0336945260265
p.Arg362Asp,-0.051711730448
p.Arg362Glu,0.140122952411
p.Arg362Gly,-0.0836196348271
p.Arg362His,-0.0727765779705
p.Arg362Ile,-0.156904160594
p.Arg362Leu,-0.0723924385573
p.Arg362Lys,-0.0483880298921
p.Arg362Met,-0.0299365775316
p.Arg362Pro,0.00059267921703
p.Arg362Ser,-0.0296636876164
p.Arg362Ter,-0.219985503028
p.Arg362Thr,0.0139409335999
p.Arg362Trp,-0.0622807505132
p.Arg362Tyr,-0.170638643792
p.Arg362Val,0.0908499902142
p.Arg382Ala,-0.0405534570647
p.Arg382Asn,-0.00955469590362
p.Arg382Asp,-0.267945418757
p.Arg382Gly,-0.0280879703914
p.Arg382His,0.0334814387966
p.Arg382Ile,0.0753291013139
p.Arg382Leu,-0.197519420789
p.Arg382Lys,0.32229121041
p.Arg382Met,0.270712800122
p.Arg382Pro,0.049925536409
p.Arg382Ser,0.371140111918
p.Arg382Thr,0.0333928157797
p.Arg382Tyr,-0.393763714713
p.Arg382Val,-0.302095175043
p.Arg388Asn,0.173994244999
p.Arg388Asp,-0.0175822063876
p.Arg388Gln,-0.268056409434
p.Arg388Gly,0.0415742792092
p.Arg388His,0.0991665807888
p.Arg388Ile,-0.21005557911
p.Arg388Leu,-0.0207849772454
p.Arg388Phe,0.070488221445
p.Arg388Pro,-0.0378422912022
p.Arg388Ser,-0.134357865846
p.Arg388Thr,0.0870568942979
p.Arg388Tyr,0.0130055133334
p.Arg388Val,-0.27260990394
p.Arg391Ala,0.0689020280027
p.Arg391Asn,-0.190254563517
p.Arg391Asp,-0.00439421266631
p.Arg391Cys,0.088563929177
p.Arg391Gln,0.479122082381
p.Arg391Glu,0.119396819307
p.Arg391Gly,0.0408702623566
p.Arg391His,0.296285777153
p.Arg391Ile,-0.142459083179
p.Arg391Leu,-0.0201295189188
p.Arg391Lys,0.0179304366031
p.Arg391Phe,-0.0197574144806
p.Arg391Pro,0.0837874453777
p.Arg391Ser,0.0811040711712
p.Arg391Ter,-0.401126606422
p.Arg391Thr,0.214600335541
p.Arg391Tyr,0.044185113907
p.Arg391Val,0.0872114670476
p.Arg412Ala,0.00849478835247
p.Arg412Asn,-0.0399440711246
p.Arg412Asp,-0.00561621782647
p.Arg412Cys,0.0799042961373
p.Arg412Gln,0.168705710277
p.Arg412Glu,0.11471592202
p.Arg412Gly,-0.0755075734914
p.Arg412His,0.108598421733
p.Arg412Leu,-0.0486969208369
p.Arg412Phe,0.0524856737782
p.Arg412Pro,0.106735714646
p.Arg412Ter,0.0122839307262
p.Arg412Thr,-0.195427805911
p.Arg412Trp,0.154172071733
p.Arg412Tyr,0.032867212828
p.Arg412Val,0.0495297273911
p.Arg422Ala,0.294528074663
p.Arg422Asn,0.290115856274
p.Arg422Asp,0.00932599111555
p.Arg422Cys,-0.13271025328
p.Arg422Gln,0.371789389775
p.Arg422Glu,-0.0678887608938
p.Arg422Gly,0.252384629346
p.Arg422His,-0.0428762476568
p.Arg422Ile,0.0490140538363
p.Arg422Leu,0.117633543323
p.Arg422Lys,0.347836022453
p.Arg422Met,0.0730556158332
p.Arg422Phe,0.0518848611761
p.Arg422Pro,0.214692979795
p.Arg422Ser,0.365421484198
p.Arg422Ter,0.0490001491262
p.Arg422Thr,0.134838089605
p.Arg422Trp,-0.0657033194581
p.Arg422Tyr,0.074953783531
p.Arg422Val,-0.0119607383304
p.Arg441Ala,-0.00165640393226
p.Arg441Asn,0.0765097808894
p.Arg441Asp,0.169232996933
p.Arg441Cys,-0.00925575950191
p.Arg441Gln,0.0344469725362
p.Arg441Glu,0.114962925765
p.Arg441Gly,-0.402555938076
p.Arg441His,-0.536581099374
p.Arg441Ile,-0.246272945146
p.Arg441Leu,-0.0645927313845
p.Arg441Lys,0.0635710627409
p.Arg441Met,0.0293058443815
p.Arg441Phe,-0.0584512171297
p.Arg441Pro,-0.0389899138185
p.Arg441Ser,-0.00648172369837
p.Arg441Ter,0.124498647202
p.Arg441Thr,-0.0231677260075
p.Arg441Trp,-0.111336600503
p.Arg441Tyr,-0.187918874153
p.Arg441Val,-0.373305161237
p.Arg463Ala,0.0219276578811
p.Arg463Asp,0.084258227036
p.Arg463Cys,0.325901722984
p.Arg463Gln,-0.0786215316905
p.Arg463Gly,0.0523045270914
p.Arg463His,-0.0600743723204
p.Arg463Leu,-0.186411150634
p.Arg463Lys,-0.25273765328
p.Arg463Met,0.107093153649
p.Arg463Phe,-0.0663222139561
p.Arg463Pro,0.0679815073498
p.Arg463Ser,0.00842824636635
p.Arg463Ter,0.0267084233138
p.Arg463Thr,0.222620389654
p.Arg463Val,-0.262426854692
p.Arg472Ala,0.144179138912
p.Arg472Asp,0.0501391041342
p.Arg472Cys,-0.0902578514898
p.Arg472Gln,0.65828455089
p.Arg472Glu,0.109202003943
p.Arg472Gly,0.0999039667171
p.Arg472His,-0.169641786221
p.Arg472Ile,0.129666381643
p.Arg472Leu,-0.209313902969
p.Arg472Met,0.0869487722138
p.Arg472Phe,-0.49734335369
p.Arg472Pro,0.125892012186
p.Arg472Ser,0.49706498274
p.Arg472Ter,-0.287151993378
p.Arg472Thr,0.479559234543
p.Arg472Tyr,0.0373682442612
p.Arg472Val,-0.243823046463
p.Arg480Ala,0.112740865101
p.Arg480Asn,0.167325301457
p.Arg480Asp,-0.0485443286286
p.Arg480Cys,0.191335377489
p.Arg480Gln,0.00236870207398
p.Arg480Glu,0.143860260531
p.Arg480Gly,0.13551822177
p.Arg480His,0.160272142396
p.Arg480Ile,0.0752202983109
p.Arg480Leu,-0.0521042296427
p.Arg480Lys,-0.106028297018
p.Arg480Met,0.0515093756705
p.Arg480Phe,-0.107710926204
p.Arg480Pro,0.00125106207173
p.Arg480Ser,0.0684882369256
p.Arg480Ter,0.106235929904
p.Arg480Thr,0.160829841722
p.Arg480Tyr,-0.158417673158
p.Arg480Val,0.0118622867634
p.Arg483Ala,-0.129371523556
p.Arg483Asn,-0.322525943344
p.Arg483Asp,0.0264648297121
p.Arg483Cys,-0.040142942498
p.Arg483Gln,-0.172069272565
p.Arg483Glu,-0.0601350240544
p.Arg483Gly,-0.0132591358799
p.Arg483His,-0.0714480070734
p.Arg483Ile,-0.055127846972
p.Arg483Leu,-0.0578312627501
p.Arg483Lys,0.00830498751017
p.Arg483Met,0.0610268012306
p.Arg483Phe,-0.209011588244
p.Arg483Pro,-0.0314941891689
p.Arg483Ser,-0.108529562001
p.Arg483Ter,0.046565701744
p.Arg483Thr,-0.120190158396
p.Arg483Trp,-0.0754564754175
p.Arg483Tyr,-0.165270547067
p.Arg483Val,-0.0352038746171
p.Arg503Ala,0.350019047214
p.Arg503Asn,-0.0672942973898
p.Arg503Asp,-0.33331115811
p.Arg503Cys,-0.111321498715
p.Arg503Gln,0.0205015370094
p.Arg503Glu,0.120828446475
p.Arg503Gly,-0.0860203087309
p.Arg503His,0.0789376242612
p.Arg503Ile,0.118454177657
p.Arg503Leu,0.0196954590635
p.Arg503Met,-0.132361651827
p.Arg503Phe,-0.433414682628
p.Arg503Pro,0.0301723500745
p.Arg503Ser,-0.121525651806
p.Arg503Ter,-0.137650284335
p.Arg503Thr,-0.057627165497
p.Arg503Trp,-0.470973656427
p.Arg503Tyr,-0.408341085255
p.Arg503Val,0.0581895941176
p.Arg509Ala,-0.0167772662569
p.Arg509Asn,0.0248136427454
p.Arg509Asp,-0.288507753837
p.Arg509Cys,0.0415780912571
p.Arg509Gln,0.192634607241
p.Arg509Glu,0.165057146583
p.Arg509Gly,-0.015633265296
p.Arg509His,-0.125887545586
p.Arg509Ile,-0.100386648531
p.Arg509Leu,-0.292163050601
p.Arg509Lys,0.0172514828504
p.Arg509Met,0.0389658792991
p.Arg509Phe,0.0654335513489
p.Arg509Pro,0.269321918166
p.Arg509Ser,-0.0768596104482
p.Arg509Ter,-0.124499252093
p.Arg509Thr,-0.0532327289365
p.Arg509Trp,0.0283149865909
p.Arg509Tyr,0.150955932038
p.Arg509Val,0.0145199841779
p.Asn290Ala,0.190302962511
p.Asn290Arg,0.224390014266
p.Asn290Asp,0.583320407344
p.Asn290Cys,0.109811347587
p.Asn290Gln,0.18427264874
p.Asn290Glu,0.127670827212
p.Asn290Gly,0.332670504362
p.Asn290His,0.379243094532
p.Asn290Ile,0.419418972862
p.Asn290Leu,-0.00424524145559
p.Asn290Lys,0.413847815751
p.Asn290Met,0.065937763032
p.Asn290Phe,1.1869667715
p.Asn290Pro,0.149838213924
p.Asn290Ser,0.475814535722
p.Asn290Ter,-0.115125710827
p.Asn290Thr,0.440954242109
p.Asn290Trp,0.809027044727
p.Asn290Tyr,0.171338953884
p.Asn290Val,0.452992880875
p.Asn384Ala,0.856733184574
p.Asn384Arg,-0.391088383672
p.Asn384Asp,0.360622783541
p.Asn384Cys,-0.181690005881
p.Asn384Gln,-0.0121260774552
p.Asn384Glu,0.153594951653
p.Asn384Gly,0.681870754144
p.Asn384Ile,-0.63025919817
p.Asn384Leu,-0.247886918234
p.Asn384Met,-0.0539691300254
p.Asn384Phe,-0.20037839835
p.Asn384Pro,-0.285622829991
p.Asn384Ser,-0.00855266342738
p.Asn384Ter,-0.41631514818
p.Asn384Tyr,-0.389834953526
p.Asn384Val,-0.0210362819546
p.Asn394Ala,-0.0211787304578
p.Asn394Arg,0.291975140215
p.Asn394Asp,0.142325015792
p.Asn394Cys,-0.00799980321225
p.Asn394Gln,-0.0613614578057
p.Asn394Gly,-0.0275903809054
p.Asn394His,0.124779423163
p.Asn394Ile,-0.0544511305555
p.Asn394Leu,-0.0247465222626
p.Asn394Met,0.45855910546
p.Asn394Phe,0.144941014656
p.Asn394Pro,0.112299849909
p.Asn394Ser,-0.111298125367
p.Asn394Tyr,-0.0259185525505
p.Asn394Val,0.0481411988205
p.Asn400Ile,-1.32055563838
p.Asn417Ala,0.118557596297
p.Asn417Arg,-0.00524660598717
p.Asn417Cys,0.0253443243136
p.Asn417Gln,0.0624841398071
p.Asn417Glu,-0.0403583528543
p.Asn417Gly,0.131289646625
p.Asn417His,-0.113938493259
p.Asn417Ile,0.241555509212
p.Asn417Leu,-0.0284216192748
p.Asn417Lys,0.00776272461611
p.Asn417Met,0.070570781752
p.Asn417Pro,-0.0903785046617
p.Asn417Ser,-0.0093693447934
p.Asn417Ter,-0.0417663091013
p.Asn417Thr,0.157919258895
p.Asn471Ala,0.0910804639307
p.Asn471Arg,0.144852249784
p.Asn471Asp,0.107854643236
p.Asn471Cys,-0.0750640378413
p.Asn471Gln,-0.0760069540557
p.Asn471Glu,0.07620582021
p.Asn471Gly,0.157262384851
p.Asn471His,0.255981921156
p.Asn471Ile,-0.0219635880311
p.Asn471Leu,0.145712595151
p.Asn471Lys,0.267740904633
p.Asn471Met,0.0590778004546
p.Asn471Phe,0.0441719592196
p.Asn471Pro,0.205465977272
p.Asn471Ser,0.070906840007
p.Asn471Ter,-0.0997153319075
p.Asn471Thr,-0.00496225918917
p.Asn471Trp,-0.000522946364935
p.Asn471Tyr,0.157492475503
p.Asn471Val,0.11999058426
p.Asp351Ala,-0.159726311298
p.Asp351Arg,-0.217972041946
p.Asp351Asn,0.0317951474016
p.Asp351Cys,-0.123423189141
p.Asp351Gln,-0.0501027685363
p.Asp351Glu,-0.196337497622
p.Asp351Gly,0.0080923946072
p.Asp351His,-0.0443158022398
p.Asp351Ile,-0.448567184189
p.Asp351Leu,-0.161553104302
p.Asp351Lys,-0.152480457086
p.Asp351Met,-0.0644682747061
p.Asp351Phe,-0.338574254501
p.Asp351Pro,0.121920515438
p.Asp351Ser,-0.0265006682201
p.Asp351Ter,-0.120054085196
p.Asp351Thr,-0.0704985454584
p.Asp351Tyr,-0.0663716649428
p.Asp351Val,-0.202196359527
p.Asp368Ala,0.379075349901
p.Asp368Arg,0.542779798588
p.Asp368Asn,0.0990040437422
p.Asp368Gly,0.136548860148
p.Asp368His,0.587747068046
p.Asp368Ile,-0.212993035473
p.Asp368Leu,-0.201220728098
p.Asp368Phe,0.43015451874
p.Asp368Pro,-0.183724325006
p.Asp368Ser,-0.00907959217052
p.Asp368Ter,-0.0869663219848
p.Asp368Thr,0.148130597515
p.Asp368Trp,0.401782228625
p.Asp368Tyr,0.29678863022
p.Asp368Val,-0.427582190547
p.Asp389Ala,-0.0135439002408
p.Asp389Arg,-0.0473029843462
p.Asp389Asn,0.151822135345
p.Asp389Gly,0.0637697837213
p.Asp389His,-0.123099959663
p.Asp389Ile,0.602329343951
p.Asp389Leu,0.0919127452772
p.Asp389Met,0.3323064538
p.Asp389Phe,0.0481514890244
p.Asp389Pro,-0.106561222455
p.Asp389Ser,-0.0736480000279
p.Asp389Ter,-0.263496994222
p.Asp389Tyr,-0.124930708414
p.Asp389Val,0.229969888861
p.Asp407Asn,-0.137903903753
p.Asp407Cys,-0.0629623322244
p.Asp407Glu,0.066981262264
p.Asp407Gly,-0.149202628807
p.Asp407His,0.372410817458
p.Asp407Ile,0.526614291552
p.Asp407Leu,0.0306040807005
p.Asp407Lys,0.0187721337155
p.Asp407Phe,-0.0057755822457
p.Asp407Ser,-0.153605027603
p.Asp407Thr,0.162557542312
p.Asp407Trp,0.0585606589281
p.Asp407Tyr,-0.192730945725
p.Asp407Val,-0.0892985994712
p.Asp416Ile,0.119224866758
p.Asp416Thr,0.194456112536
p.Asp416Val,0.251764196716
p.Asp447Ala,-0.0465545712005
p.Asp447Arg,-0.00802072758016
p.Asp447Asn,0.00954132238761
p.Asp447Glu,-0.84852205714
p.Asp447Gly,0.0399583010245
p.Asp447His,-0.0128368744484
p.Asp447Ile,0.0505672364541
p.Asp447Leu,-0.102050640075
p.Asp447Lys,0.15198870656
p.Asp447Met,0.0159164033306
p.Asp447Pro,0.0891641565052
p.Asp447Ser,0.026478635388
p.Asp447Ter,0.23171493366
p.Asp447Thr,-0.0163415678474
p.Asp447Tyr,0.0304781505789
p.Asp447Val,-0.0154456224528
p.Asp476Ser,0.361660774501
p.Asp476Tyr,0.252441338342
p.Asp476Val,-0.615404454302
p.Asp496Arg,-0.518649858635
p.Asp496Leu,0.0406564447728
p.Asp496Tyr,-0.041114715632
p.Asp496Val,-0.17704543555
p.Cys280Ala,0.198830764261
p.Cys280Arg,-0.0667622421835
p.Cys280Asn,0.191903702968
p.Cys280Asp,-0.0281573637942
p.Cys280Gly,0.219527758088
p.Cys280His,-0.665155896907
p.Cys280Ile,0.129104127914
p.Cys280Leu,0.0727166723492
p.Cys280Lys,-0.0385895629293
p.Cys280Met,0.775195016174
p.Cys280Phe,0.0232868419955
p.Cys280Pro,-0.0930584456059
p.Cys280Ser,0.0613157094324
p.Cys280Ter,0.0134111477945
p.Cys280Thr,0.116124419511
p.Cys280Tyr,-0.0577418833452
p.Cys280Val,0.239054999251
p.Cys403Ala,-0.165845665778
p.Cys403Arg,-0.0692620390718
p.Cys403Gln,0.0600277314136
p.Cys403Glu,0.153224455949
p.Cys403Gly,-0.286912992777
p.Cys403Ile,0.514158034955
p.Cys403Leu,-0.0725790807492
p.Cys403Lys,-0.0113648123683
p.Cys403Met,-0.184311887296
p.Cys403Phe,-0.0211412084273
p.Cys403Ser,0.0664099086064
p.Cys403Ter,-0.00659916988197
p.Cys403Tyr,-0.341081353983
p.Cys403Val,0.279847414618
p.Cys486Ala,0.0717850976444
p.Cys486Arg,-0.309366787687
p.Cys486Gln,0.165489379942
p.Cys486Glu,-0.305904716934
p.Cys486Gly,-0.239152872674
p.Cys486Leu,-0.323534738401
p.Cys486Lys,-0.25740065946
p.Cys486Met,-0.227564838837
p.Cys486Pro,-0.417269198725
p.Cys486Ser,-0.0319888720401
p.Cys486Thr,0.132815344688
p.Cys486Val,0.153657694208
p.Cys490Ala,0.112616965342
p.Cys490Arg,-0.154054250762
p.Cys490Asp,0.199911099736
p.Cys490Gly,-0.177296624272
p.Cys490Ile,-0.0173383243464
p.Cys490Leu,-0.0141748294323
p.Cys490Lys,-0.0456004353447
p.Cys490Met,-0.102497034639
p.Cys490Ser,-0.147000904569
p.Cys490Thr,-0.21497654986
p.Cys490Val,0.187691537242
p.Cys499Ala,0.164873308565
p.Cys499Arg,0.0595719698205
p.Cys499Gln,0.0414640140832
p.Cys499Gly,0.102665037283
p.Cys499His,-0.0736689379677
p.Cys499Leu,0.212028007455
p.Cys499Lys,-0.888414947706
p.Cys499Met,0.683526958249
p.Cys499Pro,-3.78178368489e-05
p.Cys499Ser,0.00239673996956
p.Cys499Thr,-0.018400137202
p.Cys499Trp,0.0722294964473
p.Cys499Tyr,-0.617235308926
p.Cys499Val,0.0209131928262
p.Cys501Ala,0.0820443308505
p.Cys501Arg,-0.190094999052
p.Cys501Asn,-0.792252240005
p.Cys501Asp,-0.398401565087
p.Cys501Glu,-0.112984551325
p.Cys501Gly,-0.168632077255
p.Cys501Ile,-0.164338134295
p.Cys501Leu,-0.436705298684
p.Cys501Met,0.208433418741
p.Cys501Pro,0.0627304654994
p.Cys501Ser,-0.318469791672
p.Cys501Thr,0.0160879301356
p.Cys501Trp,0.0544570389359
p.Cys501Val,-0.282721787722
p.Gln278Ala,0.372042884303
p.Gln278Arg,0.0690388548539
p.Gln278Asn,0.229569258661
p.Gln278Asp,0.0517230830051
p.Gln278Cys,-0.0374226560075
p.Gln278Glu,0.509514165573
p.Gln278Gly,0.120379915392
p.Gln278His,0.20813933099
p.Gln278Ile,0.104819469139
p.Gln278Leu,0.141398976257
p.Gln278Lys,0.151433676263
p.Gln278Met,0.0698221785118
p.Gln278Phe,0.0756676216634
p.Gln278Pro,-0.0613935919068
p.Gln278Ser,0.198168688682
p.Gln278Ter,0.015981858736
p.Gln278Thr,-0.0772283874539
p.Gln278Tyr,0.114618188463
p.Gln278Val,-0.00184967995338
p.Gln312Arg,0.0688933107338
p.Gln312Asn,-0.0732388219383
p.Gln312Asp,-0.248215371942
p.Gln312Cys,-0.0368808506796
p.Gln312Glu,0.051931216195
p.Gln312Gly,-0.196823258841
p.Gln312His,0.0900778886882
p.Gln312Ile,-0.0953900783451
p.Gln312Leu,-0.0770845770803
p.Gln312Lys,0.0257323051474
p.Gln312Met,-0.248801244598
p.Gln312Phe,-0.322668707171
p.Gln312Pro,0.0314644151596
p.Gln312Ser,0.0392016649261
p.Gln312Ter,-0.159416696924
p.Gln312Thr,0.0449604177513
p.Gln312Trp,-0.248570262198
p.Gln312Tyr,-0.121957628788
p.Gln312Val,-0.0216151607001
p.Gln315Ala,-0.0676362322941
p.Gln315Arg,0.0883479573371
p.Gln315Asn,-0.344284321905
p.Gln315Asp,-0.362359590073
p.Gln315Cys,0.0763234947282
p.Gln315Glu,-0.0135350640027
p.Gln315Gly,-0.351400467256
p.Gln315His,-0.121961293542
p.Gln315Ile,-0.109291846703
p.Gln315Leu,-0.0483601768681
p.Gln315Lys,0.0237559905029
p.Gln315Met,-0.181351901436
p.Gln315Phe,-0.0778480220447
p.Gln315Pro,0.113718537033
p.Gln315Ser,-0.1204531045
p.Gln315Thr,0.115622550064
p.Gln315Tyr,-0.161193442859
p.Gln315Val,-0.0487344278598
p.Gln327Ala,0.292650010466
p.Gln327Arg,-0.103726707031
p.Gln327Asn,0.374606376324
p.Gln327Asp,1.09938073063
p.Gln327Glu,1.04852278225
p.Gln327Gly,0.0607449608155
p.Gln327His,-0.0302602409001
p.Gln327Ile,-0.190624327235
p.Gln327Leu,-0.338417651501
p.Gln327Lys,0.180778801252
p.Gln327Met,0.227354315342
p.Gln327Phe,-0.291272578186
p.Gln327Pro,-0.150429551197
p.Gln327Ser,0.181917343529
p.Gln327Ter,0.117895268306
p.Gln327Thr,-0.274261253257
p.Gln327Tyr,-0.0017516027906
p.Gln327Val,-0.324460628554
p.Gln365Met,1.71872228551
p.Gln365Ser,-0.384971416462
p.Gln372Ala,-0.366898534491
p.Gln372Gly,1.68817297958
p.Gln372His,-0.00336548454169
p.Gln372Ile,-0.157372602826
p.Gln372Leu,-0.255203766393
p.Gln372Lys,-1.08082181669
p.Gln372Met,-0.248705812496
p.Gln372Phe,-0.400378105065
p.Gln372Pro,-0.20596195794
p.Gln372Ser,0.12544056967
p.Gln372Tyr,-0.248848255059
p.Gln372Val,-0.367955201862
p.Gln423Ala,-0.138207634843
p.Gln423Arg,-0.0319751455013
p.Gln423Asn,0.132826080766
p.Gln423Asp,0.0774886265637
p.Gln423Cys,-0.265595463698
p.Gln423Glu,0.231885928624
p.Gln423Gly,0.0925527210745
p.Gln423His,0.0622781368729
p.Gln423Ile,-0.298110138049
p.Gln423Leu,0.0164117312435
p.Gln423Lys,0.0591585269884
p.Gln423Met,0.0243938804434
p.Gln423Pro,-0.0516093004198
p.Gln423Ser,0.19013778171
p.Gln423Ter,-0.0426943003693
p.Gln423Thr,-0.0211155582777
p.Gln423Tyr,-0.104594069359
p.Gln423Val,-0.126422711333
p.Gln477Ala,0.0326981752563
p.Gln477Arg,-0.215630134728
p.Gln477Asn,-0.0849183473752
p.Gln477Asp,0.894395360382
p.Gln477Glu,-0.278025123675
p.Gln477Gly,-0.0486405585785
p.Gln477His,0.118794578737
p.Gln477Ile,0.216441454956
p.Gln477Leu,0.117609700239
p.Gln477Lys,-0.0920857652343
p.Gln477Met,-0.0136865290881
p.Gln477Phe,-0.59758183572
p.Gln477Pro,0.154644838023
p.Gln477Ser,0.209584241281
p.Gln477Ter,0.0144984558068
p.Gln477Thr,-0.109176499133
p.Gln477Trp,0.391146013102
p.Gln477Tyr,0.0925232786279
p.Gln477Val,0.0905241081289
p.Gln500Ala,0.264213745125
p.Gln500Arg,0.0343026869005
p.Gln500Asn,-0.0404203125502
p.Gln500Asp,-0.224197427925
p.Gln500Cys,0.0156381605734
p.Gln500Glu,-0.0757431721602
p.Gln500Gly,-0.141005151538
p.Gln500His,-0.295081029855
p.Gln500Ile,-0.266861633575
p.Gln500Leu,0.0323326011719
p.Gln500Lys,0.155006328168
p.Gln500Met,-0.155096884985
p.Gln500Phe,-0.422977359432
p.Gln500Pro,-0.16831893699
p.Gln500Ser,0.0984501633746
p.Gln500Ter,-0.0489247423117
p.Gln500Thr,-0.434111845028
p.Gln500Trp,-0.391570781278
p.Gln500Tyr,-0.102480285857
p.Gln500Val,-0.125207366215
p.Gln516Ala,0.169658795059
p.Gln516Arg,0.100592662283
p.Gln516Asp,-0.10450657313
p.Gln516Cys,-0.266030490035
p.Gln516Gly,-0.0363155894561
p.Gln516His,0.013192555975
p.Gln516Ile,-0.233983474591
p.Gln516Leu,-0.0704162343226
p.Gln516Lys,-0.329079968004
p.Gln516Met,0.397106272392
p.Gln516Pro,-0.556297932718
p.Gln516Ser,0.104781227506
p.Gln516Thr,0.0974860006843
p.Gln516Val,0.0123073158425
p.Glu273Ala,0.947447502465
p.Glu273Arg,1.19198204152
p.Glu273Asn,0.615291885943
p.Glu273Asp,0.210519340419
p.Glu273Cys,0.259647749216
p.Glu273Gly,0.0560670194011
p.Glu273Ile,-1.23141257692
p.Glu273Leu,-0.274020194933
p.Glu273Met,-0.381200339321
p.Glu273Pro,0.834208973245
p.Glu273Ser,0.345398747251
p.Glu273Thr,1.3911465194
p.Glu283Ala,0.320617906643
p.Glu283Asp,0.171272899367
p.Glu283Gln,0.165946506442
p.Glu283Gly,-0.113432750222
p.Glu283Leu,0.902148381892
p.Glu283Lys,1.39145752463
p.Glu283Met,0.428572230497
p.Glu283Pro,-0.0465427043874
p.Glu283Thr,0.710099257581
p.Glu283Val,1.77900523926
p.Glu308Ala,0.0208229065027
p.Glu308Arg,-0.0364741155283
p.Glu308Asp,0.45120908455
p.Glu308Cys,0.639344648734
p.Glu308Gly,-0.165150770666
p.Glu308His,-0.505779351975
p.Glu308Leu,0.0217899420774
p.Glu308Lys,0.152172571347
p.Glu308Met,0.136345564982
p.Glu308Phe,-0.302005307574
p.Glu308Pro,-0.0357496135456
p.Glu308Ser,-0.139585832691
p.Glu308Thr,-0.0390797202396
p.Glu308Val,-0.256508813549
p.Glu313Ala,0.0619037979212
p.Glu313Arg,-0.0264513587627
p.Glu313Asn,-0.012860857741
p.Glu313Asp,0.26013841332
p.Glu313Gly,0.0729064615236
p.Glu313His,-0.0732831228778
p.Glu313Ile,0.136632347316
p.Glu313Leu,0.0348309003065
p.Glu313Lys,0.153353638823
p.Glu313Met,0.01957234447
p.Glu313Phe,-0.125703462414
p.Glu313Pro,0.212251302922
p.Glu313Ser,0.03477947788
p.Glu313Thr,0.0362743436597
p.Glu313Tyr,0.160800141305
p.Glu313Val,0.177767196288
p.Glu323Ala,-0.54976222643
p.Glu323Arg,-0.615365512504
p.Glu323Asn,0.0337084081966
p.Glu323Asp,0.360962366093
p.Glu323Cys,-0.380405858125
p.Glu323Gly,0.239103897941
p.Glu323His,-0.748380379467
p.Glu323Ile,-0.361966941241
p.Glu323Leu,-0.453530602581
p.Glu323Lys,-0.606711355942
p.Glu323Phe,-0.437900033151
p.Glu323Pro,0.0650445887858
p.Glu323Ser,-0.0313094442782
p.Glu323Ter,0.0335364631248
p.Glu323Thr,-0.601273907346
p.Glu323Trp,-0.461694635634
p.Glu323Tyr,-0.490862528012
p.Glu323Val,-0.281205800957
p.Glu334Ala,0.309119540138
p.Glu334Arg,0.249496693137
p.Glu334Asn,0.390749184805
p.Glu334Cys,-0.685373352876
p.Glu334Gln,0.146009250364
p.Glu334Gly,-0.111713908343
p.Glu334His,0.129103884245
p.Glu334Ile,0.223326940671
p.Glu334Leu,0.424958529723
p.Glu334Lys,0.403860548629
p.Glu334Phe,-0.401761085035
p.Glu334Pro,0.647971089229
p.Glu334Ser,0.0663761089381
p.Glu334Ter,-0.109718654853
p.Glu334Thr,0.194391954829
p.Glu334Trp,0.493044597761
p.Glu334Tyr,0.490742106231
p.Glu334Val,0.239920120552
p.Glu335Ala,0.499037201308
p.Glu335Arg,0.707249850303
p.Glu335Asn,-0.185584162411
p.Glu335Asp,0.571885969601
p.Glu335Cys,0.734009139733
p.Glu335Gly,0.119811245075
p.Glu335Ile,0.933499812381
p.Glu335Leu,0.799041845152
p.Glu335Lys,0.246266120152
p.Glu335Met,2.96837709199
p.Glu335Pro,0.422516345945
p.Glu335Ser,0.0936124929819
p.Glu335Ter,-0.0172331271875
p.Glu335Thr,0.041224406769
p.Glu335Val,0.458621680134
p.Glu342Leu,-0.109517906785
p.Glu356Ala,-0.0914936384471
p.Glu356Arg,-0.0788913411527
p.Glu356Asp,0.0747601220276
p.Glu356Cys,-0.0105271911485
p.Glu356Gln,0.868676357793
p.Glu356Gly,-0.0403937661316
p.Glu356His,-0.166027264634
p.Glu356Ile,-0.466762940308
p.Glu356Leu,-0.313576026662
p.Glu356Lys,-0.0965369552609
p.Glu356Met,-0.148586512504
p.Glu356Phe,-0.311394590852
p.Glu356Pro,0.227427116656
p.Glu356Ser,-0.0179565010927
p.Glu356Ter,-0.111124049568
p.Glu356Thr,-0.190777431668
p.Glu356Trp,-0.0208471770025
p.Glu356Tyr,-0.319477129248
p.Glu356Val,-0.0807199730531
p.Glu381Arg,-0.897240652466
p.Glu381Gly,2.02106405651
p.Glu381Leu,-1.56766199953
p.Glu381Met,-0.294304803117
p.Glu381Pro,-0.140850965198
p.Glu381Ser,0.664549897678
p.Glu381Thr,0.532703332732
p.Glu381Tyr,-0.736935175817
p.Glu381Val,-0.733094190147
p.Glu399Cys,0.071472870784
p.Glu399His,-0.824246004602
p.Glu399Ile,-0.588269186708
p.Glu399Met,-0.165480525571
p.Glu399Pro,-0.251734829738
p.Glu399Ser,0.152526791712
p.Glu399Thr,-0.0499635144244
p.Glu399Tyr,-0.587224874397
p.Glu399Val,-0.225392489183
p.Glu415Arg,-0.20848970036
p.Glu415Asp,0.272684743593
p.Glu415Cys,-0.101251934368
p.Glu415Gln,0.177719652833
p.Glu415Gly,-0.380454326099
p.Glu415His,-0.132602409149
p.Glu415Ile,-0.5530422425
p.Glu415Leu,-0.241200544476
p.Glu415Pro,-0.0566895028491
p.Glu415Ser,0.119768863926
p.Glu415Tyr,0.0515700076844
p.Glu418Ala,-0.150663440804
p.Glu418Arg,0.244473918617
p.Glu418Asn,0.44326375299
p.Glu418Asp,0.115351373375
p.Glu418Gln,0.0197451349559
p.Glu418His,-0.0206305384456
p.Glu418Ile,-0.211161878112
p.Glu418Leu,-0.123434729413
p.Glu418Lys,-0.0622107703036
p.Glu418Met,-0.0675043930089
p.Glu418Phe,0.150847968846
p.Glu418Pro,0.0344013600226
p.Glu418Ser,0.0862700862804
p.Glu418Ter,-0.0488105358788
p.Glu418Tyr,-0.442086344668
p.Glu418Val,-0.141510062673
p.Glu435Gly,-0.11997570342
p.Glu435His,-0.487090996268
p.Glu435Leu,0.0753856237268
p.Glu435Phe,0.167720489843
p.Glu435Thr,-0.339591169725
p.Glu435Tyr,-0.0317792445064
p.Glu435Val,0.00960852168437
p.Glu457Arg,0.123096401681
p.Glu457Cys,-0.0633829229096
p.Glu457Gln,-0.0567707958104
p.Glu457Gly,0.101920287954
p.Glu457Leu,-0.101851048155
p.Glu457Met,-0.175704550517
p.Glu457Phe,-0.271406550997
p.Glu457Pro,-0.104332071326
p.Glu457Ser,-0.0441149323309
p.Glu457Thr,0.0976587928832
p.Glu457Val,0.0290244697923
p.Glu473Gly,0.298450267928
p.Glu473Leu,-0.239418968038
p.Glu473Thr,-0.41313781386
p.Glu479Ala,-0.479540566616
p.Glu479Arg,-0.058603033793
p.Glu479Asn,0.116568534976
p.Glu479Asp,0.0946261824316
p.Glu479Cys,0.164799101582
p.Glu479Gln,0.057429881253
p.Glu479Gly,0.00942536536799
p.Glu479His,-0.294939828976
p.Glu479Ile,-0.148350932952
p.Glu479Leu,0.0483769847554
p.Glu479Lys,0.664566970547
p.Glu479Met,0.00193821196033
p.Glu479Phe,0.100804700133
p.Glu479Pro,-0.194351813401
p.Glu479Ser,0.128632485148
p.Glu479Ter,-0.074560834448
p.Glu479Thr,-0.0521464840404
p.Glu479Tyr,0.0310661019241
p.Glu479Val,-0.104219156309
p.Glu489Arg,-0.0996503763211
p.Glu489Asn,-0.0282588594667
p.Glu489Asp,0.0975014064377
p.Glu489Cys,-0.0848301208846
p.Glu489Gly,0.339640242571
p.Glu489Ile,0.102760380013
p.Glu489Leu,-0.293863839981
p.Glu489Met,-0.0560160026823
p.Glu489Pro,0.00731608454253
p.Glu489Ser,-0.153701523185
p.Glu489Thr,0.113548955137
p.Glu489Tyr,-0.223829803706
p.Glu489Val,-0.188023242742
p.Glu492Ala,0.099069089904
p.Glu492Asn,0.402234998594
p.Glu492Gly,0.138825148066
p.Glu492Lys,0.528765416175
p.Glu492Met,-0.487541726851
p.Glu492Phe,-0.16783013566
p.Glu492Pro,0.0870008723323
p.Glu492Ter,-0.089434984105
p.Glu492Thr,0.244348800946
p.Glu492Tyr,-0.410854462508
p.Glu492Val,-0.18908670424
p.Glu505Ala,-0.106786049435
p.Glu505Arg,0.0992776475286
p.Glu505Asn,0.22641277653
p.Glu505Asp,0.185435036674
p.Glu505Cys,-0.0642936443155
p.Glu505Gln,-0.133404106677
p.Glu505Gly,-0.237588838671
p.Glu505His,-0.172897073065
p.Glu505Ile,-0.195607699824
p.Glu505Leu,-0.229652744121
p.Glu505Lys,-0.0761981941872
p.Glu505Met,-0.364531484937
p.Glu505Phe,-0.536772728564
p.Glu505Pro,-0.0387830701696
p.Glu505Ser,-0.0423598870068
p.Glu505Ter,0.0423881203056
p.Glu505Thr,-0.240505702113
p.Glu505Trp,0.290333921078
p.Glu505Tyr,0.028186705857
p.Glu505Val,-0.0107904879894
p.Glu507Ala,-0.282883005455
p.Glu507Arg,0.0487995999381
p.Glu507Asn,0.208615942486
p.Glu507Asp,0.0255967737392
p.Glu507Cys,-0.939958712831
p.Glu507Gln,0.00570012283819
p.Glu507Gly,-0.0747711778478
p.Glu507His,-0.297791638419
p.Glu507Leu,-0.361498609847
p.Glu507Met,-0.0834017573239
p.Glu507Pro,-0.325399592336
p.Glu507Ser,-0.292929679182
p.Glu507Ter,-0.000883351464954
p.Glu507Thr,0.26131610574
p.Glu507Trp,0.00735549783634
p.Glu507Val,0.195669953189
p.Glu508Ala,0.0557482558165
p.Glu508Arg,-0.107118438604
p.Glu508Asn,-0.0343716783769
p.Glu508Asp,0.0636828413417
p.Glu508Cys,-0.562432111002
p.Glu508Gln,-0.192187874194
p.Glu508Gly,-0.21909430218
p.Glu508His,0.010192595007
p.Glu508Ile,-0.210295475955
p.Glu508Leu,0.0782267319904
p.Glu508Lys,0.0600825554183
p.Glu508Met,0.0669131131153
p.Glu508Phe,0.335994476191
p.Glu508Pro,-0.437016540104
p.Glu508Ser,-0.0563256623106
p.Glu508Ter,0.0378244534682
p.Glu508Thr,-0.141209727391
p.Glu508Trp,-0.471105368085
p.Glu508Tyr,-0.000918012786405
p.Glu508Val,-0.214108280942
p.Glu513Ala,0.0766535195028
p.Glu513Arg,-0.0665252502338
p.Glu513Asn,-0.103830554745
p.Glu513Asp,0.0134899308858
p.Glu513Cys,-0.048677748581
p.Glu513Gln,0.168288390901
p.Glu513Gly,-0.172338667183
p.Glu513His,-0.0630164214052
p.Glu513Ile,-0.932288925071
p.Glu513Leu,0.0260532258383
p.Glu513Lys,-0.0590436962372
p.Glu513Met,-0.689517318136
p.Glu513Phe,0.0514179388392
p.Glu513Pro,-0.417586673732
p.Glu513Ser,0.00644701969613
p.Glu513Thr,-0.232787538821
p.Glu513Trp,-0.0164978362209
p.Glu513Val,-0.27825768487
p.Gly277Ala,0.528490451786
p.Gly277Arg,0.0483098531261
p.Gly277Asn,-0.0720705670572
p.Gly277Asp,0.405136067496
p.Gly277Gln,0.197527378458
p.Gly277Ile,-0.188181720479
p.Gly277Leu,0.145960052255
p.Gly277Lys,-0.0601055693231
p.Gly277Met,0.0025911050489
p.Gly277Pro,1.0187122107
p.Gly277Ser,0.0842915091215
p.Gly277Ter,0.0367914754117
p.Gly277Val,0.0952134453037
p.Gly279Ala,0.0981029621784
p.Gly279Arg,-0.193576160364
p.Gly279Asp,-0.0308760054831
p.Gly279His,-0.154371171063
p.Gly279Ile,0.0224056819432
p.Gly279Leu,0.103741110626
p.Gly279Lys,0.137698094554
p.Gly279Met,-0.134246061034
p.Gly279Phe,-0.060645155416
p.Gly279Pro,-0.0911842893196
p.Gly279Ser,0.0634762787944
p.Gly279Thr,0.00805285449218
p.Gly279Trp,-0.0564021179692
p.Gly279Tyr,-0.00984705449293
p.Gly279Val,0.0154006471396
p.Gly282Ala,0.232965960105
p.Gly282Arg,-0.132331327272
p.Gly282Asn,-0.0627998975099
p.Gly282Asp,-0.0636774336485
p.Gly282Ile,0.0921963514877
p.Gly282Leu,-0.0457520193184
p.Gly282Lys,0.0730366976829
p.Gly282Phe,-0.0203509715449
p.Gly282Pro,-0.23141070227
p.Gly282Ser,-0.0752566572634
p.Gly282Tyr,-0.197238510182
p.Gly282Val,0.117535930628
p.Gly287Ala,-0.406824180592
p.Gly287Arg,0.0013972794875
p.Gly287Asn,0.0692209696481
p.Gly287Asp,-0.104570933594
p.Gly287Cys,-0.346317758281
p.Gly287Gln,-0.198840202385
p.Gly287Glu,0.0753033325116
p.Gly287His,-0.0168476598691
p.Gly287Ile,-0.012871804237
p.Gly287Leu,0.0231330679741
p.Gly287Lys,0.0184345661541
p.Gly287Met,-0.461586962512
p.Gly287Phe,-0.472338114409
p.Gly287Pro,0.00895705903962
p.Gly287Ser,-0.486015429497
p.Gly287Ter,-0.0260100210641
p.Gly287Thr,-0.311912309538
p.Gly287Tyr,-1.00652700819
p.Gly287Val,-0.0786876392957
p.Gly291Ala,0.578513607056
p.Gly291Arg,0.615185842901
p.Gly291Asn,0.709256857665
p.Gly291Asp,0.0881765844006
p.Gly291Cys,-0.0286755871016
p.Gly291Gln,0.511909854837
p.Gly291Glu,0.425011793487
p.Gly291His,0.198181325341
p.Gly291Ile,0.991734904699
p.Gly291Leu,0.660804342295
p.Gly291Lys,-0.00927618634909
p.Gly291Met,0.366307919339
p.Gly291Phe,0.510342116001
p.Gly291Pro,0.719677310211
p.Gly291Ser,0.46675197698
p.Gly291Trp,1.0264456111
p.Gly291Tyr,0.32053965832
p.Gly291Val,0.297691101658
p.Gly303Leu,-0.313394975691
p.Gly347Ala,-0.0161680410798
p.Gly347Arg,-0.139940468379
p.Gly347Asn,0.191472700756
p.Gly347Asp,-0.130054537222
p.Gly347Cys,0.0379635770319
p.Gly347Gln,0.0241150057722
p.Gly347Glu,-0.037040797973
p.Gly347Ile,-0.115284028268
p.Gly347Leu,0.102175937176
p.Gly347Lys,-0.151668277543
p.Gly347Met,0.102191199389
p.Gly347Phe,0.332667985595
p.Gly347Pro,0.0307087969239
p.Gly347Ser,-0.127298798636
p.Gly347Ter,-0.0494720634472
p.Gly347Thr,0.1556368877
p.Gly347Trp,0.146838724523
p.Gly347Tyr,0.141081314168
p.Gly347Val,0.0238369654445
p.Gly355Ala,0.0749280956262
p.Gly355Arg,-0.390635580643
p.Gly355Asn,0.107561594136
p.Gly355Asp,0.0248255898911
p.Gly355Cys,0.198268439421
p.Gly355Gln,0.10603225127
p.Gly355Glu,-0.358597204344
p.Gly355His,-0.17816684949
p.Gly355Ile,-0.180183390225
p.Gly355Leu,-0.167202506364
p.Gly355Lys,-0.379616348972
p.Gly355Met,0.311949588885
p.Gly355Phe,0.0193656589554
p.Gly355Pro,-0.343240340304
p.Gly355Ser,0.135737459925
p.Gly355Ter,-0.0130681442543
p.Gly355Thr,-0.0478899863495
p.Gly355Trp,-0.103324104327
p.Gly355Tyr,0.274957434521
p.Gly355Val,-0.0708759177395
p.Gly358Trp,-0.343105071275
p.Gly358Val,0.195129701602
p.Gly376Arg,0.046405319348
p.Gly376Asp,0.319521286967
p.Gly376Gln,0.0100122337059
p.Gly376Glu,0.0913689420989
p.Gly376Leu,-0.00878537405093
p.Gly376Lys,0.009976625965
p.Gly376Phe,0.164832616941
p.Gly376Pro,0.0356673258834
p.Gly376Ser,-0.0381234636797
p.Gly376Ter,-0.00645948315515
p.Gly376Thr,0.0646306031447
p.Gly376Trp,0.0423303837046
p.Gly376Val,0.130753654876
p.Gly398Ala,0.0231377184535
p.Gly398Arg,-0.807015243843
p.Gly398Asn,-0.794823288212
p.Gly398Asp,0.0060415822879
p.Gly398Glu,-0.15736578408
p.Gly398His,-0.425788727401
p.Gly398Ile,0.00519472218507
p.Gly398Leu,-0.451659040906
p.Gly398Met,-0.387692733122
p.Gly398Phe,-0.124390797608
p.Gly398Pro,-0.340756378058
p.Gly398Ser,-0.014634715638
p.Gly398Ter,-0.0540633853499
p.Gly398Thr,0.0384979038932
p.Gly398Trp,0.480958233103
p.Gly398Tyr,-0.206251410612
p.Gly398Val,-0.156332370148
p.Gly409Ala,0.0650037637142
p.Gly409Arg,-0.0284280573157
p.Gly409Asn,0.0897177536986
p.Gly409Asp,-0.0491988322408
p.Gly409Gln,-0.0122256216846
p.Gly409Glu,0.0808979382887
p.Gly409His,0.114134866004
p.Gly409Ile,0.079034480323
p.Gly409Leu,0.0840433098911
p.Gly409Lys,0.307100729377
p.Gly409Met,0.12402762723
p.Gly409Phe,0.192835412108
p.Gly409Pro,0.20327480263
p.Gly409Ser,-0.0446183106739
p.Gly409Ter,0.0592381467287
p.Gly409Thr,-0.161120242532
p.Gly409Trp,0.204598467556
p.Gly409Val,-0.192320946371
p.Gly424Ala,0.0510884928263
p.Gly424Arg,-0.0707421405332
p.Gly424Asn,0.0850745765971
p.Gly424Asp,0.0341131388971
p.Gly424Gln,0.39757415861
p.Gly424Glu,0.0845862672353
p.Gly424Ile,0.0766773135872
p.Gly424Leu,-0.153187064152
p.Gly424Lys,0.0873921665898
p.Gly424Met,0.118084187224
p.Gly424Pro,0.0447629604343
p.Gly424Ser,0.297674760216
p.Gly424Thr,0.147628631205
p.Gly424Tyr,-0.187490411222
p.Gly424Val,0.0796741408567
p.Gly440Ala,0.0042739386209
p.Gly440Arg,-0.131810626762
p.Gly440Asn,0.00362298923662
p.Gly440Asp,-0.0667669175614
p.Gly440Cys,0.0326434192486
p.Gly440Gln,-0.16783364927
p.Gly440Glu,0.362171900063
p.Gly440His,-0.272022440815
p.Gly440Ile,-0.160723434789
p.Gly440Leu,-0.757488849592
p.Gly440Lys,0.0021489574443
p.Gly440Met,-0.340704457117
p.Gly440Phe,-0.462858795389
p.Gly440Pro,0.0474239237787
p.Gly440Ser,0.0534764383133
p.Gly440Ter,-0.0532362128862
p.Gly440Thr,0.15783996303
p.Gly440Trp,-0.470488766529
p.Gly440Tyr,-0.528864913726
p.Gly440Val,-0.168749631072
p.Gly452Asn,0.079187753427
p.Gly452Ile,-0.207349622062
p.Gly452Lys,0.0109962248723
p.Gly462Ser,-0.542310388576
p.Gly468Ala,-0.204344667661
p.Gly468Asp,0.0812975761199
p.Gly468Cys,-0.069131320344
p.Gly468Thr,0.0629063463925
p.Gly468Tyr,-0.431955175404
p.Gly468Val,-0.1370490881
p.Gly481Ala,-0.164481535338
p.Gly481Arg,-0.177418554056
p.Gly481Asn,0.73771971802
p.Gly481Asp,-0.0854245363575
p.Gly481Cys,-0.00855992402043
p.Gly481Gln,-0.00351973231814
p.Gly481Glu,-0.119293743395
p.Gly481His,-0.0267583980165
p.Gly481Ile,-0.0090585518213
p.Gly481Leu,-0.144594586246
p.Gly481Lys,0.00518321974018
p.Gly481Met,-0.0728196874055
p.Gly481Phe,-0.0600947623863
p.Gly481Pro,-0.0175157085323
p.Gly481Ser,-0.161880819094
p.Gly481Ter,0.0253098173065
p.Gly481Thr,-0.0138128027316
p.Gly481Trp,0.0349886869257
p.Gly481Tyr,-0.166784239203
p.Gly481Val,-0.021800416029
p.His322Ile,-0.0151610975969
p.His387Ala,0.0146202470449
p.His387Arg,0.0275732157245
p.His387Cys,0.00462514606207
p.His387Gln,0.0230977593767
p.His387Gly,0.300318197833
p.His387Leu,-0.0565582031832
p.His387Met,0.208269389895
p.His387Phe,0.0339668033056
p.His387Thr,0.08511703763
p.His387Tyr,-0.0586989458498
p.His387Val,0.0366488855308
p.His495Ala,-0.0620150337632
p.His495Arg,-0.061912316197
p.His495Asn,-0.341617403607
p.His495Asp,-0.240239895424
p.His495Cys,-0.00516579538987
p.His495Gln,-0.0654937053017
p.His495Glu,-0.255464708921
p.His495Gly,-0.0171435955386
p.His495Ile,-0.120417779841
p.His495Leu,-0.0576005161881
p.His495Lys,-0.354534772776
p.His495Met,-0.208285905089
p.His495Pro,-0.0102149577579
p.His495Ser,-0.23646659736
p.His495Ter,-0.269239820983
p.His495Thr,-0.356518469919
p.His495Trp,1.11259435347
p.His495Tyr,0.37071475236
p.His495Val,-0.309263198248
p.Ile297Arg,-0.125435283059
p.Ile297Asn,0.188759198013
p.Ile297Asp,0.117752431952
p.Ile297Cys,1.41914440633
p.Ile297Gly,-0.516438519924
p.Ile297His,0.143295578174
p.Ile297Leu,0.0540834431885
p.Ile297Phe,-0.11950418315
p.Ile297Pro,0.0149295845763
p.Ile297Ser,-0.556553577469
p.Ile297Ter,-0.145568560462
p.Ile297Thr,0.0770599930447
p.Ile297Tyr,-0.394741330728
p.Ile297Val,0.578531189618
p.Ile337Asn,-0.269216017751
p.Ile337Gln,0.754670294252
p.Ile337Gly,0.639007203342
p.Ile337Lys,0.266870276254
p.Ile337Met,-0.129130262876
p.Ile337Pro,-0.316546519434
p.Ile337Ser,0.701513578561
p.Ile337Val,0.243479999837
p.Ile339Ala,0.185739700638
p.Ile339Arg,0.0296128539538
p.Ile339Asn,0.0877927211891
p.Ile339Asp,0.0903794804496
p.Ile339Cys,0.0369449569373
p.Ile339Gln,0.315505674004
p.Ile339Glu,0.0812848969379
p.Ile339Gly,-0.0896047445963
p.Ile339His,0.198094018478
p.Ile339Leu,0.0126082951027
p.Ile339Lys,0.0508437174443
p.Ile339Met,0.0408259371985
p.Ile339Phe,0.0494387201592
p.Ile339Pro,0.138223707206
p.Ile339Ser,0.0172762358933
p.Ile339Ter,0.002114352712
p.Ile339Thr,0.129423652992
p.Ile339Trp,0.080856299805
p.Ile339Tyr,-0.0333123639319
p.Ile339Val,0.0324101265972
p.Ile373Ala,0.251226307738
p.Ile373Arg,0.127699302214
p.Ile373Asp,0.0780477424241
p.Ile373Cys,-0.250082336788
p.Ile373Glu,-0.205841871235
p.Ile373Gly,-0.370585224381
p.Ile373Leu,0.112594934346
p.Ile373Lys,0.169482091986
p.Ile373Pro,-0.0484840962087
p.Ile373Ser,-0.615713376201
p.Ile373Val,0.20964474269
p.Ile395Arg,-0.0651277056243
p.Ile395Asp,-0.0507994545422
p.Ile395Cys,-0.552635352473
p.Ile395Leu,0.079370308294
p.Ile395Met,-0.178890176781
p.Ile395Phe,0.0542125665946
p.Ile395Ser,-0.145122990897
p.Ile395Ter,-0.0298909821539
p.Ile395Trp,-0.118565326005
p.Ile395Tyr,0.0260645168613
p.Ile395Val,-0.05429674127
p.Ile414Arg,-0.154502100299
p.Ile414Ser,0.309866529076
p.Ile414Val,0.739309714801
p.Ile429Ala,0.404182738767
p.Ile429Asn,-0.356334099472
p.Ile429Asp,-0.274544467469
p.Ile429Gly,0.0827105153413
p.Ile429His,-0.23782382649
p.Ile429Leu,0.12279859934
p.Ile429Lys,0.0180862272212
p.Ile429Phe,-0.0929873236029
p.Ile429Pro,0.143011788258
p.Ile429Ser,0.142401520475
p.Ile429Thr,0.128665869873
p.Ile429Tyr,0.21906155125
p.Ile429Val,-0.0477953663624
p.Ile444Ala,0.0184374479876
p.Ile444Arg,-0.550884648582
p.Ile444Asn,-0.363722238282
p.Ile444Asp,-0.331900925227
p.Ile444Cys,-1.1765385729
p.Ile444Gln,-0.853247978997
p.Ile444Glu,-0.416648699095
p.Ile444Gly,-0.425447070254
p.Ile444His,-0.181890767954
p.Ile444Leu,-0.847370408798
p.Ile444Lys,-0.206861945137
p.Ile444Met,-0.165782117897
p.Ile444Phe,0.417856241642
p.Ile444Pro,-0.359694012914
p.Ile444Ser,-0.30210668514
p.Ile444Ter,-0.114625404691
p.Ile444Thr,-0.751821655947
p.Ile444Tyr,0.143748981906
p.Ile444Val,-0.0728719816167
p.Ile453Ala,-0.419737596817
p.Ile453Arg,0.0494550716939
p.Ile453Cys,0.644696147327
p.Ile453Gln,0.000281923762271
p.Ile453His,0.0685053343991
p.Ile453Leu,-0.147982433491
p.Ile453Lys,0.0781334619957
p.Ile453Met,0.141725048874
p.Ile453Phe,0.104095807015
p.Ile453Pro,0.0301533290652
p.Ile453Ser,-0.0710254097411
p.Ile453Thr,0.0879115722002
p.Ile453Trp,0.256401153611
p.Ile453Tyr,0.63614645292
p.Ile453Val,-0.128324461996
p.Leu270Glu,0.11189851516
p.Leu270Gly,-0.0122192454741
p.Leu270Phe,0.137775485132
p.Leu270Thr,1.17060049939
p.Leu270Val,0.48216017668
p.Leu276Arg,1.50171188729
p.Leu276Asp,-0.617473141958
p.Leu276Glu,0.303492337382
p.Leu276Gly,1.00228025852
p.Leu276Phe,0.737741997687
p.Leu276Ter,-0.0378878247882
p.Leu276Thr,0.489063841642
p.Leu276Tyr,0.439549994707
p.Leu300Ala,0.565129051026
p.Leu300Arg,2.2019008445
p.Leu300Asn,1.45804298941
p.Leu300Asp,-0.207904880264
p.Leu300Cys,0.37832680991
p.Leu300Gln,0.23806742892
p.Leu300Glu,0.0936591911626
p.Leu300Gly,0.210996750391
p.Leu300His,0.0870130901426
p.Leu300Ile,0.0439265935172
p.Leu300Lys,0.882269599571
p.Leu300Met,-0.125959403879
p.Leu300Phe,-0.00292551326754
p.Leu300Pro,0.153582551195
p.Leu300Ser,0.293358281187
p.Leu300Ter,-0.0439413773884
p.Leu300Thr,0.188734252636
p.Leu300Trp,0.00523089487441
p.Leu300Tyr,0.052686886894
p.Leu300Val,-0.0986343855159
p.Leu311Ala,-0.0436472262475
p.Leu311Arg,0.120200752261
p.Leu311Asn,0.0859227021255
p.Leu311Asp,-0.146935378142
p.Leu311Glu,-0.0421150312981
p.Leu311Gly,0.0268583773934
p.Leu311Ile,0.043321909871
p.Leu311Lys,-0.0254674789715
p.Leu311Met,0.238361652576
p.Leu311Phe,0.102035388849
p.Leu311Pro,0.205042211086
p.Leu311Ser,-0.0305025017683
p.Leu311Thr,-0.0828285747431
p.Leu311Trp,-0.082311752486
p.Leu311Tyr,0.28417595675
p.Leu320Ala,0.0189359298892
p.Leu320Arg,0.0265826058208
p.Leu320Asn,0.309584751265
p.Leu320Asp,0.0643634140243
p.Leu320Cys,0.0629090302946
p.Leu320Gln,0.249572524017
p.Leu320Glu,-0.0353712761833
p.Leu320Gly,0.0589559647973
p.Leu320His,0.150328829257
p.Leu320Ile,0.0685869126447
p.Leu320Lys,-0.16553726128
p.Leu320Met,0.0821535493132
p.Leu320Phe,0.178261560386
p.Leu320Pro,0.0786087863564
p.Leu320Ser,0.0744981516594
p.Leu320Ter,-0.174664038594
p.Leu320Thr,0.0469227766332
p.Leu320Trp,-0.103680092432
p.Leu320Tyr,0.0492164181662
p.Leu320Val,-0.019755817113
p.Leu325Ala,-0.584209469683
p.Leu325Arg,-0.0443751638208
p.Leu325Asn,-0.380569761949
p.Leu325Asp,-0.0301462112597
p.Leu325Cys,-0.605893332159
p.Leu325Gln,0.141181808029
p.Leu325Glu,0.0811155122605
p.Leu325Gly,-0.0348229903546
p.Leu325His,-0.195934448434
p.Leu325Ile,0.623710196119
p.Leu325Lys,-0.316505832802
p.Leu325Met,-0.191586768784
p.Leu325Phe,-0.209936439518
p.Leu325Pro,-0.123247265159
p.Leu325Ser,-0.547749700795
p.Leu325Ter,-0.208958740944
p.Leu325Thr,-0.583649136693
p.Leu325Tyr,0.0386444513317
p.Leu325Val,0.269329176873
p.Leu328Asn,-0.0319189032787
p.Leu328His,0.0371791178985
p.Leu328Ile,0.281803072212
p.Leu328Met,0.216489181985
p.Leu328Phe,-0.240747388963
p.Leu328Pro,0.0704248770791
p.Leu328Tyr,-0.355364921772
p.Leu328Val,-0.021476901219
p.Leu349Ala,-0.556700788547
p.Leu349Arg,0.0202079482896
p.Leu349Asn,-0.11513664711
p.Leu349Asp,-0.0483643696927
p.Leu349Cys,-0.165561707415
p.Leu349Gly,-0.7311343188
p.Leu349His,0.0242783649537
p.Leu349Ile,-0.49300676401
p.Leu349Lys,0.0932711445086
p.Leu349Met,-0.111211085306
p.Leu349Phe,-0.115891697841
p.Leu349Pro,-0.112816362133
p.Leu349Ser,-0.333875702952
p.Leu349Ter,-0.0376000229198
p.Leu349Thr,-0.294295901618
p.Leu349Trp,-0.0751123062417
p.Leu349Tyr,-0.45654023337
p.Leu349Val,-0.178906371267
p.Leu350Ala,-0.132432447412
p.Leu350Arg,-0.00667323342909
p.Leu350Asn,-0.191131651419
p.Leu350Asp,-0.187149366404
p.Leu350Gln,0.139698842086
p.Leu350Gly,0.0127438086952
p.Leu350Ile,0.193626115703
p.Leu350Met,-0.0579752394487
p.Leu350Phe,0.0707760777429
p.Leu350Pro,-0.0206082294562
p.Leu350Ser,-0.17089745155
p.Leu350Thr,-0.0204039861664
p.Leu350Tyr,0.409166072917
p.Leu350Val,-0.596344858217
p.Leu353Ala,-0.284547888545
p.Leu353Arg,-0.0829727712097
p.Leu353Asn,0.0777888915015
p.Leu353Asp,0.174657444241
p.Leu353Cys,-0.349177521512
p.Leu353Gln,-0.372525202303
p.Leu353Glu,-0.037529542152
p.Leu353Gly,-0.0136584290884
p.Leu353His,0.0331325096705
p.Leu353Ile,0.191542799774
p.Leu353Lys,0.00147224703891
p.Leu353Phe,-0.0868847419204
p.Leu353Pro,0.092184436738
p.Leu353Ser,-0.494676217673
p.Leu353Ter,-0.0395059575827
p.Leu353Thr,-0.0640426330393
p.Leu353Trp,-0.202296529673
p.Leu353Tyr,-0.196349417933
p.Leu353Val,-0.180987375653
p.Leu361Ala,0.131268035213
p.Leu361Arg,-0.328063752782
p.Leu361Glu,-0.382579040101
p.Leu361Gly,-0.558416525314
p.Leu361His,-0.217816366894
p.Leu361Ile,-0.307666057453
p.Leu361Met,-0.231106063124
p.Leu361Phe,-0.213900418982
p.Leu361Pro,-0.0426232843614
p.Leu361Ser,-0.457964845134
p.Leu361Thr,-0.208566895802
p.Leu361Tyr,-0.147385926643
p.Leu363Ala,-0.202937601621
p.Leu363Arg,-0.223178772829
p.Leu363Asn,-0.0978223652497
p.Leu363Asp,-0.0942106589448
p.Leu363Cys,-0.258330443957
p.Leu363Gln,-0.125416812167
p.Leu363Glu,-0.169599133782
p.Leu363Gly,-0.0475711154694
p.Leu363His,0.695518314669
p.Leu363Ile,-0.0545041085519
p.Leu363Lys,0.0222842256083
p.Leu363Met,0.0704244283832
p.Leu363Phe,-0.112067027791
p.Leu363Pro,-0.0702746683498
p.Leu363Ser,-0.0739380638063
p.Leu363Thr,-0.0280051175261
p.Leu363Tyr,-0.0319350253503
p.Leu363Val,0.0632889968613
p.Leu366Glu,-0.302157929823
p.Leu366Met,-0.124572308278
p.Leu366Ser,0.357291686359
p.Leu366Thr,-0.372640755224
p.Leu366Val,-0.181760709056
p.Leu390Lys,0.0893997159838
p.Leu390Ser,-0.0605935688845
p.Leu396Ala,0.226546045261
p.Leu396Asp,-0.00454927124762
p.Leu396Gln,-0.0396738311475
p.Leu396Glu,0.0858785662689
p.Leu396Ile,-0.257425042376
p.Leu396Lys,-0.113837851759
p.Leu396Pro,-0.0133216206929
p.Leu396Ser,0.0814232959866
p.Leu396Thr,0.0248366072574
p.Leu396Val,0.294753684726
p.Leu401Arg,-0.55906106426
p.Leu401Cys,0.692293102608
p.Leu401Gln,-0.106591864947
p.Leu401Glu,-0.510885024426
p.Leu401Gly,0.430859987932
p.Leu401Ile,-0.401970562909
p.Leu401Ser,0.178248111589
p.Leu401Val,-0.184036789392
p.Leu410Ala,0.139678916523
p.Leu410Arg,-0.0478511084801
p.Leu410Gln,-0.0316199089526
p.Leu410Glu,-0.037159180403
p.Leu410Gly,0.296307947577
p.Leu410Ile,0.0416653589138
p.Leu410Lys,-0.183580079265
p.Leu410Met,0.0422311013018
p.Leu410Pro,0.00809837053316
p.Leu410Ser,0.0297840656605
p.Leu410Ter,-0.146877108267
p.Leu410Tyr,0.0459976028719
p.Leu410Val,0.0779905261521
p.Leu413Arg,1.00887305897
p.Leu413Asn,0.673287244628
p.Leu413Asp,0.531460473761
p.Leu413Cys,0.212544314474
p.Leu413Gln,0.883412761359
p.Leu413Gly,-0.286731222487
p.Leu413His,0.0155810149236
p.Leu413Ile,0.241267563483
p.Leu413Lys,1.08598387569
p.Leu413Met,0.527049399459
p.Leu413Phe,0.703727447441
p.Leu413Pro,0.652748296947
p.Leu413Ser,0.150296211358
p.Leu413Thr,0.173089929861
p.Leu413Tyr,0.786795024561
p.Leu413Val,0.0993224631357
p.Leu438Ala,-0.0410591222824
p.Leu438Arg,0.0503791354022
p.Leu438Asn,0.10751528534
p.Leu438Gln,-0.007530852349
p.Leu438Gly,0.0484561538365
p.Leu438Lys,0.49697841883
p.Leu438Met,0.135306954436
p.Leu438Ser,-0.232021363726
p.Leu438Trp,-0.15836305007
p.Leu438Val,-0.0763240846686
p.Leu454Ala,-0.190662342555
p.Leu454Arg,0.00412011273342
p.Leu454Asn,-0.229428726943
p.Leu454Asp,-0.143699424544
p.Leu454Cys,-0.0501679198912
p.Leu454Gln,-0.142525890945
p.Leu454Glu,9.03167919881e-05
p.Leu454Gly,-0.0597820369384
p.Leu454His,-0.321472582678
p.Leu454Ile,0.0257744087021
p.Leu454Lys,0.0633982163123
p.Leu454Met,-0.0922603323124
p.Leu454Phe,-0.418298652895
p.Leu454Pro,-0.00154684549172
p.Leu454Ser,0.034381921775
p.Leu454Ter,-0.169073905839
p.Leu454Thr,0.0289004426444
p.Leu454Trp,-0.979398613531
p.Leu454Tyr,-0.244282288717
p.Leu454Val,0.0150478201288
p.Leu455Ala,-0.00350489501446
p.Leu455Arg,-0.00818488607046
p.Leu455Asn,-0.018001865282
p.Leu455Asp,0.0563402338801
p.Leu455Cys,0.20166140946
p.Leu455Gln,0.0283751294742
p.Leu455Glu,-0.13751016051
p.Leu455Gly,-0.120983146827
p.Leu455His,-0.0582520351113
p.Leu455Ile,0.0684099689655
p.Leu455Lys,-0.00049128578202
p.Leu455Met,0.104664924146
p.Leu455Phe,-0.00549887924202
p.Leu455Pro,0.0206230032963
p.Leu455Ser,-0.157245676601
p.Leu455Ter,-0.22278876291
p.Leu455Thr,-0.147511679028
p.Leu455Trp,-0.0751540169005
p.Leu455Tyr,-0.363607253229
p.Leu455Val,0.355607692597
p.Leu458Ala,-0.283472506835
p.Leu458Asn,0.0335890926994
p.Leu458Glu,-0.365594305852
p.Leu458Ile,-0.255907023087
p.Leu458Phe,0.215406893881
p.Leu458Pro,0.012581226936
p.Leu458Ser,-0.305251587293
p.Leu458Ter,-0.109600869332
p.Leu458Thr,-0.0550892935876
p.Leu458Val,-0.0479237195496
p.Leu475Arg,0.0495996530107
p.Leu475Asp,-0.0461253333447
p.Leu475Ile,0.0429324468425
p.Leu475Trp,-0.0856781836271
p.Leu494Ala,0.0662896198418
p.Leu494Arg,0.0855668487818
p.Leu494Cys,0.161204726897
p.Leu494Gln,-0.316624818885
p.Leu494Gly,-0.23085399131
p.Leu494His,0.0489763628539
p.Leu494Ile,-0.00219014877526
p.Leu494Lys,-0.240793909574
p.Leu494Met,-0.677487649323
p.Leu494Phe,0.0477709394315
p.Leu494Pro,-0.0278587838031
p.Leu494Ser,-0.191039332402
p.Leu494Trp,-0.327964060374
p.Leu494Tyr,0.156064716137
p.Leu494Val,-0.0688590586164
p.Leu497Ala,0.0270870301142
p.Leu497Phe,-0.554629134003
p.Leu497Pro,0.0868789817609
p.Leu515Ala,-0.169379919676
p.Leu515Arg,0.00780459312319
p.Leu515Asn,-0.254337490186
p.Leu515Asp,-0.100326960128
p.Leu515Cys,-0.114584065667
p.Leu515Gln,-0.121111415596
p.Leu515Glu,-0.0237467089008
p.Leu515Gly,-0.16681795444
p.Leu515His,-0.19637302731
p.Leu515Ile,0.17020947771
p.Leu515Lys,-0.11721450099
p.Leu515Met,0.027348427742
p.Leu515Phe,-0.2473568755
p.Leu515Pro,-0.0079369934383
p.Leu515Ser,-0.0649970304571
p.Leu515Ter,0.0535202720508
p.Leu515Thr,0.325875314191
p.Leu515Trp,-0.0382143175632
p.Leu515Tyr,-0.266618510894
p.Leu515Val,0.0307595297753
p.Leu519Ala,-0.329388685525
p.Leu519Arg,-0.308368603343
p.Leu519Gln,-0.174051673145
p.Leu519Glu,-0.144113837675
p.Leu519Gly,-0.271584432645
p.Leu519Met,-0.275500303603
p.Leu519Phe,-0.0338992883824
p.Leu519Pro,-0.0149551621795
p.Leu519Ser,-0.325660592315
p.Leu519Thr,0.789330542479
p.Leu519Trp,-0.321521987279
p.Leu519Tyr,0.149229044931
p.Leu519Val,-0.0553902663676
p.Lys275Ala,0.120196614329
p.Lys275Asn,-0.0681508937087
p.Lys275Asp,-0.364108003396
p.Lys275Cys,0.118191064197
p.Lys275Gln,0.204102907287
p.Lys275Gly,1.23991013702
p.Lys275His,0.728816144188
p.Lys275Ile,-0.219739609845
p.Lys275Leu,-0.379829800517
p.Lys275Met,0.0597380634399
p.Lys275Ser,0.226042762386
p.Lys275Tyr,0.607001885607
p.Lys275Val,0.549994537857
p.Lys298Ala,-0.0514425367134
p.Lys298Arg,-0.0382195393608
p.Lys298Gln,0.0635754342086
p.Lys298Glu,0.233523431727
p.Lys298Gly,0.0560124111602
p.Lys298His,-0.0408883191914
p.Lys298Ile,-0.145288803166
p.Lys298Leu,-0.0759034392986
p.Lys298Met,0.00825019479186
p.Lys298Phe,0.0490952486743
p.Lys298Pro,0.149371935806
p.Lys298Ser,-0.00766243742134
p.Lys298Ter,-0.135915399324
p.Lys298Val,0.126893722671
p.Lys301Ala,0.0779344414362
p.Lys301Arg,0.0417374484404
p.Lys301Asn,-0.0105885066877
p.Lys301Asp,0.0188531634665
p.Lys301Cys,0.000793244630408
p.Lys301Gln,0.138280481263
p.Lys301Glu,0.0116261171322
p.Lys301Gly,0.0191029561174
p.Lys301His,0.0854588639544
p.Lys301Ile,-0.281072889046
p.Lys301Leu,0.0157612640008
p.Lys301Met,0.0834554351294
p.Lys301Phe,0.118644354024
p.Lys301Pro,-0.0564254617732
p.Lys301Ser,-0.0215733821773
p.Lys301Ter,-0.0942161414429
p.Lys301Thr,0.0131292598436
p.Lys301Trp,-0.0141393815488
p.Lys301Tyr,0.0623878948675
p.Lys301Val,-0.161141523801
p.Lys318Ala,-0.0366127295447
p.Lys318Arg,0.212961218565
p.Lys318Asn,0.166955688703
p.Lys318Asp,0.133859854229
p.Lys318Cys,-0.0732355792059
p.Lys318Gln,-0.282476343974
p.Lys318Glu,-0.0965014018474
p.Lys318Gly,-0.152913290253
p.Lys318His,-0.0672493562199
p.Lys318Ile,-0.074445588214
p.Lys318Leu,-0.0196454686751
p.Lys318Met,-0.185161208508
p.Lys318Phe,-0.227271856997
p.Lys318Pro,-0.023341133288
p.Lys318Ser,-0.0658503600159
p.Lys318Ter,-0.083804099408
p.Lys318Thr,-0.042834883238
p.Lys318Trp,-0.10703543637
p.Lys318Tyr,-0.00543618973897
p.Lys318Val,-0.0654243995948
p.Lys319Ala,0.202879390682
p.Lys319Arg,-0.123250679841
p.Lys319Asn,0.287695412559
p.Lys319Asp,0.0978099246001
p.Lys319Cys,0.0833084140986
p.Lys319Gln,0.0967257182174
p.Lys319Glu,-0.225080009713
p.Lys319Gly,0.054220659742
p.Lys319His,-0.177879645251
p.Lys319Ile,-0.513543030213
p.Lys319Leu,-0.278071012511
p.Lys319Met,-0.27765482921
p.Lys319Ser,0.111122974107
p.Lys319Thr,0.209785282862
p.Lys319Trp,-0.159112243192
p.Lys319Tyr,-0.43259754158
p.Lys319Val,-0.278918578876
p.Lys324Ala,0.269131179822
p.Lys324Arg,0.452427964531
p.Lys324Cys,0.348350341631
p.Lys324Gln,-0.0557455952957
p.Lys324Gly,-0.113750883974
p.Lys324His,-0.241248495062
p.Lys324Ile,-0.211813732007
p.Lys324Met,-0.0791213816878
p.Lys324Pro,-0.146642999591
p.Lys324Ser,0.989051667989
p.Lys324Thr,0.0985854386357
p.Lys324Tyr,0.0482196071559
p.Lys324Val,0.0808176167112
p.Lys346Ala,-0.0282834603183
p.Lys346Arg,-0.0817102563012
p.Lys346Asp,-0.190455602183
p.Lys346Cys,0.31878675334
p.Lys346Gln,0.259083027228
p.Lys346Gly,0.318443913861
p.Lys346His,0.10742424928
p.Lys346Ile,-0.498783249649
p.Lys346Leu,-0.0761973681157
p.Lys346Met,0.175342949319
p.Lys346Phe,0.108721622872
p.Lys346Pro,-0.0611345967291
p.Lys346Ser,0.0119414884931
p.Lys346Thr,0.820144724017
p.Lys346Trp,0.0352033798283
p.Lys346Tyr,0.0603921597886
p.Lys346Val,-0.0707690243084
p.Lys354Ala,0.0961633059054
p.Lys354Arg,0.301519929241
p.Lys354Asn,0.177262099513
p.Lys354Asp,-0.298832524327
p.Lys354Cys,-0.00340867573406
p.Lys354Gln,0.00608095685207
p.Lys354Glu,-0.102044780823
p.Lys354Gly,-0.044414073776
p.Lys354His,-0.0823111915233
p.Lys354Ile,-0.636308075733
p.Lys354Leu,-0.0323071220772
p.Lys354Met,-0.179822346033
p.Lys354Phe,-0.426026452711
p.Lys354Pro,-0.230265982644
p.Lys354Ser,-0.00730355403883
p.Lys354Ter,-0.233372515183
p.Lys354Thr,-0.0917830454328
p.Lys354Trp,-0.127240143946
p.Lys354Tyr,-0.274314292786
p.Lys354Val,-0.126938886958
p.Lys359His,-0.00244446238538
p.Lys359Phe,-0.156734263581
p.Lys404Arg,-0.267140550261
p.Lys404Asn,-1.76356350365
p.Lys404Asp,-0.0871083664112
p.Lys404Gln,-0.498125722709
p.Lys404Glu,-0.345618821937
p.Lys404Gly,-0.058929301539
p.Lys404His,-0.137366240982
p.Lys404Ile,-0.315448600816
p.Lys404Leu,-0.491438437743
p.Lys404Met,-0.383866023227
p.Lys404Pro,-0.117337938402
p.Lys404Ser,-0.521093044022
p.Lys404Thr,-0.43326932162
p.Lys404Tyr,-0.14053387076
p.Lys426Ala,0.112089042984
p.Lys426Arg,0.0300962528992
p.Lys426Asn,-0.662721457288
p.Lys426Asp,0.239721413923
p.Lys426Cys,0.00765022708561
p.Lys426Gly,0.0886248836276
p.Lys426His,-0.137566872764
p.Lys426Ile,0.815744784735
p.Lys426Leu,0.260327681846
p.Lys426Met,0.233585528568
p.Lys426Phe,0.30734659463
p.Lys426Pro,0.721079499862
p.Lys426Ser,0.0749538300848
p.Lys426Ter,-0.173680386026
p.Lys426Thr,0.244938564528
p.Lys426Trp,0.352273023341
p.Lys426Tyr,0.0969747071679
p.Lys426Val,0.266303718006
p.Lys430Ala,0.0994878765832
p.Lys430Arg,0.30532098266
p.Lys430Asn,0.0383113682599
p.Lys430Asp,0.0697429353374
p.Lys430Gln,0.048001467718
p.Lys430Gly,0.201269268208
p.Lys430His,0.313589064522
p.Lys430Met,-0.186010962633
p.Lys430Phe,0.138472058737
p.Lys430Trp,-0.186576677545
p.Lys430Tyr,-0.0168458763578
p.Lys445Ala,-0.173436185746
p.Lys445Arg,-0.093024465765
p.Lys445Asn,-0.266375929214
p.Lys445Asp,-0.213766426354
p.Lys445Cys,-0.109953821865
p.Lys445Gln,-0.0129312311446
p.Lys445Glu,-0.283193235665
p.Lys445Gly,-0.29959651484
p.Lys445His,0.00704645526166
p.Lys445Ile,-0.124645327489
p.Lys445Leu,-0.274100522061
p.Lys445Met,-0.273654516772
p.Lys445Phe,-0.373128287419
p.Lys445Pro,-0.268052909789
p.Lys445Ser,-0.0726516975262
p.Lys445Ter,-0.189047384536
p.Lys445Thr,-0.0244389857274
p.Lys445Trp,0.0979293860533
p.Lys445Tyr,-0.205117253054
p.Lys445Val,-0.371993054164
p.Lys461Ala,-0.0561656260816
p.Lys461Arg,0.145631336568
p.Lys461His,-0.112063072504
p.Lys461Val,-1.74281958183e-05
p.Lys504Asn,-0.168549911784
p.Lys504Asp,-0.164761920106
p.Lys504Cys,-0.811259472057
p.Lys504Gly,0.373070650357
p.Lys504His,-0.0326068934341
p.Lys504Leu,-0.105569509619
p.Lys504Ser,-0.303027895982
p.Lys504Thr,-0.133933200376
p.Lys504Trp,0.118225032063
p.Lys504Tyr,-0.403642289667
p.Lys504Val,0.149416069606
p.Met286Ala,0.418852618752
p.Met286Arg,0.952931919579
p.Met286Asn,0.640398034446
p.Met286Asp,1.03916015459
p.Met286Cys,0.149686008835
p.Met286Gln,0.467278836268
p.Met286Glu,0.945050836031
p.Met286Gly,1.5445157289
p.Met286His,0.311792947521
p.Met286Ile,-0.201947025636
p.Met286Leu,-0.197618855875
p.Met286Lys,1.15136715277
p.Met286Phe,0.148812342605
p.Met286Pro,0.0291743440227
p.Met286Ser,0.81239048576
p.Met286Ter,-0.0165918827642
p.Met286Thr,0.432404784333
p.Met286Trp,0.290772225118
p.Met286Tyr,0.513110998578
p.Met286Val,-0.0396275055234
p.Met305Glu,-0.179333099529
p.Met305Leu,-0.0672487128401
p.Met305Phe,0.0909235418379
p.Met305Pro,0.227432109956
p.Met305Thr,-0.107923528205
p.Met317Ala,0.0995005043582
p.Met317Arg,-0.0166435983932
p.Met317Asn,0.0251681923041
p.Met317Asp,-0.0530012348458
p.Met317Cys,-0.0700323806044
p.Met317Gln,0.0490034652837
p.Met317Gly,-0.147528486978
p.Met317His,-0.342879926518
p.Met317Ile,0.110510414099
p.Met317Leu,0.0803647315472
p.Met317Lys,-0.0910080200389
p.Met317Phe,-0.0745073272095
p.Met317Pro,-0.0136830420872
p.Met317Ser,-0.0754192745682
p.Met317Ter,-0.000447874670228
p.Met317Thr,0.0207793514063
p.Met317Trp,0.228503202083
p.Met317Tyr,-0.00841711753371
p.Met317Val,0.0580335729297
p.Met344Ala,-0.341303989915
p.Met344Asn,-0.225595438469
p.Met344Asp,0.00525429936067
p.Met344Glu,-0.144748864485
p.Met344Gly,0.165830013594
p.Met344Ile,-0.0914870090703
p.Met344Leu,0.145007395449
p.Met344Lys,-0.485718713274
p.Met344Phe,-0.228015727014
p.Met344Pro,-0.0496911585182
p.Met344Ser,0.131856303151
p.Met344Thr,0.240525780134
p.Met344Trp,0.128461355309
p.Met344Tyr,0.202359398401
p.Met369Arg,0.373882261672
p.Met369Cys,-0.0463562082539
p.Met369Phe,-0.160376926965
p.Met369Pro,-0.130809174665
p.Met369Ter,-0.0902078646772
p.Met369Thr,-0.217603383876
p.Met369Val,-0.339273340673
p.Met377Ala,-0.303235166196
p.Met377Arg,-0.123884324165
p.Met377Asp,0.179680764528
p.Met377Cys,-0.194664148882
p.Met377Gln,0.0370771300999
p.Met377Glu,-0.0774548359579
p.Met377Gly,-0.904369613045
p.Met377His,-0.452636858946
p.Met377Leu,-0.0978243284832
p.Met377Lys,-0.0974254454806
p.Met377Phe,0.127038415565
p.Met377Pro,-0.00710250307046
p.Met377Ser,-0.850414059525
p.Met377Thr,-0.920177484805
p.Met377Tyr,-0.131906529182
p.Met377Val,-0.608489954454
p.Met383Asn,-0.0583210905608
p.Met383Ile,0.0283587538178
p.Met383Leu,-0.00398336638118
p.Met383Lys,-0.076556341866
p.Met383Pro,0.0302379882485
p.Met383Ser,0.0826777695338
p.Met383Tyr,-0.256190769442
p.Met383Val,0.247423727063
p.Met469Ala,0.0170414405249
p.Met469Arg,-0.211635963126
p.Met469Asp,0.00306720228803
p.Met469Cys,-0.000548684834759
p.Met469Gln,-0.0568904752971
p.Met469Glu,-0.366502437219
p.Met469Gly,-0.0311231379859
p.Met469His,0.00933568614311
p.Met469Ile,0.219627105041
p.Met469Leu,0.0673743996231
p.Met469Phe,0.0424630015097
p.Met469Pro,0.171380112076
p.Met469Ser,-0.0489683722067
p.Met469Ter,-0.014306725435
p.Met469Thr,0.0370260335671
p.Met469Tyr,-0.115125076457
p.Met469Val,0.0892279736061
p.Met484Ala,-0.172509208996
p.Met484Arg,-0.0223905342781
p.Met484Asp,0.0122605211468
p.Met484Cys,-0.342224608977
p.Met484Gln,-0.287374494967
p.Met484Glu,-0.019305937935
p.Met484Gly,0.0164771748673
p.Met484His,-0.138022850676
p.Met484Ile,0.1784073976
p.Met484Leu,-0.0459021711937
p.Met484Lys,-0.172196566512
p.Met484Pro,-0.121342311962
p.Met484Ser,-0.0271404769731
p.Met484Ter,-0.0245197415879
p.Met484Thr,-0.0361193523956
p.Met484Trp,-0.0183134571986
p.Met484Tyr,-0.119124365697
p.Met484Val,-0.026617992513
p.Met498Ala,0.316922632276
p.Met498Arg,-0.0869438395885
p.Met498Asn,-0.33560028023
p.Met498Gln,0.0421107059763
p.Met498Glu,-0.606333782135
p.Met498His,-0.134679699764
p.Met498Ile,0.0549595458106
p.Met498Leu,-0.159857798498
p.Met498Pro,-0.0339304899718
p.Met498Val,-0.23625641214
p.Phe281Ala,-0.00697251616611
p.Phe281Arg,-0.0511308646274
p.Phe281Asn,-0.116349177585
p.Phe281Cys,-0.0186485620695
p.Phe281Gln,-0.0191454557946
p.Phe281Glu,-0.288198668748
p.Phe281Gly,0.214125065028
p.Phe281His,0.0852900986735
p.Phe281Leu,-0.0727826758
p.Phe281Ser,0.0839293655773
p.Phe281Thr,-0.0870783507256
p.Phe281Tyr,-0.00561018748943
p.Phe281Val,0.0476925311548
p.Phe310Glu,-0.0651402351316
p.Phe310Gly,0.20999928354
p.Phe310His,-0.0150270752626
p.Phe310Leu,0.0584152998932
p.Phe310Met,0.161203281519
p.Phe310Ter,0.0904375539302
p.Phe352Ala,-0.284257870369
p.Phe352Arg,-0.206322445621
p.Phe352Asn,-0.393835114951
p.Phe352Asp,0.0872366296856
p.Phe352Cys,-0.44584935805
p.Phe352Gln,-0.0651913926636
p.Phe352Glu,-0.38597529734
p.Phe352Gly,-0.271620531774
p.Phe352His,-0.269928411554
p.Phe352Ile,-0.143680172249
p.Phe352Leu,-0.0892763553998
p.Phe352Met,-0.0564554706001
p.Phe352Pro,-0.034453508254
p.Phe352Ser,-0.276372767643
p.Phe352Thr,-0.2575134406
p.Phe352Tyr,0.214092555441
p.Phe352Val,-0.405223133892
p.Phe408Ala,0.185648598934
p.Phe408Arg,-0.0670117471144
p.Phe408Asn,0.0421669721549
p.Phe408Gln,0.0076678381622
p.Phe408Gly,0.124086342144
p.Phe408Leu,0.0380029231953
p.Phe408Lys,-0.073145895297
p.Phe408Met,0.248623547025
p.Phe408Pro,-0.0416119092605
p.Phe408Ser,0.0394044971605
p.Phe408Thr,-0.0831711426734
p.Phe408Tyr,-0.0520341535577
p.Phe427Ala,0.107064826431
p.Phe427Arg,0.00734705510065
p.Phe427Asn,-0.130527085159
p.Phe427Asp,0.0113064288367
p.Phe427Cys,0.0366588132158
p.Phe427Gln,-0.108226905615
p.Phe427Glu,-0.146661625537
p.Phe427Gly,0.0820687995859
p.Phe427His,-0.0373593416103
p.Phe427Ile,0.129973544864
p.Phe427Leu,0.0723430907558
p.Phe427Lys,0.174457545369
p.Phe427Met,0.142102580497
p.Phe427Pro,-0.0347916472533
p.Phe427Ser,0.0252744997254
p.Phe427Ter,-0.11542606441
p.Phe427Thr,0.0229549376506
p.Phe427Trp,0.192722907521
p.Phe427Tyr,0.0805690572457
p.Phe427Val,0.091359879768
p.Phe442Ala,0.0140727207748
p.Phe442Arg,0.114027411327
p.Phe442Asn,-0.094434401954
p.Phe442Asp,0.00494168929733
p.Phe442Cys,-0.0506616536321
p.Phe442Gln,0.465460753177
p.Phe442Glu,0.211345769089
p.Phe442Gly,-0.0404898894252
p.Phe442His,0.0987950973095
p.Phe442Ile,0.0690705397355
p.Phe442Leu,0.0376920400213
p.Phe442Lys,-0.0390553034313
p.Phe442Met,0.161438073145
p.Phe442Pro,0.115140029543
p.Phe442Ser,0.0664428892743
p.Phe442Ter,-0.106282289055
p.Phe442Thr,0.112636689726
p.Phe442Tyr,0.135305653585
p.Phe442Val,0.0633522321728
p.Phe451Ala,-0.20024539756
p.Phe451Arg,0.0681521181211
p.Phe451Asn,0.0125820631932
p.Phe451Asp,-0.0678687882262
p.Phe451Cys,-0.0768217072041
p.Phe451Gln,-0.0696921489088
p.Phe451Glu,-0.0214567434238
p.Phe451Gly,-0.037557514962
p.Phe451His,-0.0411258503914
p.Phe451Leu,-0.268113753045
p.Phe451Lys,0.0708796162764
p.Phe451Met,0.0539287059277
p.Phe451Pro,0.0160385667941
p.Phe451Ser,0.0479510237834
p.Phe451Ter,-0.0743702916639
p.Phe451Thr,0.00150546396127
p.Phe451Trp,0.0897115624471
p.Phe451Val,-0.185110161963
p.Phe512Ala,-1.01504382874
p.Phe512Arg,-0.0136165716247
p.Phe512Asn,-0.561700088824
p.Phe512Asp,-0.0806864786656
p.Phe512Cys,-0.361670932976
p.Phe512Gln,-0.212282906808
p.Phe512Gly,-0.183408066426
p.Phe512His,-0.383226947611
p.Phe512Ile,-1.17027645769
p.Phe512Leu,-0.462553506393
p.Phe512Lys,-0.00741528317386
p.Phe512Met,-0.466136854759
p.Phe512Pro,-1.59924111418
p.Phe512Ser,-0.580851507042
p.Phe512Ter,-0.0471817196513
p.Phe512Thr,-0.99834589565
p.Phe512Trp,-0.646503979454
p.Phe512Tyr,-0.351299056482
p.Phe512Val,-1.29891055279
p.Phe518Ala,0.0984297717538
p.Phe518Arg,0.0961545779058
p.Phe518Asn,0.179360137117
p.Phe518Asp,-0.346757522095
p.Phe518Cys,0.200944696732
p.Phe518Gly,0.0138576354932
p.Phe518Ile,-0.291981148895
p.Phe518Leu,-0.0633020519014
p.Phe518Lys,-0.16680490312
p.Phe518Met,-0.0537599037029
p.Phe518Pro,-0.148792298633
p.Phe518Ser,0.022330985631
p.Phe518Ter,0.142261320654
p.Phe518Thr,0.0339558680059
p.Phe518Trp,-0.046765703792
p.Phe518Tyr,-0.603723166411
p.Phe518Val,0.0107927691016
p.Pro302Ala,0.251308527843
p.Pro302Arg,0.476371012573
p.Pro302Asn,0.350483576553
p.Pro302Asp,0.132773479061
p.Pro302Cys,0.0569635876603
p.Pro302Glu,-0.0728275301442
p.Pro302Gly,0.117177599282
p.Pro302Ile,-0.231988191749
p.Pro302Leu,-0.0893659856846
p.Pro302Lys,0.656513173557
p.Pro302Met,0.180872843015
p.Pro302Phe,0.13878623722
p.Pro302Ser,0.108682113236
p.Pro302Ter,-0.0271774124563
p.Pro302Thr,0.115314038258
p.Pro302Trp,-0.00357539022855
p.Pro302Tyr,1.13601484208
p.Pro302Val,0.05160942158
p.Pro307Ala,0.154562223489
p.Pro307Arg,0.321299051203
p.Pro307Asn,0.230942136604
p.Pro307Asp,-0.170553681909
p.Pro307Cys,0.0967068889394
p.Pro307Gln,0.229497875509
p.Pro307Glu,0.196889979772
p.Pro307Gly,-0.0232990672107
p.Pro307His,0.0168800178819
p.Pro307Ile,-0.223972833264
p.Pro307Leu,0.013155449646
p.Pro307Lys,0.590158612798
p.Pro307Met,-0.182247545044
p.Pro307Phe,0.0344063095352
p.Pro307Ser,0.0116026122844
p.Pro307Ter,-0.0593180158745
p.Pro307Thr,-0.102361861505
p.Pro307Trp,-0.0994966180998
p.Pro307Tyr,0.300137925035
p.Pro307Val,0.0859347520637
p.Pro336Arg,-0.17044378888
p.Pro336Asn,-0.349181077819
p.Pro336Gln,0.0517206396308
p.Pro336Ile,-0.114472668513
p.Pro336Lys,-0.116913238776
p.Pro336Met,0.0766865405842
p.Pro336Ser,-0.0122220207851
p.Pro336Ter,-0.28155314252
p.Pro336Thr,0.0738991996842
p.Pro364Ala,-0.216287147413
p.Pro364Arg,-0.0496238032912
p.Pro364Asn,0.275265382911
p.Pro364Asp,-0.175998867402
p.Pro364Cys,-0.360218167675
p.Pro364Gln,-0.057028685019
p.Pro364Glu,-0.0360794211409
p.Pro364Gly,0.0354063406914
p.Pro364His,0.512383537965
p.Pro364Ile,-0.250271783545
p.Pro364Leu,-0.380921526083
p.Pro364Lys,-0.30695877163
p.Pro364Met,-0.0680688475318
p.Pro364Ser,-0.0262739089472
p.Pro364Thr,-0.0548136617237
p.Pro364Tyr,-0.131503499351
p.Pro364Val,-0.248269886708
p.Pro428Asn,-0.0788945391493
p.Pro428His,0.00635231723606
p.Pro428Leu,0.0967964728525
p.Pro428Phe,-0.0711699366323
p.Pro428Ser,-0.167614758779
p.Pro428Thr,-0.0487405493456
p.Pro428Tyr,0.545827797873
p.Pro434Ala,-0.517784007116
p.Pro434Arg,0.169579129874
p.Pro434Asp,-0.0231994436733
p.Pro434Cys,-1.03561663874
p.Pro434Glu,-0.666039503461
p.Pro434Gly,-0.553717182762
p.Pro434His,-0.156303150924
p.Pro434Ile,-0.506315470888
p.Pro434Leu,-0.331828290875
p.Pro434Lys,-0.158010795666
p.Pro434Met,-0.875853153906
p.Pro434Phe,-0.527527694027
p.Pro434Ser,-0.0144830843161
p.Pro434Thr,-0.871039650017
p.Pro434Tyr,-0.412649052165
p.Pro434Val,-0.294896355889
p.Pro465Ala,-0.0137155301454
p.Pro465Arg,-0.122427074176
p.Pro465Asn,-0.255600808894
p.Pro465Asp,-0.0583877687078
p.Pro465Cys,-0.0873871758279
p.Pro465Gln,-0.0513990599612
p.Pro465Glu,-0.0271432165365
p.Pro465Gly,-0.20317201937
p.Pro465His,-0.0379268854111
p.Pro465Ile,-0.14042505266
p.Pro465Leu,-0.15713488891
p.Pro465Met,-0.0784450513822
p.Pro465Phe,0.0122520848676
p.Pro465Ser,-0.0427301118401
p.Pro465Ter,-0.0199692960392
p.Pro465Thr,0.132292969185
p.Pro465Trp,-0.240188258128
p.Pro465Tyr,-0.00768021148272
p.Pro465Val,-0.438067386107
p.Pro467Ala,0.118049627468
p.Pro467Arg,-0.00616972775189
p.Pro467Asn,0.113171892192
p.Pro467Asp,0.198301591507
p.Pro467Cys,0.102248376643
p.Pro467Gln,0.0780901053476
p.Pro467Glu,0.0426514687904
p.Pro467Gly,0.0558632924778
p.Pro467His,-0.266732726071
p.Pro467Ile,-0.314643298732
p.Pro467Leu,-0.0137682039543
p.Pro467Lys,0.010964518582
p.Pro467Met,-0.0413024866975
p.Pro467Phe,-0.182236509815
p.Pro467Ser,0.176286602884
p.Pro467Ter,0.232174986925
p.Pro467Thr,-0.0288421043139
p.Pro467Tyr,-2.15593835739
p.Pro467Val,-0.023270587688
p.Pro485Ala,-0.0467031138453
p.Pro485Arg,-0.184422357624
p.Pro485Asn,0.0695159462623
p.Pro485Asp,-0.0397170036955
p.Pro485Cys,0.0515986573482
p.Pro485Gln,-0.196823439564
p.Pro485Glu,-0.0195342312357
p.Pro485Gly,-0.00428526342271
p.Pro485His,-0.321701760965
p.Pro485Ile,-0.0493797489808
p.Pro485Leu,-0.0661479232216
p.Pro485Lys,0.0691449526741
p.Pro485Met,-0.114146899379
p.Pro485Ser,0.0365832762989
p.Pro485Ter,-0.000391808904074
p.Pro485Thr,-0.0986824916693
p.Pro485Trp,-0.0567701021412
p.Pro485Tyr,-0.158570586756
p.Pro485Val,-0.0468622746888
p.Pro487Ala,0.130523881216
p.Pro487Arg,-0.150593110465
p.Pro487Asn,0.168193941581
p.Pro487Asp,-0.0090589608685
p.Pro487Cys,-0.1015201174
p.Pro487Glu,-0.032669736995
p.Pro487Gly,-0.0531643504176
p.Pro487Ile,-0.00875605985052
p.Pro487Leu,0.00903148621654
p.Pro487Lys,0.141349054525
p.Pro487Met,-0.0870348777109
p.Pro487Phe,0.152468700629
p.Pro487Ser,0.0344753024304
p.Pro487Thr,0.140273811318
p.Pro487Trp,-0.112489715021
p.Pro487Tyr,-0.0108377828762
p.Pro487Val,-0.183241612664
p.Pro488Ala,-0.120421793293
p.Pro488Arg,-0.305025454012
p.Pro488Asp,-0.0688552467355
p.Pro488Cys,0.26278175159
p.Pro488Gly,0.103615436837
p.Pro488His,-0.153427404049
p.Pro488Ile,-1.18504689779
p.Pro488Lys,-0.0568264239404
p.Pro488Met,-0.101289669987
p.Pro488Ser,-0.0791725198934
p.Pro488Ter,-0.0325160840504
p.Pro488Thr,0.0509894073334
p.Pro488Tyr,-0.0593127386203
p.Pro488Val,-0.106842194211
p.Pro491Ala,-0.286937828368
p.Pro491Arg,-0.23214608532
p.Pro491Asn,0.13952740779
p.Pro491Asp,0.1602947123
p.Pro491Cys,-0.291334062606
p.Pro491Gln,-0.193257860529
p.Pro491Glu,0.0171832030161
p.Pro491Gly,-0.116334293157
p.Pro491His,0.0957311381372
p.Pro491Ile,-0.275577171898
p.Pro491Leu,-0.0841295169525
p.Pro491Lys,-0.0742061559058
p.Pro491Met,-0.404373800918
p.Pro491Phe,-0.0829348216582
p.Pro491Ser,-0.0651669007408
p.Pro491Ter,0.0349874144296
p.Pro491Thr,-0.187716568469
p.Pro491Trp,-0.481599258287
p.Pro491Tyr,-0.305680050014
p.Pro491Val,-0.17041211276
p.Pro506Ala,-0.0361353025307
p.Pro506Arg,-0.514000674197
p.Pro506Asn,-0.304005055181
p.Pro506Asp,-0.160513120934
p.Pro506Cys,-0.127082621862
p.Pro506Gln,-0.261007117789
p.Pro506Glu,-0.0829790109606
p.Pro506Gly,-0.0469588672399
p.Pro506Ile,-0.372323883026
p.Pro506Leu,-0.096035082218
p.Pro506Lys,-0.345567766885
p.Pro506Met,-0.154126048585
p.Pro506Phe,-0.0928357276069
p.Pro506Ser,-0.111292058692
p.Pro506Ter,0.0328875233935
p.Pro506Thr,-0.127507904475
p.Pro506Trp,-0.101732555346
p.Pro506Tyr,-0.57493411203
p.Pro506Val,-0.225478854022
p.Pro510Ala,-0.0860569143963
p.Pro510Arg,0.0251358613334
p.Pro510Cys,-0.0774643730907
p.Pro510Gln,-0.0692742523165
p.Pro510Glu,-0.0311768556645
p.Pro510Gly,-0.170519042587
p.Pro510Ile,-0.805694759209
p.Pro510Leu,0.143398835177
p.Pro510Lys,-0.333328719445
p.Pro510Tyr,-0.478195994492
p.Pro510Val,0.172089553576
p.Ser306Ala,-0.755523162126
p.Ser306Arg,0.352443097171
p.Ser306Asn,-0.178301186614
p.Ser306Gln,0.142761338238
p.Ser306Gly,0.24319878252
p.Ser306Ile,0.00731578551062
p.Ser306Leu,-0.0366285791019
p.Ser306Lys,0.194411835758
p.Ser306Pro,-0.340062938535
p.Ser306Ter,-0.232944738334
p.Ser306Trp,-0.0651079542045
p.Ser306Tyr,0.13749562841
p.Ser306Val,0.143616935088
p.Ser333Ala,0.0118320481389
p.Ser333Arg,0.15586986701
p.Ser333Asn,-0.118516013925
p.Ser333Asp,-0.135193656633
p.Ser333Gln,-0.0437456403957
p.Ser333Glu,-0.198422029928
p.Ser333Gly,0.179145032425
p.Ser333His,0.217419083599
p.Ser333Ile,0.0640917263006
p.Ser333Leu,0.131907101894
p.Ser333Lys,0.185818590025
p.Ser333Met,0.127371822748
p.Ser333Phe,0.0459639368936
p.Ser333Pro,0.0411761147579
p.Ser333Ter,0.182295596764
p.Ser333Thr,0.187116299574
p.Ser333Tyr,0.480109729519
p.Ser333Val,0.218801119101
p.Ser345Arg,-0.213097960643
p.Ser345Asn,-0.386346914024
p.Ser345Asp,-1.14919360334
p.Ser345Cys,-0.229613916482
p.Ser345Gln,0.507832734471
p.Ser345Gly,0.0833800350406
p.Ser345His,-0.0653200862097
p.Ser345Ile,-0.155189863219
p.Ser345Leu,-0.219940134185
p.Ser345Met,0.111112558037
p.Ser345Pro,0.0184071039196
p.Ser345Thr,0.0544690690357
p.Ser345Tyr,0.205561829102
p.Ser345Val,-0.139991881536
p.Ser348Ala,-0.00410670688441
p.Ser348Arg,-0.0246491744817
p.Ser348Asn,-0.317180500389
p.Ser348Asp,-0.844509432812
p.Ser348Cys,0.053127352083
p.Ser348Gln,-0.0144086566543
p.Ser348Glu,-0.0530595703162
p.Ser348Gly,0.00105410592615
p.Ser348His,-0.0459256306006
p.Ser348Ile,-0.0750089649136
p.Ser348Leu,-0.00887184344806
p.Ser348Lys,0.0319094923674
p.Ser348Met,0.0278576948579
p.Ser348Phe,0.0167733763223
p.Ser348Pro,0.0888652592653
p.Ser348Ter,0.0212441796756
p.Ser348Thr,0.135940316509
p.Ser348Tyr,-0.0671353368943
p.Ser348Val,0.102801225055
p.Ser375Ala,0.299565039073
p.Ser375Arg,0.409637805854
p.Ser375Asn,-0.365411990924
p.Ser375Cys,-0.255151259015
p.Ser375Gln,-0.0467075567597
p.Ser375Glu,-0.014667890486
p.Ser375Gly,0.128630074644
p.Ser375His,-0.100996682736
p.Ser375Leu,-0.422306367333
p.Ser375Met,-0.554738718809
p.Ser375Phe,-0.147946837453
p.Ser375Pro,-0.315847126426
p.Ser375Thr,-0.112434516713
p.Ser375Trp,-1.07890499139
p.Ser375Val,-0.384488504534
p.Ser446Arg,-0.211501915213
p.Ser446Ile,-0.296059857667
p.Ser446Leu,-0.235639329409
p.Ser446Pro,0.0528682055505
p.Ser446Tyr,0.336541128629
p.Ser446Val,-0.32600695675
p.Ser450Ala,0.0332521320433
p.Ser450Arg,0.0318914200321
p.Ser450Asn,-0.0773671496479
p.Ser450Asp,0.0306476524341
p.Ser450Cys,-0.195314293363
p.Ser450Gln,0.0606253242598
p.Ser450Glu,-0.0442336823819
p.Ser450Gly,-0.00502020008652
p.Ser450His,0.0190954476001
p.Ser450Ile,0.339145724695
p.Ser450Leu,0.0326595061271
p.Ser450Lys,0.00520693903419
p.Ser450Met,-0.43083839571
p.Ser450Phe,0.109631784007
p.Ser450Pro,-0.00643753039174
p.Ser450Ter,0.00930989185618
p.Ser450Thr,0.0801461604174
p.Ser450Tyr,0.00702904188722
p.Ser450Val,0.0492735003546
p.Thr288Ala,0.0910760092749
p.Thr288Arg,0.616306536734
p.Thr288Asn,0.496741194119
p.Thr288Asp,0.164521216555
p.Thr288Cys,0.226388423569
p.Thr288Gln,0.210631005794
p.Thr288Glu,-0.0256526975173
p.Thr288Gly,0.50611096404
p.Thr288His,0.0952056091274
p.Thr288Ile,-0.0665117229181
p.Thr288Leu,0.144011025203
p.Thr288Lys,0.641974624772
p.Thr288Met,0.207743314151
p.Thr288Phe,0.0647913402041
p.Thr288Pro,-0.00564685882116
p.Thr288Ser,0.187064399906
p.Thr288Ter,-0.0402780104046
p.Thr288Trp,-0.0310997419625
p.Thr288Tyr,0.0640481422012
p.Thr288Val,0.00460525393066
p.Thr292Ala,0.0883370130809
p.Thr292Arg,-0.284964903132
p.Thr292Cys,0.398010366251
p.Thr292Gln,-0.25140976791
p.Thr292Glu,0.102320435261
p.Thr292Gly,0.278274983721
p.Thr292His,0.477486196014
p.Thr292Ile,0.92771424566
p.Thr292Leu,0.118818880795
p.Thr292Met,-0.0584082352905
p.Thr292Phe,0.203753982763
p.Thr292Pro,0.550558558918
p.Thr292Ser,0.354081604874
p.Thr292Trp,0.277937106559
p.Thr292Tyr,0.363233493657
p.Thr292Val,-0.291345715274
p.Thr293Ala,0.0902054407906
p.Thr293Arg,0.312123879836
p.Thr293Asn,0.632107647209
p.Thr293Asp,0.833617652893
p.Thr293Cys,-0.0294202301278
p.Thr293Gln,0.24836680124
p.Thr293Glu,0.61195792986
p.Thr293Gly,0.393766622078
p.Thr293His,-0.014983013281
p.Thr293Ile,-0.174324852047
p.Thr293Leu,-0.0197811998119
p.Thr293Lys,0.108507210845
p.Thr293Met,-0.10931927194
p.Thr293Phe,-0.0424769440836
p.Thr293Pro,-0.289620534748
p.Thr293Ser,0.342107711715
p.Thr293Ter,-0.063520713142
p.Thr293Trp,-0.437659035611
p.Thr293Tyr,-0.199547657734
p.Thr293Val,-0.0106587447537
p.Thr299Ala,0.0294314293539
p.Thr299Arg,0.266237719132
p.Thr299Asn,0.114114007772
p.Thr299Asp,-0.0715429581574
p.Thr299Cys,-0.0932691114899
p.Thr299Glu,0.0977790407269
p.Thr299Gly,-0.415226057746
p.Thr299His,-0.00843972746041
p.Thr299Ile,-0.0683440115335
p.Thr299Leu,-0.530745316395
p.Thr299Met,-1.03491899347
p.Thr299Phe,-0.383937631152
p.Thr299Pro,0.0590984778888
p.Thr299Ser,-0.0560072352501
p.Thr299Ter,-0.0135092594852
p.Thr299Trp,-0.307972903866
p.Thr299Tyr,-0.0957103938887
p.Thr299Val,0.111875963208
p.Thr304Ala,-0.128135541973
p.Thr304Arg,1.56807321607
p.Thr304Asp,0.0659317924951
p.Thr304Cys,0.432463812927
p.Thr304Gln,-0.3331284868
p.Thr304Glu,-0.0978089363024
p.Thr304Gly,0.333338507196
p.Thr304His,0.389899316857
p.Thr304Ile,0.0536861760354
p.Thr304Leu,0.0522796147159
p.Thr304Lys,-0.00904521228016
p.Thr304Met,0.204583875135
p.Thr304Phe,0.0232265491894
p.Thr304Pro,0.507969484015
p.Thr304Ser,-0.055798958267
p.Thr304Ter,-0.0910345822203
p.Thr304Trp,0.00361652328432
p.Thr304Tyr,0.0153246358312
p.Thr304Val,0.101331827403
p.Thr341Arg,-0.0192216775123
p.Thr341Asn,-0.00776507010297
p.Thr341Ile,-0.871017459983
p.Thr357Ala,0.0506752651705
p.Thr357Arg,-0.100310791254
p.Thr357Asn,-0.0518908596363
p.Thr357Cys,-0.132147506946
p.Thr357Gln,0.227757521796
p.Thr357Glu,-0.0129185027504
p.Thr357Gly,0.126871024102
p.Thr357His,0.334891520751
p.Thr357Ile,-0.193602179474
p.Thr357Leu,-0.155469673488
p.Thr357Lys,0.020501127878
p.Thr357Met,0.120147985482
p.Thr357Phe,-0.623196703724
p.Thr357Pro,-0.0607884072917
p.Thr357Ser,-0.573964614994
p.Thr357Ter,-0.0020229958991
p.Thr357Tyr,-0.346441506353
p.Thr357Val,-0.242445094862
p.Thr420Ala,0.0543975445258
p.Thr420Arg,0.111033971319
p.Thr420Asn,-0.332831638096
p.Thr420Asp,0.162358157971
p.Thr420Cys,0.474400745974
p.Thr420Gln,-0.251626957715
p.Thr420Glu,0.171727425055
p.Thr420Gly,0.206229717042
p.Thr420His,-0.28574985902
p.Thr420Ile,0.307105696681
p.Thr420Leu,-0.31670477074
p.Thr420Lys,0.0482177880057
p.Thr420Met,-0.03927964392
p.Thr420Phe,-0.129133299059
p.Thr420Pro,0.0687313980366
p.Thr420Ser,-0.0834621659616
p.Thr420Ter,-0.0329115981806
p.Thr420Trp,-0.0461773673544
p.Thr420Tyr,-0.0501075045602
p.Thr420Val,-0.225844618212
p.Thr432Ala,-0.0128491368944
p.Thr432Arg,-0.044957929812
p.Thr432Asn,-0.0171964248713
p.Thr432Asp,0.0627178410582
p.Thr432Cys,0.0778726776586
p.Thr432Gln,-0.0171487757454
p.Thr432Glu,0.0609397368612
p.Thr432Gly,0.0477138195825
p.Thr432His,0.0367360918479
p.Thr432Ile,-0.0181267956415
p.Thr432Leu,0.0549188557881
p.Thr432Lys,-0.0679006983845
p.Thr432Met,0.0880001313041
p.Thr432Phe,-0.0928595672045
p.Thr432Pro,0.0395664066792
p.Thr432Ser,0.0780114293204
p.Thr432Ter,-0.111403835266
p.Thr432Trp,0.00725924145917
p.Thr432Tyr,-0.0234087610924
p.Thr432Val,0.0777205166339
p.Thr443Ala,-0.15513073411
p.Thr443Arg,-0.456227522087
p.Thr443Asn,-0.533614423625
p.Thr443Asp,-0.291499247056
p.Thr443Cys,-0.158404557316
p.Thr443Gln,-0.272420338208
p.Thr443Glu,0.0189169021056
p.Thr443Gly,-0.0512191598586
p.Thr443His,-0.236104913315
p.Thr443Leu,-0.779746790225
p.Thr443Lys,-0.6449904707
p.Thr443Met,-0.912191902615
p.Thr443Pro,-0.320323290445
p.Thr443Ser,-0.134020240405
p.Thr443Ter,-0.052881703163
p.Thr443Trp,-0.742751250681
p.Thr443Tyr,-0.101551811464
p.Thr443Val,-0.873570910458
p.Thr456Ala,0.489050583148
p.Thr456Arg,0.0247656247814
p.Thr456Asn,0.513217645447
p.Thr456Asp,-0.161713702596
p.Thr456Cys,0.590165283848
p.Thr456Gln,0.0975263969787
p.Thr456Glu,-0.101434371265
p.Thr456Gly,0.0322714618354
p.Thr456His,1.187098722
p.Thr456Ile,0.213991907759
p.Thr456Leu,0.708114706091
p.Thr456Lys,0.0303063819689
p.Thr456Met,1.02436948838
p.Thr456Pro,-0.0956393951398
p.Thr456Ser,0.448042258249
p.Thr456Ter,-0.0766184039523
p.Thr456Val,-0.00128438986152
p.Thr459Ala,-0.156659600768
p.Thr459Arg,0.560353279448
p.Thr459Asp,-0.200983102436
p.Thr459Cys,0.247179591268
p.Thr459Gln,-0.146963963899
p.Thr459Glu,-0.0409549516427
p.Thr459Leu,0.772835385151
p.Thr459Ser,0.384782932827
p.Thr460Ala,-0.195827113858
p.Thr460Arg,0.0400063378131
p.Thr460Asn,-0.214695675015
p.Thr460Asp,0.095605583337
p.Thr460Cys,0.0283156817861
p.Thr460Gln,0.06373723517
p.Thr460Glu,-0.0641959422662
p.Thr460Gly,-0.294086481206
p.Thr460His,0.0216224916834
p.Thr460Ile,0.0151594747978
p.Thr460Leu,-0.0858946770781
p.Thr460Lys,-0.00785454117093
p.Thr460Met,-0.140384731276
p.Thr460Phe,-0.130298703113
p.Thr460Pro,0.131907596286
p.Thr460Ser,-0.0279524801001
p.Thr460Ter,0.00457188556355
p.Thr460Trp,0.0604104114811
p.Thr460Tyr,-0.279435116461
p.Thr460Val,-0.0714686339045
p.Thr511Ala,-0.272495700711
p.Thr511Arg,-0.301751770481
p.Thr511Asn,-0.432783103297
p.Thr511Asp,-0.0857319018686
p.Thr511Cys,-1.28353409094
p.Thr511Glu,-0.23606705922
p.Thr511Gly,-0.245895317288
p.Thr511His,-0.66121057936
p.Thr511Ile,-0.0924859431619
p.Thr511Phe,-0.0947404274148
p.Thr511Pro,-0.394275023974
p.Thr511Ser,0.108314130384
p.Thr511Ter,-0.36989337799
p.Thr511Trp,-0.311503100134
p.Thr511Tyr,-0.199815247973
p.Thr511Val,-0.249938743314
p.Trp285Ala,1.52453968934
p.Trp285Arg,1.10441879361
p.Trp285Asn,0.659136648901
p.Trp285Asp,-0.231145878823
p.Trp285Cys,1.68292284367
p.Trp285Glu,-0.379338090938
p.Trp285Gly,0.0438117686277
p.Trp285His,0.500947301621
p.Trp285Ile,0.891463811789
p.Trp285Leu,0.783121397086
p.Trp285Met,0.66232127102
p.Trp285Phe,0.557019023187
p.Trp285Pro,0.03999479573
p.Trp285Ser,2.18518037262
p.Trp285Ter,-0.278978595504
p.Trp285Thr,1.03152422939
p.Trp285Tyr,0.0859846335279
p.Trp285Val,0.875970870755
p.Trp289Ala,0.68590390342
p.Trp289Arg,0.944123194929
p.Trp289Asn,0.5904391249
p.Trp289Asp,0.165117745165
p.Trp289Cys,0.927851891299
p.Trp289Gln,0.631461275749
p.Trp289Glu,0.354005572551
p.Trp289Gly,0.151161137082
p.Trp289His,1.44496135927
p.Trp289Ile,0.0411209619729
p.Trp289Leu,0.186258854227
p.Trp289Lys,-0.277859384929
p.Trp289Met,0.331112116999
p.Trp289Phe,-0.0141440908725
p.Trp289Pro,-0.304243581624
p.Trp289Ser,0.538304971031
p.Trp289Ter,-0.0248338404073
p.Trp289Thr,0.79538670721
p.Trp289Tyr,-0.0403779370353
p.Trp289Val,0.538604759023
p.Trp431Ala,0.0352632325249
p.Trp431Arg,0.0282710022585
p.Trp431Asn,-0.0359834391896
p.Trp431Asp,0.136166777628
p.Trp431Cys,0.0612983267069
p.Trp431Gln,0.105165826313
p.Trp431Glu,-0.0900911040443
p.Trp431Gly,0.0092410389995
p.Trp431His,-0.115397201267
p.Trp431Ile,-0.109394190459
p.Trp431Leu,-0.00962927698361
p.Trp431Lys,0.124916980731
p.Trp431Met,-0.0429619950726
p.Trp431Phe,0.100193446906
p.Trp431Pro,-0.0302591319448
p.Trp431Ser,0.0323558511083
p.Trp431Ter,-0.0145456060611
p.Trp431Thr,-0.0176297558536
p.Trp431Tyr,0.107326192488
p.Trp431Val,0.000268416413527
p.Trp449Ala,-0.00725678709872
p.Trp449Arg,-0.186853863747
p.Trp449Asp,-0.0563088332685
p.Trp449Cys,-0.0866591814863
p.Trp449Gln,-0.0274548994007
p.Trp449Glu,-0.125124121522
p.Trp449Gly,-0.0130350842871
p.Trp449His,-0.129700604365
p.Trp449Leu,0.00883148978564
p.Trp449Lys,-0.156085901048
p.Trp449Met,-0.0137296571383
p.Trp449Phe,-0.264263546489
p.Trp449Pro,-0.0304988618713
p.Trp449Ser,0.0857355649139
p.Trp449Ter,0.192634431342
p.Trp449Thr,0.273093218123
p.Trp449Tyr,0.0906316656107
p.Trp449Val,0.0342003678253
p.Trp502Ala,-0.190165034261
p.Trp502Arg,0.165364038592
p.Trp502Asn,-0.422920632415
p.Trp502Asp,-0.1387032676
p.Trp502Cys,-0.222960517214
p.Trp502Gln,-0.334422791088
p.Trp502Glu,-0.16560562343
p.Trp502Gly,-0.32411990077
p.Trp502His,-0.192794434572
p.Trp502Ile,0.152878986514
p.Trp502Leu,0.00158298167668
p.Trp502Lys,0.0663239960784
p.Trp502Met,-0.164504872128
p.Trp502Phe,-0.062622001103
p.Trp502Pro,0.0264746881552
p.Trp502Ser,-0.237797318154
p.Trp502Ter,-0.049711392112
p.Trp502Thr,-0.178237521942
p.Trp502Tyr,-0.125783594519
p.Trp502Val,-0.276152678795
p.Tyr329Ala,0.0787359394084
p.Tyr329Arg,0.694210793521
p.Tyr329Asn,-0.200983514943
p.Tyr329Asp,0.0112322895849
p.Tyr329Cys,0.134861690609
p.Tyr329Glu,0.0182566031311
p.Tyr329Gly,-0.572992686841
p.Tyr329His,-0.0365043825475
p.Tyr329Ile,0.416358355333
p.Tyr329Leu,0.504904938657
p.Tyr329Met,0.393595475581
p.Tyr329Phe,0.0747563642514
p.Tyr329Pro,0.0282960147798
p.Tyr329Ser,0.038169371055
p.Tyr329Ter,-0.0467093063289
p.Tyr329Thr,0.0974891541154
p.Tyr329Trp,-0.209048865181
p.Tyr329Val,0.285751585871
p.Tyr338Cys,0.358474746599
p.Tyr338Gln,-0.183821744373
p.Tyr338Glu,0.22177097048
p.Tyr338His,-0.0869886230602
p.Tyr338Leu,-0.559235889213
p.Tyr338Met,0.392289470326
p.Tyr338Phe,-0.142103285525
p.Tyr338Pro,0.182034529306
p.Tyr338Ser,0.0631147398703
p.Tyr343Arg,-0.909191656047
p.Tyr343Asn,0.282571177552
p.Tyr360Ala,0.217737106695
p.Tyr360Asp,0.061648280466
p.Tyr360Gly,0.363898728843
p.Tyr360Ile,-0.136743159347
p.Tyr360Met,0.218735491951
p.Tyr360Ter,-0.394172429052
p.Tyr360Val,-0.0420607294267
p.Tyr379Ala,-0.275106080159
p.Tyr379Arg,-0.133102468396
p.Tyr379Asn,0.103577534247
p.Tyr379Asp,-0.137867241843
p.Tyr379Cys,0.366830750911
p.Tyr379Gln,0.68030295658
p.Tyr379Glu,0.270416816098
p.Tyr379His,0.172241636562
p.Tyr379Ile,-0.457997615309
p.Tyr379Leu,0.0442203076955
p.Tyr379Lys,-0.245716790626
p.Tyr379Met,0.049745541949
p.Tyr379Phe,-0.105717069778
p.Tyr379Pro,-0.0567276967075
p.Tyr379Ser,0.0682593521474
p.Tyr379Thr,-0.02089883368
p.Tyr379Trp,-0.0284758479099
p.Tyr379Val,0.0973940982351
p.Tyr385Ala,0.0981250449842
p.Tyr385Arg,0.0328613924764
p.Tyr385Asp,-0.267919820085
p.Tyr385Cys,-0.282499696677
p.Tyr385Gln,0.36856590556
p.Tyr385His,0.168289720172
p.Tyr385Ile,0.118435634086
p.Tyr385Leu,0.579540516635
p.Tyr385Met,0.319048385596
p.Tyr385Pro,0.113195729951
p.Tyr385Thr,0.0610471729116
p.Tyr385Trp,0.120854118129
p.Tyr385Val,0.291747359138
p.Tyr419Ala,-0.0159620336001
p.Tyr419Arg,-0.044622671991
p.Tyr419Asn,-0.235858394521
p.Tyr419Asp,-0.0337245281745
p.Tyr419Cys,0.0961149515712
p.Tyr419Glu,0.0130214376856
p.Tyr419Gly,0.0334152048361
p.Tyr419His,-0.0293860543203
p.Tyr419Ile,0.0379621853159
p.Tyr419Leu,0.034629023046
p.Tyr419Lys,0.025970049534
p.Tyr419Met,0.114937078572
p.Tyr419Phe,0.228599775525
p.Tyr419Pro,0.0846099142565
p.Tyr419Ser,0.0895850699575
p.Tyr419Ter,-0.0127061046865
p.Tyr419Thr,0.0220290358308
p.Tyr419Trp,-0.067661959668
p.Tyr419Val,0.000172149411802
p.Tyr439Ala,0.11777072039
p.Tyr439Arg,0.187101498945
p.Tyr439Asn,0.153947391885
p.Tyr439Asp,-0.0654420726784
p.Tyr439Cys,0.0245577568732
p.Tyr439Gln,0.132492701567
p.Tyr439Glu,0.14534711756
p.Tyr439Gly,0.294637620094
p.Tyr439His,0.11548197796
p.Tyr439Ile,-0.225524437976
p.Tyr439Leu,-0.0455896721959
p.Tyr439Lys,0.00855921801859
p.Tyr439Met,0.0851445863053
p.Tyr439Phe,-0.0128580254903
p.Tyr439Pro,0.117370193911
p.Tyr439Ser,0.0998268648986
p.Tyr439Ter,-0.0281593946058
p.Tyr439Thr,0.21106458022
p.Tyr439Trp,-0.144677442662
p.Tyr439Val,0.00725623414352
p.Tyr466Gly,-0.0308008858602
p.Tyr466Leu,0.0821486044255
p.Tyr482Ala,0.0881050728854
p.Tyr482Arg,-0.029521580952
p.Tyr482Asn,0.148661735805
p.Tyr482Asp,0.069904232933
p.Tyr482Cys,-0.0151257013865
p.Tyr482Gln,-0.0185302871715
p.Tyr482Glu,0.0305519877332
p.Tyr482Gly,-0.077238151191
p.Tyr482His,0.13836359538
p.Tyr482Ile,-0.0275675268711
p.Tyr482Leu,-0.120438688019
p.Tyr482Lys,-0.0282017012053
p.Tyr482Met,-0.0576644028597
p.Tyr482Phe,0.00919005241839
p.Tyr482Pro,-0.0641069764392
p.Tyr482Ser,-0.0604330276053
p.Tyr482Ter,-0.094315524515
p.Tyr482Thr,0.0807096645761
p.Tyr482Trp,0.00628162399165
p.Tyr482Val,0.0474749433773
p.Tyr514Ala,0.0388013133547
p.Tyr514Arg,0.0555915366817
p.Tyr514Asn,0.742873431322
p.Tyr514Asp,0.26588055744
p.Tyr514Gly,-0.0250800935843
p.Tyr514Ile,-0.0149819095227
p.Tyr514Leu,0.0653185305206
p.Tyr514Met,0.0305964906143
p.Tyr514Ser,0.0160834814956
p.Tyr514Thr,0.0684350244091
p.Tyr514Val,0.0172628731239
p.Val274Ala,0.359863936671
p.Val274Arg,0.424538465288
p.Val274Asn,2.58362902254
p.Val274Cys,0.321889679412
p.Val274Glu,0.799600422834
p.Val274Gly,1.2811008882
p.Val274Ile,0.187338826463
p.Val274Lys,0.698969472952
p.Val274Met,0.0620549846345
p.Val274Pro,2.6688535298
p.Val274Ser,1.40863832347
p.Val274Ter,0.126415879419
p.Val274Thr,0.480053713189
p.Val274Trp,0.546981817724
p.Val284Ala,0.380795936392
p.Val284Arg,-0.0884777179079
p.Val284Asn,-0.0206516160044
p.Val284Asp,-0.00425696611678
p.Val284Cys,-0.175771492145
p.Val284Gln,0.114880014496
p.Val284Glu,0.0465358895919
p.Val284Gly,0.163514983986
p.Val284His,0.0231400124471
p.Val284Ile,0.24043697553
p.Val284Leu,0.144187312308
p.Val284Lys,0.0258122662406
p.Val284Met,-0.079679138782
p.Val284Pro,-0.181331269968
p.Val284Ser,0.0823544334469
p.Val284Thr,-0.0499713465723
p.Val284Trp,0.0242619698968
p.Val284Tyr,-0.085529019957
p.Val295Ala,0.790891724466
p.Val295Arg,-0.508208464266
p.Val295Asn,-0.238939045762
p.Val295Gln,-0.159219932673
p.Val295Gly,-0.279758849188
p.Val295Ile,0.0927784094518
p.Val295Leu,-0.110081737007
p.Val295Lys,-0.528172033394
p.Val295Met,0.0845477715419
p.Val295Phe,0.0544235500966
p.Val295Ser,-0.0815276820774
p.Val295Thr,0.174623302455
p.Val295Tyr,0.165577317248
p.Val316Ala,0.180532554008
p.Val316Arg,0.133453506918
p.Val316Asn,0.0908142078878
p.Val316Asp,0.0597891780419
p.Val316Cys,0.353179922255
p.Val316Gln,0.0452800162481
p.Val316Glu,0.105122837619
p.Val316Gly,-0.0175580332309
p.Val316His,0.101001196573
p.Val316Ile,0.310722384783
p.Val316Leu,0.302106067239
p.Val316Lys,0.125950491141
p.Val316Met,0.220806940434
p.Val316Phe,0.0977254316873
p.Val316Pro,0.0378816357491
p.Val316Ser,0.0327949370179
p.Val316Ter,0.864444715554
p.Val316Thr,0.197131137574
p.Val316Tyr,0.150378387218
p.Val326Ala,0.44006569057
p.Val326Arg,0.190201075749
p.Val326Asn,-0.0358109220829
p.Val326Cys,0.0459871321259
p.Val326Gln,0.352406633158
p.Val326Glu,0.0562585718245
p.Val326Gly,0.00375556471578
p.Val326His,0.0699842907152
p.Val326Ile,0.520275378567
p.Val326Leu,1.39508137799
p.Val326Lys,-0.249453516251
p.Val326Met,0.340001414728
p.Val326Phe,-0.129747246115
p.Val326Pro,0.173117221878
p.Val326Ser,0.0576336695506
p.Val326Thr,0.00280456215998
p.Val326Tyr,-0.20122907484
p.Val331Arg,0.193826247321
p.Val331Asp,-0.133421388076
p.Val331Cys,0.911051939339
p.Val331Gln,0.223598927229
p.Val331Glu,-0.482526858643
p.Val331Gly,-0.0188075305031
p.Val331His,0.356667619715
p.Val331Ile,0.322260150351
p.Val331Leu,0.495094817798
p.Val331Met,0.932871941716
p.Val331Pro,0.163365251582
p.Val331Thr,0.354208689569
p.Val332Ala,-0.227873888953
p.Val332Gln,-0.00499810110553
p.Val332Glu,0.0262659707011
p.Val332His,-0.238509772607
p.Val332Ile,0.39730028706
p.Val332Leu,0.186693054971
p.Val332Lys,-0.0362250988478
p.Val332Phe,-0.267403812605
p.Val332Pro,-0.0872487362177
p.Val332Ser,-0.0177178743927
p.Val332Ter,-0.154895977528
p.Val332Thr,0.115290030509
p.Val332Tyr,0.0055211311587
p.Val340Ala,0.0813877333634
p.Val340Arg,0.0434963956025
p.Val340Asn,-0.0843070581685
p.Val340Asp,0.269846703472
p.Val340Cys,0.076752858485
p.Val340Gln,0.0437793762361
p.Val340Glu,-0.0803727660443
p.Val340Gly,0.0167107272635
p.Val340His,0.0362988712892
p.Val340Ile,-0.0881301884883
p.Val340Leu,0.0737041744469
p.Val340Lys,0.0590022722266
p.Val340Met,0.402610930934
p.Val340Phe,0.0244818646127
p.Val340Pro,-0.0348751685212
p.Val340Ser,0.018426719029
p.Val340Ter,-0.17213085015
p.Val340Thr,-0.094192113294
p.Val340Trp,-0.0469225359958
p.Val340Tyr,0.00776301704918
p.Val367Arg,-0.275268410429
p.Val367Asn,-0.0983705923078
p.Val367Asp,-0.0800048501895
p.Val367Gln,-0.17397715324
p.Val367Glu,0.0464731954785
p.Val367Gly,-0.116992694633
p.Val367His,-1.07847341012
p.Val367Ile,0.0206807449263
p.Val367Leu,0.40457398107
p.Val367Pro,-0.124205254204
p.Val367Ser,-0.220870656302
p.Val367Ter,-0.153104052583
p.Val380Ala,-0.0351635599528
p.Val380Arg,0.0119323639807
p.Val380Cys,-0.107280769359
p.Val380Gln,-0.286536663201
p.Val380Glu,0.00954611329976
p.Val380Gly,0.118843930821
p.Val380His,-0.500603734571
p.Val380Ile,0.0304765496457
p.Val380Leu,0.17249468733
p.Val380Met,0.280865558767
p.Val380Phe,0.0568405854626
p.Val380Pro,0.0286833534025
p.Val380Ser,0.0645030816147
p.Val380Ter,-0.10329156451
p.Val380Thr,0.572517312102
p.Val380Trp,-0.428774932959
p.Val380Tyr,0.0917407696856
p.Val386Ala,0.247028898773
p.Val386Arg,0.205364237004
p.Val386Asp,0.101804431319
p.Val386Cys,0.0882899676634
p.Val386Gln,0.0310962682684
p.Val386Glu,-0.203928544993
p.Val386Gly,0.105963681991
p.Val386His,-0.0163646179064
p.Val386Ile,-0.391732029174
p.Val386Leu,-0.00963233233922
p.Val386Lys,-0.0274708805881
p.Val386Met,-0.0203386177196
p.Val386Phe,0.11016962008
p.Val386Pro,0.105467386077
p.Val386Ser,0.0409683826613
p.Val386Thr,0.0368841331771
p.Val386Trp,0.105721529849
p.Val386Tyr,-0.109375853027
p.Val397Ala,-0.311468706263
p.Val397Arg,-0.14158732885
p.Val397Asn,-0.0440590434688
p.Val397Asp,-0.449200028481
p.Val397Cys,-0.418366972456
p.Val397Gly,-0.143075393199
p.Val397His,-0.0205957201903
p.Val397Ile,0.404834567887
p.Val397Leu,-0.10350440588
p.Val397Lys,-0.313067682663
p.Val397Met,-0.152912705693
p.Val397Phe,-0.05596144203
p.Val397Pro,0.101371057431
p.Val397Ser,-0.0638037610587
p.Val397Ter,-0.165643017603
p.Val397Thr,-0.424356910055
p.Val397Trp,-0.0524190651692
p.Val397Tyr,-0.198791589012
p.Val402Ala,-0.0304831735702
p.Val402Arg,-0.0761451600618
p.Val402Asn,-0.382631581625
p.Val402Asp,-0.264492538324
p.Val402Cys,0.213199446743
p.Val402Gln,0.269511160882
p.Val402Gly,-0.521220949619
p.Val402His,-0.0636907942067
p.Val402Leu,-0.181460656253
p.Val402Met,-0.896613126102
p.Val402Pro,-0.315883242266
p.Val402Ser,-0.175883036094
p.Val402Ter,-0.410029413945
p.Val402Thr,0.369658581926
p.Val402Tyr,-0.360087322643
p.Val405Ala,0.0201874697342
p.Val405Arg,0.0544563987249
p.Val405Asn,0.0446978005838
p.Val405Asp,-0.118240534613
p.Val405Cys,0.0771569767653
p.Val405Gln,0.240007377434
p.Val405Glu,0.0806977621948
p.Val405Gly,-0.0482262141646
p.Val405His,0.00288154659843
p.Val405Ile,0.00750903622924
p.Val405Leu,-0.0960659264401
p.Val405Lys,0.161072137719
p.Val405Met,0.0385813071963
p.Val405Phe,-0.096566516304
p.Val405Pro,-0.119262369853
p.Val405Ser,-0.121494649039
p.Val405Thr,-0.0917304274263
p.Val405Tyr,0.0272503473478
p.Val448Arg,-0.315112885139
p.Val448Gly,-0.247597094725
p.Val448Ile,-0.212787957348
p.Val448Leu,-0.12533171261
p.Val448Phe,-0.0246205470531
p.Val448Thr,-0.545621193546
p.Val448Tyr,-0.609603846362
p.Val464Ala,0.111315225144
p.Val464Arg,0.336917154503
p.Val464Asn,0.0694434225063
p.Val464Asp,0.208781795844
p.Val464Cys,-0.0224494425941
p.Val464Glu,0.00312890881652
p.Val464Gly,-0.0160522018307
p.Val464His,0.0754982011914
p.Val464Ile,0.0884475705379
p.Val464Leu,0.119395704605
p.Val464Met,0.531308958271
p.Val464Phe,0.0334826812153
p.Val464Pro,-0.31175994078
p.Val464Ser,0.264910994901
p.Val464Thr,0.203437269137
p.Val464Trp,-0.394144029742
p.Val464Tyr,-0.135394489389
p.Val470Ala,0.101134670449
p.Val470Arg,0.0744680348102
p.Val470Asp,0.0816090376305
p.Val470Cys,0.315286583842
p.Val470Gln,0.406173268714
p.Val470Glu,-0.170891369737
p.Val470Gly,0.36779402485
p.Val470Leu,0.0199742207099
p.Val470Lys,-0.217809251842
p.Val470Met,-0.080520225056
p.Val470Phe,-0.123481105018
p.Val470Pro,-0.0187401714421
p.Val470Ser,-0.0674952255497
p.Val470Ter,-0.0948982345568
p.Val470Trp,-0.185934245143
p.Val478Ala,-0.0163913629231
p.Val478Arg,0.152202414779
p.Val478Asn,-0.087667555743
p.Val478Glu,-0.0329360042485
p.Val478Gly,0.0263795965804
p.Val478Ile,-0.00995945853582
p.Val478Leu,0.0329510828239
p.Val478Lys,-0.057111926441
p.Val478Met,-0.178033941459
p.Val478Ser,-0.182954864742
p.Val478Thr,0.138699681755
p.Val478Tyr,-0.228326617582
