,AA,Type,SASA,Location,Residuals,MeanResid,VarResid,MutNum
270,L,Hydrophobic,76.244430542,Boundary,"[0.11189851515999999, -0.012219245474100001, 0.137775485132, 1.1706004993899999, 0.48216017668000005]",0.37804308617757998,0.18397075241463745,5
271,R,Basic,103.879722595,Surface,"[0.0361623704485, 0.13952563142000002, 0.33490864369899997, 0.12445151245200001, 0.14053051656900001, -0.491845073094, 0.145747166599, 0.15355824930799999, 0.053893926447300004, 0.34885095984399994, 0.067579310557599997]",0.095760292204581807,0.043928001224083343,11
272,L,Hydrophobic,70.4197692871,Boundary,,,,
273,E,Acidic,86.8781204224,Boundary,"[0.94744750246499998, 1.1919820415200002, 0.61529188594299999, 0.21051934041900003, 0.25964774921599998, 0.056067019401099996, -1.2314125769199999, -0.27402019493300001, -0.381200339321, 0.83420897324499999, 0.345398747251, 1.3911465193999999]",0.33042305564050833,0.49908828461607685,12
274,V,Hydrophobic,69.3793640137,Boundary,"[0.35986393667099997, 0.42453846528800004, 2.5836290225400003, 0.32188967941199997, 0.79960042283400001, 1.2811008881999999, 0.18733882646299999, 0.69896947295200007, 0.062054984634499995, 2.6688535297999998, 1.40863832347, 0.12641587941900001, 0.48005371318899998, 0.54698181772400001]",0.85356635447117835,0.66779839974618405,14
275,K,Basic,83.7945327759,Boundary,"[0.120196614329, -0.068150893708699992, -0.36410800339599997, 0.118191064197, 0.20410290728700001, 1.2399101370200001, 0.728816144188, -0.21973960984499999, -0.37982980051700005, 0.059738063439899999, 0.22604276238600002, 0.60700188560699997, 0.54999453785700003]",0.21708967760340003,0.19856507755718747,13
276,L,Hydrophobic,86.2570419312,Boundary,"[1.5017118872899999, -0.61747314195799996, 0.30349233738199999, 1.0022802585200001, 0.737741997687, -0.037887824788199999, 0.48906384164200001, 0.43954999470700001]",0.47730991881022505,0.36107166270575486,8
277,G,Hydrophobic,23.6183357239,Core,"[0.52849045178599996, 0.048309853126099991, -0.072070567057199997, 0.40513606749600001, 0.197527378458, -0.18818172047899998, 0.145960052255, -0.060105569323100003, 0.0025911050489000002, 1.0187122107, 0.084291509121499991, 0.036791475411699998, 0.095213445303699989]",0.17251274552673845,0.093748382956609408,13
278,Q,Polar,129.940231323,Surface,"[0.37204288430299998, 0.069038854853899989, 0.22956925866099998, 0.051723083005099993, -0.037422656007499999, 0.509514165573, 0.12037991539200001, 0.20813933098999998, 0.10481946913899999, 0.14139897625700001, 0.151433676263, 0.069822178511800004, 0.075667621663399992, -0.061393591906800001, 0.19816868868199999, 0.015981858736000002, -0.077228387453899996, 0.11461818846300001, -0.0018496799533800001]",0.11865388606166423,0.019831366384554423,19
279,G,Hydrophobic,56.462562561000006,Boundary,"[0.098102962178399991, -0.19357616036400002, -0.030876005483099999, -0.154371171063, 0.022405681943200001, 0.103741110626, 0.13769809455400001, -0.134246061034, -0.060645155416000004, -0.091184289319600001, 0.063476278794400001, 0.0080528544921799998, -0.0564021179692, -0.0098470544929299998, 0.015400647139600002]",-0.018818025694270001,0.0089611185248849503,15
280,C,Polar,89.04488372799999,Boundary,"[0.19883076426100002, -0.066762242183499992, 0.191903702968, -0.028157363794200002, 0.21952775808800001, -0.66515589690700005, 0.129104127914, 0.072716672349199998, -0.038589562929300006, 0.77519501617400011, 0.023286841995500001, -0.093058445605899986, 0.061315709432400001, 0.013411147794500001, 0.116124419511, -0.057741883345200001, 0.23905499925099999]",0.064176809704323531,0.071394015016233589,17
281,F,Hydrophobic,48.141651153599994,Core,"[-0.0069725161661099988, -0.051130864627400005, -0.116349177585, -0.0186485620695, -0.019145455794599999, -0.28819866874799999, 0.21412506502799999, 0.085290098673500014, -0.072782675800000002, 0.083929365577300005, -0.087078350725600009, -0.00561018748943, 0.047692531154800002]",-0.018067646044003075,0.013160252015767527,13
282,G,Hydrophobic,18.2876586914,Core,"[0.23296596010499998, -0.132331327272, -0.062799897509900005, -0.063677433648499995, 0.092196351487699987, -0.045752019318399999, 0.073036697682899984, -0.020350971544900003, -0.23141070226999999, -0.075256657263400001, -0.19723851018199998, 0.117535930628]",-0.026090214925458335,0.016657425656317264,12
283,E,Acidic,51.242336273199996,Boundary,"[0.32061790664299999, 0.17127289936700002, 0.16594650644200001, -0.113432750222, 0.90214838189199997, 1.3914575246300001, 0.428572230497, -0.046542704387399998, 0.71009925758100001, 1.77900523926]",0.57091444917026002,0.351806912004342,10
284,V,Hydrophobic,41.5804214478,Core,"[0.38079593639200005, -0.088477717907899989, -0.020651616004400002, -0.0042569661167799998, -0.17577149214499999, 0.11488001449599999, 0.046535889591899998, 0.16351498398600001, 0.023140012447099997, 0.24043697553000004, 0.144187312308, 0.025812266240599999, -0.079679138782000003, -0.18133126996800003, 0.082354433446899994, -0.049971346572299999, 0.0242619698968, -0.085529019957000005]",0.03112506816010667,0.019169504003116324,18
285,W,Hydrophobic,56.0954208374,Boundary,"[1.5245396893399998, 1.1044187936100001, 0.65913664890099999, -0.231145878823, 1.6829228436700001, -0.37933809093800003, 0.043811768627699997, 0.50094730162099999, 0.89146381178900003, 0.78312139708600004, 0.66232127101999994, 0.55701902318700003, 0.039994795730000005, 2.1851803726200001, -0.278978595504, 1.03152422939, 0.085984633527899992, 0.87597087075500002]",0.65216082697831113,0.46974042240052405,18
286,M,Hydrophobic,29.637775421100002,Core,"[0.41885261875200003, 0.95293191957900003, 0.64039803444599996, 1.03916015459, 0.149686008835, 0.46727883626799999, 0.94505083603100004, 1.5445157288999998, 0.31179294752100001, -0.201947025636, -0.19761885587499997, 1.15136715277, 0.14881234260500001, 0.029174344022699999, 0.81239048576000006, -0.016591882764200001, 0.43240478433300006, 0.29077222511799999, 0.51311099857800002, -0.039627505523399997]",0.46959570741550494,0.22024027180617095,20
287,G,Hydrophobic,0.0,Core,"[-0.40682418059199998, 0.0013972794875000002, 0.069220969648100011, -0.10457093359400001, -0.34631775828100003, -0.198840202385, 0.075303332511599999, -0.016847659869100001, -0.012871804237, 0.023133067974099995, 0.0184345661541, -0.46158696251199999, -0.47233811440899998, 0.0089570590396199998, -0.486015429497, -0.026010021064100001, -0.31191230953799998, -1.00652700819, -0.078687639295699996]",-0.19646861834994106,0.073895566927375075,19
288,T,Polar,18.8039855957,Core,"[0.091076009274899991, 0.61630653673400004, 0.49674119411899997, 0.16452121655500002, 0.22638842356899999, 0.21063100579399999, -0.0256526975173, 0.50611096404, 0.09520560912739999, -0.066511722918099994, 0.14401102520300002, 0.64197462477200007, 0.207743314151, 0.06479134020409999, -0.0056468588211599996, 0.18706439990600002, -0.040278010404599995, -0.0310997419625, 0.064048142201200003, 0.0046052539306599997]",0.17760150139787997,0.045948842431488369,20
289,W,Hydrophobic,138.29258728,Surface,"[0.68590390341999996, 0.94412319492899999, 0.59043912490000006, 0.165117745165, 0.92785189129899992, 0.63146127574900002, 0.35400557255099996, 0.15116113708199999, 1.4449613592700001, 0.041120961972900001, 0.186258854227, -0.27785938492899998, 0.33111211699900001, -0.014144090872500001, -0.304243581624, 0.53830497103100006, -0.024833840407299999, 0.79538670721000004, -0.040377937035300009, 0.53860475902299998]",0.38321773699799,0.1913538390251926,20
290,N,Polar,101.21223449700001,Surface,"[0.19030296251100001, 0.22439001426600003, 0.58332040734399992, 0.10981134758700001, 0.18427264874000002, 0.12767082721200002, 0.33267050436200002, 0.379243094532, 0.41941897286200003, -0.00424524145559, 0.41384781575099999, 0.065937763031999996, 1.1869667715000001, 0.14983821392400001, 0.475814535722, -0.11512571082699999, 0.44095424210900003, 0.80902704472700004, 0.171338953884, 0.452992880875]",0.32992240243287052,0.083636541516925594,20
291,G,Hydrophobic,51.954044341999996,Boundary,"[0.57851360705599997, 0.61518584290099998, 0.70925685766499991, 0.088176584400600014, -0.028675587101599998, 0.51190985483700002, 0.42501179348700002, 0.198181325341, 0.99173490469899994, 0.66080434229500007, -0.0092761863490900005, 0.36630791933899998, 0.51034211600099999, 0.71967731021100001, 0.46675197697999998, 1.0264456111, 0.32053965831999998, 0.297691101658]",0.46936550182443937,0.085385085521882856,18
292,T,Polar,108.370895386,Surface,"[0.088337013080900001, -0.28496490313200001, 0.398010366251, -0.25140976790999997, 0.102320435261, 0.27827498372100001, 0.47748619601400005, 0.92771424566000005, 0.11881888079500001, -0.058408235290500002, 0.20375398276299997, 0.55055855891799999, 0.35408160487400003, 0.277937106559, 0.36323349365699997, -0.29134571527399999]",0.20339989037171252,0.1004275064386721,16
293,T,Polar,59.479202270500004,Boundary,"[0.090205440790600014, 0.31212387983600004, 0.63210764720900003, 0.83361765289299994, -0.029420230127799998, 0.24836680124000002, 0.61195792985999997, 0.39376662207800001, -0.014983013281000001, -0.17432485204700002, -0.019781199811900001, 0.10850721084499999, -0.10931927194, -0.042476944083599998, -0.28962053474800004, 0.34210771171499998, -0.063520713142000002, -0.437659035611, -0.19954765773400002, -0.010658744753700001]",0.10907243495933001,0.10235809214316438,20
294,R,Basic,106.56643676799999,Surface,"[1.05760152351, 1.3458207503699999, 0.337143757461, -0.023357783487400002, 0.28452926382400001, 0.057864928697199995, 0.42841744752200001, 0.50099339203100002, 0.077633628233800003, 0.85781066911899995, 0.46411990265199998, 0.46282821464900004, -0.083084710183200003, 0.72211436514100003, 0.38527700231700002, -0.033705448616900002, 3.0612228893199998, -0.23367897545699998, 0.090248532701799999, -0.077988009369499997]",0.48409056702173991,0.50826309785879498,20
295,V,Hydrophobic,5.60302686691,Core,"[0.79089172446600009, -0.50820846426599997, -0.23893904576200001, -0.159219932673, -0.27975884918799998, 0.092778409451800006, -0.110081737007, -0.52817203339399998, 0.084547771541900005, 0.0544235500966, -0.081527682077399993, 0.17462330245499999, 0.16557731724800001]",-0.041774282239084595,0.10739730221586757,13
296,A,Hydrophobic,10.409707069400001,Core,"[-0.080207347710299998, 0.23241801568500001, -0.077668543710100013, -0.0043223755444099995, 0.37224023076599999, 0.0250835621145, -0.080697660215200001, 0.153563439005, 0.095509070794099996, -0.0038667436994100001, -0.109635144921]",0.047492409324016369,0.021103112349239506,11
297,I,Hydrophobic,0.272661477327,Core,"[-0.12543528305900001, 0.18875919801300001, 0.117752431952, 1.4191444063299998, -0.51643851992400003, 0.14329557817399999, 0.054083443188500002, -0.11950418315, 0.014929584576299998, -0.55655357746900003, -0.14556856046200001, 0.077059993044700001, -0.39474133072800005, 0.57853118961799999]",0.052522455007464254,0.22661792339712084,14
298,K,Basic,51.927513122600004,Boundary,"[-0.051442536713399996, -0.038219539360800005, 0.063575434208599998, 0.23352343172699999, 0.056012411160199997, -0.040888319191400006, -0.14528880316600001, -0.075903439298600009, 0.0082501947918600001, 0.049095248674300006, 0.149371935806, -0.0076624374213400005, -0.13591539932399999, 0.12689372267100002]",0.013671564611672854,0.010797775462693135,14
299,T,Polar,22.7564544678,Core,"[0.029431429353900002, 0.26623771913200001, 0.11411400777200001, -0.0715429581574, -0.093269111489899997, 0.097779040726899982, -0.41522605774599997, -0.0084397274604099994, -0.068344011533500004, -0.530745316395, -1.03491899347, -0.38393763115199997, 0.059098477888800002, -0.056007235250099999, -0.013509259485200001, -0.30797290386600001, -0.095710393888699993, 0.11187596320800001]",-0.13339372010070055,0.088250326156282866,18
300,L,Hydrophobic,13.9906482697,Core,"[0.56512905102599997, 2.2019008444999999, 1.4580429894100002, -0.207904880264, 0.37832680990999995, 0.23806742891999996, 0.09365919116260002, 0.21099675039099999, 0.087013090142600016, 0.043926593517199998, 0.88226959957100004, -0.12595940387900001, -0.0029255132675399999, 0.153582551195, 0.29335828118700003, -0.043941377388399996, 0.18873425263599999, 0.00523089487441, 0.052686886893999994, -0.098634385515899994]",0.31867798275109854,0.32611713712032675,20
301,K,Basic,136.003234863,Surface,"[0.077934441436199986, 0.041737448440400005, -0.0105885066877, 0.018853163466500001, 0.00079324463040799991, 0.13828048126299999, 0.011626117132200001, 0.0191029561174, 0.085458863954399986, -0.28107288904599997, 0.015761264000799999, 0.083455435129399999, 0.118644354024, -0.0564254617732, -0.021573382177300003, -0.094216141442899998, 0.013129259843600001, -0.014139381548799998, 0.062387894867500002, -0.161141523801]",0.0024003818914454023,0.0089071142196443433,20
302,P,Basic,70.6764755249,Boundary,"[0.25130852784300001, 0.47637101257299996, 0.350483576553, 0.13277347906099998, 0.056963587660300005, -0.072827530144200001, 0.11717759928200001, -0.23198819174899998, -0.089365985684600011, 0.65651317355700001, 0.18087284301500001, 0.13878623722, 0.10868211323599999, -0.027177412456299999, 0.115314038258, -0.0035753902285500004, 1.1360148420799998, 0.051609421579999995]",0.18599644120309164,0.09410959452019324,18
303,G,Hydrophobic,56.5727539062,Boundary,[-0.313394975691],-0.313394975691,0.0,1
304,T,Polar,13.511559486400001,Core,"[-0.12813554197300001, 1.5680732160699999, 0.065931792495099992, 0.43246381292699998, -0.33312848680000001, -0.097808936302399993, 0.333338507196, 0.38989931685699997, 0.053686176035400004, 0.052279614715900001, -0.0090452122801599998, 0.20458387513500001, 0.023226549189400002, 0.50796948401499997, -0.055798958267000001, -0.091034582220300003, 0.0036165232843200002, 0.015324635831200001, 0.10133182740299999]",0.15983019017428732,0.15226286745633275,19
305,M,Hydrophobic,4.96045017242,Core,"[-0.17933309952900001, -0.067248712840099992, 0.090923541837899996, 0.22743210995599999, -0.10792352820499999]",-0.0072299377560399976,0.021612266601029849,5
306,S,Polar,27.0379505157,Core,"[-0.7555231621259999, 0.35244309717100003, -0.17830118661400002, 0.142761338238, 0.24319878251999996, 0.0073157855106200003, -0.036628579101900004, 0.19441183575800003, -0.34006293853500003, -0.23294473833400001, -0.065107954204499996, 0.13749562840999999, 0.143616935088]",-0.029794242786136925,0.080590476341544662,13
307,P,Basic,26.6543121338,Core,"[0.15456222348900001, 0.32129905120300001, 0.23094213660399998, -0.17055368190900003, 0.096706888939399993, 0.229497875509, 0.19688997977200001, -0.023299067210699999, 0.016880017881900002, -0.223972833264, 0.013155449646000001, 0.59015861279799997, -0.18224754504400001, 0.034406309535199998, 0.0116026122844, -0.059318015874500002, -0.102361861505, -0.099496618099799997, 0.30013792503499997, 0.085934752063699993]",0.071046210592680001,0.03823647145811658,20
308,E,Acidic,128.827804565,Surface,"[0.020822906502700002, -0.036474115528300002, 0.45120908454999997, 0.63934464873399999, -0.16515077066600001, -0.50577935197500001, 0.021789942077399999, 0.15217257134699999, 0.13634556498199998, -0.30200530757399996, -0.035749613545600002, -0.139585832691, -0.039079720239599998, -0.25650881354900001]",-0.0041892005410999944,0.079890847011548555,14
309,A,Hydrophobic,42.041801452600005,Core,[-0.078988943475000004],-0.078988943475000004,0.0,1
310,F,Hydrophobic,2.6876225471499997,Core,"[-0.065140235131599999, 0.20999928354000003, -0.0150270752626, 0.058415299893199997, 0.16120328151900001, 0.090437553930200004]",0.073314684748033335,0.0089827167846707554,6
311,L,Hydrophobic,70.1174621582,Boundary,"[-0.043647226247500004, 0.12020075226099999, 0.085922702125499989, -0.146935378142, -0.0421150312981, 0.026858377393400003, 0.043321909870999993, -0.0254674789715, 0.23836165257599998, 0.102035388849, 0.20504221108600001, -0.030502501768299998, -0.0828285747431, -0.082311752485999992, 0.28417595675000001]",0.043474067150359993,0.015105900597041238,15
312,Q,Polar,138.590484619,Surface,"[0.068893310733800006, -0.073238821938300003, -0.24821537194200002, -0.036880850679599994, 0.051931216194999998, -0.19682325884100002, 0.090077888688200006, -0.095390078345100007, -0.077084577080300004, 0.025732305147399999, -0.24880124459800002, -0.32266870717099999, 0.031464415159600002, 0.039201664926099999, -0.15941669692399998, 0.044960417751299997, -0.24857026219799999, -0.121957628788, -0.0216151607001]",-0.078863233716,0.015435438489008007,19
313,E,Acidic,18.8747196198,Core,"[0.061903797921199995, -0.026451358762699998, -0.012860857741000001, 0.26013841331999998, 0.072906461523600002, -0.073283122877800005, 0.13663234731599999, 0.034830900306500004, 0.15335363882300002, 0.019572344469999999, -0.12570346241399999, 0.21225130292199998, 0.03477947788, 0.036274343659699997, 0.16080014130500001, 0.177767196288]",0.070181972746218763,0.010554003287474835,16
314,A,Hydrophobic,4.138533592219999,Core,"[-0.024165395877700002, 0.0345797272378, -0.00149907185454, -0.085915952538399995, 0.027267650509700002, -0.53939140648299999, -0.099957791961599998, 0.065395123211400008, -0.049302192293800007, -0.0056452730844399994, 0.144421626828, -0.0433090252321, 0.0315846207213, -0.061090082281300008, -0.019389923730299997, 0.0756559342907, 0.14952942017400001, 0.054740026762099998]",-0.019249554755676669,0.020546063846944011,18
315,Q,Polar,87.31078338620001,Boundary,"[-0.067636232294099999, 0.088347957337100005, -0.34428432190499997, -0.36235959007299995, 0.076323494728199992, -0.013535064002700001, -0.35140046725599999, -0.121961293542, -0.10929184670299999, -0.048360176868099999, 0.023755990502900001, -0.181351901436, -0.077848022044699997, 0.11371853703299999, -0.12045310449999999, 0.115622550064, -0.161193442859, -0.048734427859799999]",-0.088368964537677785,0.021610142577468301,18
316,V,Hydrophobic,60.0031394958,Boundary,"[0.180532554008, 0.13345350691800001, 0.090814207887799994, 0.059789178041900003, 0.353179922255, 0.045280016248099998, 0.105122837619, -0.017558033230900001, 0.101001196573, 0.31072238478300002, 0.30210606723900002, 0.12595049114099999, 0.22080694043400001, 0.097725431687299996, 0.037881635749100001, 0.032794937017900004, 0.86444471555400004, 0.197131137574, 0.15037838721799998]",0.17850302709037896,0.035705405475246199,19
317,M,Hydrophobic,15.407022476199998,Core,"[0.099500504358200001, -0.016643598393199999, 0.025168192304099998, -0.053001234845800001, -0.070032380604399994, 0.049003465283699997, -0.147528486978, -0.34287992651799998, 0.110510414099, 0.080364731547200002, -0.091008020038900003, -0.074507327209499999, -0.0136830420872, -0.075419274568199995, -0.00044787467022800001, 0.020779351406300002, 0.22850320208299998, -0.0084171175337099998, 0.058033572929699996]",-0.011668676286101997,0.013270245975138659,19
318,K,Basic,134.790039062,Surface,"[-0.036612729544699997, 0.212961218565, 0.16695568870300001, 0.13385985422900001, -0.073235579205899987, -0.28247634397400001, -0.096501401847399998, -0.15291329025299999, -0.067249356219899997, -0.074445588213999991, -0.019645468675099999, -0.185161208508, -0.227271856997, -0.023341133287999999, -0.0658503600159, -0.083804099408000002, -0.042834883238000006, -0.10703543637, -0.0054361897389700008, -0.065424399594800009]",-0.054773128179783512,0.013811415562154756,20
319,K,Basic,133.873458862,Surface,"[0.202879390682, -0.12325067984099999, 0.287695412559, 0.097809924600100018, 0.083308414098600014, 0.096725718217399989, -0.22508000971299999, 0.054220659742000001, -0.177879645251, -0.51354303021300007, -0.27807101251100003, -0.27765482921000001, 0.11112297410700001, 0.20978528286200002, -0.15911224319199999, -0.43259754158000002, -0.27891857887600002]",-0.077797634912876473,0.053652095839393787,17
320,L,Hydrophobic,16.4257965088,Core,"[0.018935929889200002, 0.0265826058208, 0.30958475126500001, 0.0643634140243, 0.062909030294600002, 0.249572524017, -0.035371276183300007, 0.05895596479730001, 0.150328829257, 0.068586912644700002, -0.16553726127999999, 0.0821535493132, 0.17826156038600002, 0.078608786356399993, 0.074498151659399992, -0.17466403859400001, 0.046922776633199992, -0.10368009243200001, 0.049216418166199996, -0.019755817113]",0.051023635946100009,0.013559293091147801,20
321,R,Basic,141.789840698,Surface,"[-0.51553652838200004, 0.52069598394899996, 0.14463489314799999, -0.25440189066899999, -0.224585234823, -0.071962823722600003, 0.12829491977800001, -0.32396164924699999, 0.24899787212299998, 0.199240917874, -0.22315569997600002, -0.062922094489800004]",-0.036221777869783346,0.078273336682519276,12
322,H,Basic,51.1233291626,Boundary,[-0.0151610975969],-0.0151610975969,0.0,1
323,E,Acidic,113.938148499,Surface,"[-0.54976222642999995, -0.61536551250399996, 0.033708408196600002, 0.36096236609300003, -0.380405858125, 0.23910389794100001, -0.74838037946700009, -0.36196694124099998, -0.45353060258100003, -0.60671135594199999, -0.43790003315100001, 0.065044588785800009, -0.031309444278199997, 0.033536463124799999, -0.60127390734599995, -0.46169463563399998, -0.49086252801200003, -0.28120580095699999]",-0.29377852786261116,0.10102260535537787,18
324,K,Basic,29.4716796875,Core,"[0.26913117982200002, 0.45242796453100004, 0.34835034163099998, -0.055745595295699994, -0.11375088397399999, -0.241248495062, -0.21181373200699999, -0.079121381687800002, -0.146642999591, 0.98905166798899991, 0.09858543863569999, 0.048219607155899999, 0.080817616711199997]",0.11063544068140768,0.10638646193521747,13
325,L,Hydrophobic,6.314498424530001,Core,"[-0.58420946968300003, -0.0443751638208, -0.380569761949, -0.0301462112597, -0.60589333215899999, 0.14118180802899999, 0.081115512260499997, -0.0348229903546, -0.19593444843400001, 0.62371019611900003, -0.31650583280200001, -0.19158676878400002, -0.20993643951800001, -0.12324726515900002, -0.54774970079499996, -0.20895874094399999, -0.583649136693, 0.038644451331699997, 0.26932917687300001]",-0.15282126935483684,0.09589640422708387,19
326,V,Hydrophobic,11.24796772,Core,"[0.44006569056999995, 0.19020107574900003, -0.035810922082900001, 0.045987132125900006, 0.35240663315800003, 0.056258571824500003, 0.0037555647157799998, 0.069984290715200001, 0.52027537856700001, 1.39508137799, -0.24945351625100001, 0.340001414728, -0.12974724611499999, 0.17311722187800002, 0.057633669550599995, 0.0028045621599800002, -0.20122907484000002]",0.17831363673194472,0.13590377476899973,17
327,Q,Polar,86.23686981200001,Boundary,"[0.29265001046599998, -0.103726707031, 0.37460637632400001, 1.0993807306299999, 1.0485227822499998, 0.060744960815500001, -0.030260240900099999, -0.19062432723499997, -0.33841765150100001, 0.18077880125199999, 0.22735431534200001, -0.291272578186, -0.15042955119699999, 0.18191734352899999, 0.11789526830600001, -0.27426125325700002, -0.0017516027906000001, -0.32446062855399999]",0.10436922490348886,0.1624165607776899,18
328,L,Hydrophobic,26.4863834381,Core,"[-0.031918903278699999, 0.037179117898500001, 0.28180307221200002, 0.216489181985, -0.24074738896299999, 0.070424877079100001, -0.35536492177199996, -0.021476901219000002]",-0.0054514832572624822,0.039763543097168341,8
329,Y,Hydrophobic,122.20224762,Surface,"[0.078735939408399999, 0.69421079352100001, -0.20098351494300001, 0.011232289584899999, 0.134861690609, 0.018256603131099999, -0.57299268684100002, -0.036504382547499999, 0.41635835533299997, 0.50490493865700004, 0.393595475581, 0.07475636425139999, 0.0282960147798, 0.038169371054999998, -0.046709306328900004, 0.097489154115400004, -0.20904886518100002, 0.28575158587099997]",0.095021101114255546,0.080132697347035056,18
330,A,Hydrophobic,48.5033950806,Core,"[-0.24049455535599998, 0.20665266054499998, 0.12112162655400001, -1.05932019574, 0.48794048036999998, 0.0796863397936, 0.34806612746100002, -0.080547545389300007, 0.14106126212600001, 0.11180582415, -0.101877654576, 0.21691414786899998, 0.053019032107399999, 0.194128502275, -0.22717629176500001, -0.22646337737300001, -0.00033182769932900002]",0.001422620903080641,0.10839019957396599,17
331,V,Hydrophobic,52.168964386000006,Boundary,"[0.19382624732099998, -0.13342138807600001, 0.91105193933899997, 0.22359892722899999, -0.48252685864299999, -0.018807530503099999, 0.35666761971499999, 0.32226015035100003, 0.49509481779799996, 0.93287194171599996, 0.16336525158199999, 0.35420868956899998]",0.27651581728315827,0.14580168819163977,12
332,V,Hydrophobic,50.6862983704,Boundary,"[-0.22787388895300001, -0.0049981011055299993, 0.026265970701099997, -0.23850977260699999, 0.39730028705999998, 0.186693054971, -0.036225098847800001, -0.26740381260500001, -0.087248736217700004, -0.017717874392699999, -0.154895977528, 0.115290030509, 0.0055211311586999996]",-0.023369445219763849,0.03178375193048192,13
333,S,Polar,33.322002410900005,Core,"[0.011832048138899999, 0.15586986701, -0.118516013925, -0.13519365663300001, -0.043745640395700003, -0.19842202992800001, 0.17914503242499999, 0.217419083599, 0.064091726300599991, 0.13190710189400001, 0.18581859002500001, 0.12737182274800002, 0.045963936893600003, 0.041176114757899999, 0.18229559676399998, 0.18711629957400003, 0.48010972951899999, 0.21880111910100003]",0.096280040437127776,0.024068973894001915,18
334,E,Acidic,127.916290283,Surface,"[0.30911954013799997, 0.24949669313700001, 0.39074918480499998, -0.68537335287599999, 0.146009250364, -0.111713908343, 0.12910388424499999, 0.22332694067100001, 0.42495852972300002, 0.40386054862899995, -0.40176108503500002, 0.64797108922900004, 0.066376108938100004, -0.109718654853, 0.19439195482900001, 0.49304459776100001, 0.49074210623099995, 0.23992012055199999]",0.17225019711917222,0.10373279939082752,18
335,E,Acidic,83.9572906494,Boundary,"[0.499037201308, 0.70724985030300003, -0.18558416241099998, 0.57188596960100002, 0.73400913973299997, 0.119811245075, 0.9334998123810001, 0.79904184515200005, 0.246266120152, 2.9683770919899999, 0.42251634594499998, 0.093612492981899997, -0.017233127187499999, 0.041224406769000001, 0.45862168013400001]",0.55948906079509331,0.51665683390250827,15
336,P,Basic,71.0262832642,Boundary,"[-0.17044378888, -0.34918107781900004, 0.051720639630800001, -0.11447266851299999, -0.11691323877599999, 0.076686540584199991, -0.012222020785100001, -0.28155314251999997, 0.073899199684200001]",-0.093608839710433323,0.021369573922700294,9
337,I,Hydrophobic,3.2640349864999996,Core,"[-0.26921601775100001, 0.75467029425200005, 0.63900720334200001, 0.26687027625400001, -0.12913026287599999, -0.31654651943399997, 0.70151357856099994, 0.243479999837]",0.23633106902312501,0.16787695112604289,8
338,Y,Hydrophobic,65.3410568237,Boundary,"[0.35847474659900003, -0.183821744373, 0.22177097048, -0.086988623060199985, -0.55923588921300005, 0.39228947032599998, -0.14210328552500001, 0.18203452930599998, 0.063114739870300002]",0.027281657156677765,0.081810506056247845,9
339,I,Hydrophobic,17.807191848800002,Core,"[0.18573970063799999, 0.029612853953800002, 0.087792721189100004, 0.090379480449600008, 0.036944956937300003, 0.31550567400400004, 0.081284896937899989, -0.089604744596299996, 0.19809401847800001, 0.0126082951027, 0.050843717444299996, 0.040825937198500001, 0.049438720159199999, 0.138223707206, 0.017276235893299997, 0.0021143527120000001, 0.12942365299200001, 0.08085629980499999, -0.033312363931899999, 0.032410126597200002]",0.072822911958485018,0.0075843483423897306,20
340,V,Hydrophobic,10.1821136475,Core,"[0.081387733363399994, 0.043496395602500001, -0.084307058168499996, 0.26984670347199996, 0.076752858485000006, 0.043779376236100002, -0.080372766044300006, 0.016710727263499998, 0.036298871289199994, -0.088130188488299996, 0.073704174446899987, 0.059002272226599997, 0.40261093093400002, 0.024481864612699997, -0.034875168521199998, 0.018426719029000001, -0.17213085015000001, -0.094192113293999999, -0.046922535995799999, 0.00776301704918]",0.027666548167399004,0.015534537962176081,20
341,T,Polar,33.3567657471,Core,"[-0.019221677512299997, -0.0077650701029700004, -0.87101745998300006]",-0.29933473586609,0.16343244416908745,3
342,E,Acidic,39.1516075134,Core,[-0.10951790678500001],-0.10951790678500001,0.0,1
343,Y,Hydrophobic,66.6124343872,Boundary,"[-0.90919165604700003, 0.28257117755200001]",-0.31331023924750001,0.35507466288697948,2
344,M,Hydrophobic,22.5403881073,Core,"[-0.34130398991499999, -0.22559543846900001, 0.0052542993606700004, -0.14474886448499999, 0.16583001359400001, -0.091487009070299996, 0.14500739544899999, -0.48571871327400001, -0.228015727014, -0.049691158518199996, 0.131856303151, 0.240525780134, 0.12846135530899999, 0.20235939840100001]",-0.039090453953345004,0.046209907890965476,14
345,S,Polar,74.9709854126,Boundary,"[-0.21309796064300002, -0.38634691402400001, -1.1491936033399999, -0.22961391648200002, 0.50783273447099997, 0.083380035040600001, -0.065320086209699993, -0.155189863219, -0.219940134185, 0.111112558037, 0.018407103919599998, 0.0544690690357, 0.20556182910199999, -0.13999188153600001]",-0.11270935928805713,0.12923366088407587,14
346,K,Basic,65.20751190189999,Boundary,"[-0.028283460318299997, -0.081710256301200004, -0.19045560218300001, 0.31878675334000001, 0.25908302722800003, 0.31844391386100002, 0.10742424927999999, -0.498783249649, -0.076197368115699993, 0.17534294931899999, 0.108721622872, -0.061134596729100002, 0.0119414884931, 0.820144724017, 0.035203379828299998, 0.060392159788599999, -0.0707690243084]",0.071067688848370586,0.071950196750859119,17
347,G,Hydrophobic,24.1641330719,Core,"[-0.016168041079799998, -0.13994046837900001, 0.19147270075599998, -0.130054537222, 0.037963577031900002, 0.0241150057722, -0.037040797973, -0.11528402826799999, 0.10217593717599999, -0.151668277543, 0.102191199389, 0.33266798559499999, 0.030708796923899998, -0.12729879863600002, -0.049472063447199996, 0.1556368877, 0.14683872452299998, 0.14108131416799999, 0.023836965444500001]",0.027461162206921047,0.016641264590816492,19
348,S,Polar,24.6980667114,Core,"[-0.00410670688441, -0.024649174481700002, -0.31718050038899998, -0.84450943281200008, 0.053127352082999998, -0.014408656654299998, -0.053059570316199997, 0.0010541059261500001, -0.045925630600600002, -0.075008964913599999, -0.0088718434480599996, 0.031909492367400004, 0.027857694857900003, 0.016773376322299999, 0.088865259265299992, 0.021244179675599998, 0.13594031650900001, -0.067135336894299999, 0.102801225055]",-0.051330674491185252,0.043263259134985098,19
349,L,Hydrophobic,0.177357986569,Core,"[-0.556700788547, 0.0202079482896, -0.11513664710999999, -0.048364369692699992, -0.16556170741500001, -0.7311343187999999, 0.024278364953700001, -0.49300676400999999, 0.09327114450860001, -0.111211085306, -0.11589169784099999, -0.112816362133, -0.33387570295200003, -0.037600022919800004, -0.29429590161800001, -0.075112306241699997, -0.45654023336999999, -0.17890637126699999]",-0.20491093452618336,0.04825227862356591,18
350,L,Hydrophobic,40.3465538025,Core,"[-0.132432447412, -0.0066732334290900003, -0.19113165141899999, -0.18714936640400001, 0.139698842086, 0.012743808695200002, 0.19362611570300001, -0.057975239448699999, 0.070776077742899998, -0.0206082294562, -0.17089745155000002, -0.0204039861664, 0.40916607291699997, -0.59634485821700001]",-0.039828967597020717,0.048968634050942893,14
351,D,Acidic,95.91898345950001,Boundary,"[-0.159726311298, -0.21797204194600001, 0.031795147401599999, -0.12342318914100001, -0.05010276853630001, -0.19633749762200001, 0.0080923946071999996, -0.044315802239800001, -0.44856718418899999, -0.16155310430199998, -0.152480457086, -0.064468274706100004, -0.33857425450099998, 0.121920515438, -0.026500668220099999, -0.120054085196, -0.070498545458399994, -0.066371664942800002, -0.20219635952699999]",-0.1200702184981421,0.016211878838210538,19
352,F,Hydrophobic,20.0626659393,Core,"[-0.28425787036899997, -0.20632244562099999, -0.39383511495099999, 0.087236629685600003, -0.44584935804999998, -0.065191392663599995, -0.38597529733999997, -0.27162053177400003, -0.26992841155399999, -0.14368017224900001, -0.0892763553998, -0.056455470600099998, -0.034453508254000002, -0.27637276764300001, -0.25751344059999998, 0.214092555441, -0.40522313389200004]",-0.19321329916669999,0.03151923205791738,17
353,L,Hydrophobic,4.359928607940001,Core,"[-0.28454788854500002, -0.082972771209699994, 0.077788891501500007, 0.17465744424099999, -0.34917752151199999, -0.37252520230300001, -0.037529542152000002, -0.013658429088399999, 0.0331325096705, 0.19154279977400002, 0.0014722470389100001, -0.086884741920400008, 0.092184436738000003, -0.49467621767300002, -0.039505957582699994, -0.064042633039300009, -0.20229652967300002, -0.19634941793299998, -0.18098737565299999]",-0.096546099964241572,0.032949321985083865,19
354,K,Basic,89.3906173706,Boundary,"[0.096163305905399996, 0.30151992924100002, 0.17726209951299998, -0.29883252432700003, -0.0034086757340599998, 0.0060809568520699998, -0.102044780823, -0.044414073776000006, -0.082311191523300006, -0.63630807573299997, -0.032307122077200004, -0.17982234603300001, -0.42602645271099998, -0.23026598264400003, -0.0073035540388300003, -0.23337251518300001, -0.091783045432799998, -0.127240143946, -0.274314292786, -0.12693888695800001]",-0.11578336861073599,0.040762945382624899,20
355,G,Hydrophobic,63.5665016174,Boundary,"[0.074928095626199995, -0.39063558064300002, 0.107561594136, 0.024825589891099998, 0.198268439421, 0.10603225127, -0.358597204344, -0.17816684949, -0.18018339022500002, -0.167202506364, -0.37961634897200003, 0.31194958888500002, 0.019365658955400003, -0.34324034030400002, 0.135737459925, -0.013068144254299998, -0.047889986349500001, -0.10332410432700001, 0.27495743452100002, -0.0708759177395]",-0.048958713019080002,0.04327841088483049,20
356,E,Acidic,153.065872192,Surface,"[-0.091493638447099998, -0.078891341152699995, 0.074760122027600004, -0.0105271911485, 0.86867635779300001, -0.040393766131599999, -0.166027264634, -0.46676294030799997, -0.31357602666200002, -0.096536955260900004, -0.14858651250399998, -0.311394590852, 0.22742711665600002, -0.0179565010927, -0.11112404956800001, -0.19077743166799999, -0.020847177002500002, -0.31947712924800004, -0.080719973053100011]",-0.068117310118763166,0.072120964241099789,19
357,T,Polar,73.0692977905,Boundary,"[0.0506752651705, -0.100310791254, -0.051890859636300003, -0.132147506946, 0.22775752179600001, -0.012918502750399999, 0.12687102410199999, 0.33489152075099998, -0.19360217947399999, -0.155469673488, 0.020501127878, 0.12014798548199999, -0.62319670372400005, -0.060788407291699993, -0.57396461499399998, -0.0020229958990999998, -0.34644150635300003, -0.242445094862]",-0.089686355082944452,0.058061549888193599,18
358,G,Hydrophobic,6.3060336113,Core,"[-0.34310507127499995, 0.19512970160199999]",-0.073987684836499978,0.07242416768348893,2
359,K,Basic,114.23587799100001,Surface,"[-0.0024444623853800002, -0.15673426358100001]",-0.079589362983189998,0.0059513356882459865,2
360,Y,Hydrophobic,154.48815918,Surface,"[0.21773710669500002, 0.061648280466000002, 0.36389872884300001, -0.13674315934699999, 0.21873549195099998, -0.39417242905199995, -0.0420607294267]",0.041291898589900011,0.056483144656810085,7
361,L,Hydrophobic,33.620288848899996,Core,"[0.13126803521299998, -0.32806375278200001, -0.38257904010100002, -0.55841652531399999, -0.217816366894, -0.30766605745299996, -0.23110606312399998, -0.21390041898200002, -0.042623284361399998, -0.45796484513400004, -0.20856689580200002, -0.14738592664300001]",-0.24706842844811669,0.030714686665897651,12
362,R,Basic,130.54776001,Surface,"[-0.0072094390651800009, -0.033694526026499999, -0.051711730448000003, 0.14012295241100001, -0.083619634827100012, -0.072776577970499995, -0.156904160594, -0.072392438557300001, -0.048388029892100004, -0.029936577531599999, 0.00059267921703000002, -0.029663687616400002, -0.21998550302799999, 0.0139409335999, -0.062280750513199999, -0.170638643792, 0.090849990214199997]",-0.046687949671750002,0.0072084772749941815,17
363,L,Hydrophobic,79.0219421387,Boundary,"[-0.202937601621, -0.22317877282900001, -0.097822365249700005, -0.094210658944800019, -0.258330443957, -0.12541681216700001, -0.16959913378199998, -0.047571115469399995, 0.69551831466900005, -0.054504108551900007, 0.022284225608299998, 0.070424428383199997, -0.11206702779100002, -0.070274668349800007, -0.073938063806300011, -0.0280051175261, -0.031935025350299996, 0.063288996861300004]",-0.041015274992972223,0.039644124758826421,18
364,P,Basic,95.1435012817,Boundary,"[-0.21628714741300001, -0.049623803291199996, 0.275265382911, -0.17599886740200002, -0.36021816767499998, -0.057028685018999999, -0.0360794211409, 0.035406340691400001, 0.51238353796500002, -0.25027178354500002, -0.38092152608300001, -0.30695877163000002, -0.068068847531799995, -0.026273908947200001, -0.054813661723699995, -0.131503499351, -0.24826988670800001]",-0.09054486564078823,0.047290515547228802,17
365,Q,Polar,60.6084403992,Boundary,"[1.7187222855099999, -0.384971416462]",0.666875434524,1.1063817979291644,2
366,L,Hydrophobic,26.038637161300002,Core,"[-0.30215792982299999, -0.124572308278, 0.35729168635899999, -0.37264075522399998, -0.181760709056]",-0.12476800320439999,0.065707567675655026,5
367,V,Hydrophobic,34.602870941199996,Core,"[-0.27526841042900002, -0.098370592307800001, -0.080004850189500001, -0.17397715324000002, 0.046473195478499998, -0.11699269463300001, -1.0784734101200002, 0.020680744926299999, 0.40457398107000003, -0.124205254204, -0.22087065630199998, -0.153104052583]",-0.15412826271112501,0.10564695231863376,12
368,D,Acidic,72.1580276489,Boundary,"[0.37907534990099995, 0.54277979858799996, 0.09900404374220001, 0.136548860148, 0.58774706804599997, -0.212993035473, -0.20122072809799998, 0.43015451873999999, -0.183724325006, -0.0090795921705200001, -0.086966321984800005, 0.14813059751499999, 0.40178222862499996, 0.29678863022000002, -0.42758219054700003]",0.12669632681639198,0.089199549085936511,15
369,M,Hydrophobic,1.7801083326299998,Core,"[0.373882261672, -0.046356208253900001, -0.160376926965, -0.130809174665, -0.090207864677200003, -0.21760338387600001, -0.33927334067299997]",-0.08724923391972858,0.04315381885631301,7
370,A,Hydrophobic,2.5654785633099997,Core,"[-0.053525426633099997, -0.166541691691, -0.094208300649600007, -0.104833810835, -0.013738417436400001, -0.18571857535, 0.021580964395099999, -0.63129126049299999, -0.39863211308899998, -0.159665669313, -0.281430685156, -0.047946910557699993, -0.22366690369199999, -0.085572414433899985, -0.12998343569099999, 0.093000128102399993, -0.034034047674599999, -0.49609218828900004]",-0.16623893102704443,0.032375940278816379,18
371,A,Hydrophobic,21.1304092407,Core,"[0.41248222794100003, -0.51147255686199999, -0.182417653525, -0.23989566969099999, -0.040991844763800002, -0.163346135925, -0.21521337001600002, -0.394563274036, -0.190581027658, -0.027329649576800001, 0.025957184978200001, -0.18664518693799997, -0.40813728254199999, -0.21431636004700003]",-0.16689075704724285,0.046291542601301715,14
372,Q,Polar,16.695829391500002,Core,"[-0.36689853449100002, 1.68817297958, -0.0033654845416900003, -0.15737260282600002, -0.25520376639300002, -1.0808218166900001, -0.24870581249600002, -0.40037810506499999, -0.20596195794, 0.12544056967, -0.24884825505899999, -0.36795520186199998]",-0.12682483234280753,0.37726997235637688,12
373,I,Hydrophobic,1.3833990097,Core,"[0.25122630773800003, 0.127699302214, 0.078047742424100008, -0.25008233678800001, -0.205841871235, -0.370585224381, 0.112594934346, 0.16948209198600001, -0.048484096208699999, -0.61571337620099997, 0.20964474269000002]",-0.04927379849232727,0.069805280540264303,11
374,A,Hydrophobic,0.0,Core,"[0.105215082239, -0.094832059071499997, 0.189973387858, -0.58517708710100003, -0.32629398057799996, 0.21288139558899999, -0.093844837439199996, -0.31874651007100002, 0.63049762656099995, -0.54020314577299999, -0.37036972723399997, -0.032221031094700002, -0.24568845298500003, 0.19401927950699999, -0.30085951460999999, 0.17204892398899999, -0.383808948825]",-0.10514174111996472,0.097990472926644992,17
375,S,Polar,20.3482456207,Core,"[0.29956503907299997, 0.409637805854, -0.36541199092400001, -0.25515125901500002, -0.046707556759699995, -0.014667890486000002, 0.128630074644, -0.10099668273600002, -0.42230636733299998, -0.55473871880900005, -0.147946837453, -0.31584712642599999, -0.11243451671299999, -1.07890499139, -0.38448850453400002]",-0.19745130153384668,0.12218281690507801,15
376,G,Hydrophobic,0.0,Core,"[0.046405319347999997, 0.319521286967, 0.010012233705899999, 0.09136894209889998, -0.0087853740509300001, 0.0099766259649999994, 0.16483261694099999, 0.035667325883400006, -0.038123463679699994, -0.006459483155149999, 0.064630603144699997, 0.042330383704599996, 0.13075365487600002]",0.066317743980670779,0.0083615813268119316,13
377,M,Hydrophobic,0.0,Core,"[-0.30323516619599999, -0.123884324165, 0.17968076452799997, -0.19466414888200001, 0.037077130099900005, -0.077454835957899995, -0.90436961304499996, -0.45263685894599998, -0.097824328483199996, -0.097425445480600004, 0.12703841556500001, -0.0071025030704600003, -0.85041405952500004, -0.92017748480499995, -0.13190652918199999, -0.608489954454]",-0.27661180887495374,0.12351448485342366,16
378,A,Hydrophobic,2.5394110679599997,Core,"[-0.20362916860700001, -0.065863844469399996, -0.43892777174099995, -0.13463793455500001, -0.039448587138000001, -0.46129261426399998, -0.13033070296300001, 0.54760841647900005, -0.303232626013, 0.029297312531, -0.15565667131200001, -0.017406068793400002, -0.555808756322]",-0.14840992439752304,0.071363700927786919,13
379,Y,Hydrophobic,12.507738113399999,Core,"[-0.27510608015900001, -0.13310246839600001, 0.10357753424699999, -0.137867241843, 0.36683075091099998, 0.68030295658000006, 0.270416816098, 0.17224163656199998, -0.45799761530900002, 0.044220307695500005, -0.24571679062600002, 0.049745541948999994, -0.10571706977800001, -0.056727696707499997, 0.068259352147400004, -0.020898833679999999, -0.028475847909900001, 0.097394098235100007]",0.021743297223144456,0.062175005649983822,18
380,V,Hydrophobic,1.4966853857,Core,"[-0.035163559952800003, 0.011932363980700002, -0.10728076935900001, -0.28653666320099996, 0.00954611329976, 0.118843930821, -0.50060373457099994, 0.030476549645700002, 0.17249468732999998, 0.28086555876699998, 0.056840585462599999, 0.0286833534025, 0.064503081614700003, -0.10329156450999999, 0.57251731210199996, -0.42877493295900004, 0.091740769685600007]",-0.0013651128494847041,0.059310068998357314,17
381,E,Acidic,43.87090682979999,Core,"[-0.89724065246600004, 2.0210640565099998, -1.5676619995299999, -0.29430480311700002, -0.140850965198, 0.66454989767799999, 0.53270333273199999, -0.73693517581699997, -0.73309419014699995]",-0.12797449992833332,1.0124735404181984,9
382,R,Basic,150.990951538,Surface,"[-0.040553457064699996, -0.0095546959036200002, -0.26794541875700001, -0.0280879703914, 0.033481438796599997, 0.075329101313899999, -0.19751942078899998, 0.32229121040999997, 0.270712800122, 0.049925536409, 0.371140111918, 0.033392815779699998, -0.39376371471299998, -0.30209517504299999]",-0.0059462027080371405,0.048889641438852154,14
383,M,Hydrophobic,83.1264953613,Boundary,"[-0.058321090560800003, 0.028358753817799998, -0.0039833663811800002, -0.076556341865999994, 0.030237988248499999, 0.082677769533800002, -0.25619076944200003, 0.247423727063]",-0.0007941661983600027,0.018084928022469474,8
384,N,Polar,140.57008361799998,Surface,"[0.85673318457399994, -0.391088383672, 0.36062278354099997, -0.18169000588100001, -0.012126077455200002, 0.15359495165299999, 0.681870754144, -0.63025919816999998, -0.24788691823399997, -0.053969130025399999, -0.20037839835000001, -0.28562282999099997, -0.0085526634273799997, -0.41631514818000004, -0.38983495352600001, -0.0210362819546]",-0.049121144684661264,0.15057539554308569,16
385,Y,Hydrophobic,27.8704147339,Core,"[0.098125044984199994, 0.032861392476399999, -0.26791982008499998, -0.28249969667699998, 0.36856590556000002, 0.168289720172, 0.11843563408600001, 0.57954051663500006, 0.31904838559600002, 0.11319572995100001, 0.061047172911599994, 0.12085411812899999, 0.29174735913799998]",0.13240703560593847,0.051268847158136316,13
386,V,Hydrophobic,41.5910568237,Core,"[0.24702889877300002, 0.20536423700399997, 0.10180443131899999, 0.088289967663399985, 0.031096268268400003, -0.203928544993, 0.10596368199100001, -0.016364617906400002, -0.39173202917400002, -0.0096323323392199997, -0.027470880588099999, -0.020338617719599997, 0.11016962007999999, 0.105467386077, 0.040968382661300005, 0.036884133177099994, 0.10572152984899999, -0.10937585302699999]",0.02221753672866,0.020593141834411452,18
387,H,Basic,0.44060650467900003,Core,"[0.0146202470449, 0.0275732157245, 0.0046251460620699994, 0.0230977593767, 0.30031819783300001, -0.056558203183199998, 0.20826938989500002, 0.033966803305599994, 0.085117037630000003, -0.058698945849800011, 0.036648885530800007]",0.056270866669960909,0.010604706132739424,11
388,R,Basic,49.5593147278,Core,"[0.17399424499899999, -0.017582206387599997, -0.268056409434, 0.041574279209199996, 0.099166580788800002, -0.21005557910999997, -0.020784977245400002, 0.070488221444999999, -0.0378422912022, -0.13435786584599999, 0.087056894297899992, 0.013005513333399998, -0.27260990394000001]",-0.036615653776300001,0.019049450311838127,13
389,D,Acidic,22.850276946999998,Core,"[-0.013543900240799999, -0.047302984346199992, 0.151822135345, 0.063769783721300002, -0.123099959663, 0.60232934395100002, 0.091912745277200003, 0.33230645380000001, 0.048151489024400002, -0.10656122245500001, -0.073648000027899993, -0.26349699422200001, -0.12493070841399999, 0.229969888861]",0.05483414790078571,0.045806767072526011,14
390,L,Hydrophobic,2.06358242035,Core,"[0.089399715983799991, -0.060593568884500001]",0.014403073549649995,0.0056244963763957476,2
391,R,Basic,61.9818649292,Boundary,"[0.068902028002699997, -0.19025456351700001, -0.00439421266631, 0.088563929176999998, 0.47912208238100001, 0.11939681930700001, 0.040870262356599997, 0.29628577715300003, -0.142459083179, -0.0201295189188, 0.017930436603099998, -0.019757414480599998, 0.083787445377699998, 0.081104071171199998, -0.40112660642199999, 0.214600335541, 0.044185113907000001, 0.087211467047599994]",0.046879909380066115,0.033002288005458784,18
392,A,Hydrophobic,0.046496283262999996,Core,"[-0.55628704968499998, 0.22520880667199999, -0.24345575986200002, -0.27424053675299997]",-0.21219363490699999,0.07863707811956111,4
393,A,Hydrophobic,36.759185791,Core,"[0.164581258526, -0.33118394882500002, 0.16732067030200001, -0.25881976088199998, -0.109769363432, -0.081628230146799999, 0.26073772751800001, 0.048404371741599998, 0.22503902200599998, 0.043242807312900006, -0.23119356522500001, -0.061813100886599998, 0.794491491524]",0.048416106117930777,0.079332331188929184,13
394,N,Polar,11.3952741623,Core,"[-0.021178730457799999, 0.29197514021499998, 0.14232501579199999, -0.0079998032122500003, -0.061361457805699994, -0.027590380905400003, 0.12477942316299999, -0.054451130555499994, -0.024746522262600001, 0.45855910546000006, 0.14494101465600001, 0.11229984990900001, -0.111298125367, -0.025918552550499997, 0.048141198820500004]",0.065898402993250005,0.021588355980877199,15
395,I,Hydrophobic,0.0,Core,"[-0.065127705624299995, -0.050799454542199994, -0.552635352473, 0.079370308294000005, -0.178890176781, 0.054212566594599998, -0.14512299089700001, -0.0298909821539, -0.11856532600500001, 0.026064516861299999, -0.054296741270000004]",-0.094152848908772721,0.026872310494385921,11
396,L,Hydrophobic,39.440952300999996,Core,"[0.22654604526099997, -0.0045492712476199997, -0.039673831147500005, 0.085878566268900003, -0.257425042376, -0.11383785175899999, -0.013321620692900001, 0.081423295986600003, 0.024836607257400001, 0.294753684726]",0.028463058227688,0.022572201004008707,10
397,V,Hydrophobic,2.09692382812,Core,"[-0.31146870626299999, -0.14158732885, -0.044059043468799998, -0.44920002848099999, -0.41836697245600002, -0.14307539319900001, -0.020595720190299999, 0.40483456788700001, -0.10350440588, -0.313067682663, -0.152912705693, -0.055961442029999996, 0.101371057431, -0.063803761058700004, -0.16564301760299999, -0.42435691005500004, -0.052419065169199995, -0.198791589012]",-0.14181156370855555,0.039887595441661136,18
398,G,Hydrophobic,10.2988615036,Core,"[0.0231377184535, -0.80701524384299994, -0.79482328821199999, 0.0060415822879, -0.15736578407999999, -0.42578872740099999, 0.0051947221850699998, -0.45165904090600001, -0.38769273312200003, -0.12439079760800001, -0.34075637805799996, -0.014634715638, -0.054063385349900003, 0.038497903893199993, 0.48095823310300001, -0.206251410612, -0.156332370148]",-0.19805551265030763,0.094802569630082462,17
399,E,Acidic,124.85499572799999,Surface,"[0.071472870783999998, -0.82424600460199993, -0.58826918670799999, -0.16548052557099999, -0.25173482973799999, 0.15252679171200001, -0.049963514424400002, -0.587224874397, -0.22539248918299998]",-0.27425686245860004,0.096194319448954194,9
400,N,Polar,148.38381958,Surface,[-1.3205556383799999],-1.3205556383799999,0.0,1
401,L,Hydrophobic,42.869525909400004,Core,"[-0.55906106426000002, 0.69229310260800003, -0.106591864947, -0.51088502442599992, 0.43085998793200003, -0.40197056290900002, 0.178248111589, -0.18403678939199999]",-0.057643012975624991,0.18130815044592574,8
402,V,Hydrophobic,31.135801315300004,Core,"[-0.030483173570200001, -0.076145160061799999, -0.38263158162499999, -0.26449253832399999, 0.21319944674300001, 0.269511160882, -0.52122094961900001, -0.063690794206699999, -0.18146065625300001, -0.89661312610200006, -0.31588324226600001, -0.17588303609399999, -0.41002941394500003, 0.36965858192599998, -0.36008732264300003]",-0.18841678701057996,0.099092661378855473,15
403,C,Polar,1.73091888428,Core,"[-0.165845665778, -0.069262039071800008, 0.060027731413599995, 0.153224455949, -0.286912992777, 0.51415803495500001, -0.072579080749199998, -0.011364812368299998, -0.18431188729600001, -0.021141208427300003, 0.066409908606400003, -0.0065991698819699999, -0.34108135398299999, 0.279847414618]",-0.0061021903421835709,0.046032779173652491,14
404,K,Basic,31.7517318726,Core,"[-0.26714055026099998, -1.7635635036500001, -0.087108366411199997, -0.49812572270900002, -0.345618821937, -0.058929301539000001, -0.13736624098200001, -0.31544860081600001, -0.491438437743, -0.38386602322700003, -0.11733793840199999, -0.52109304402199996, -0.43326932161999998, -0.14053387075999998]",-0.3972028388628,0.16795724999806666,14
405,V,Hydrophobic,0.842292785645,Core,"[0.020187469734200002, 0.054456398724899997, 0.044697800583800004, -0.11824053461300001, 0.077156976765300006, 0.240007377434, 0.080697762194800002, -0.048226214164599997, 0.00288154659843, 0.0075090362292400004, -0.096065926440099994, 0.161072137719, 0.038581307196299999, -0.096566516303999997, -0.11926236985300001, -0.12149464903899999, -0.091730427426300012, 0.027250347347800002]",0.0034950845937650001,0.0097621786581118045,18
406,A,Hydrophobic,8.48231220245,Core,"[0.118521093205, 0.117744235199, -0.32473249032900003, -0.110342285648, -0.14953792869099999, -0.24476302647000001, -0.051483534894000003, -0.11047028015999999, 0.0271633093959, 0.076035948164600006, 0.072998257498699995, 0.010884189161000001, 0.041976408184599995, -0.097467377025699992]",-0.044533820172064288,0.017008936256073661,14
407,D,Acidic,56.7943572998,Boundary,"[-0.13790390375299999, -0.062962332224399994, 0.066981262264000002, -0.149202628807, 0.37241081745800003, 0.52661429155200001, 0.030604080700500001, 0.018772133715499999, -0.0057755822456999999, -0.15360502760299999, 0.16255754231200001, 0.058560658928100001, -0.19273094572500002, -0.089298599471200002]",0.03178726907862859,0.039391906108275254,14
408,F,Hydrophobic,18.5385780334,Core,"[0.18564859893399999, -0.0670117471144, 0.042166972154900006, 0.0076678381622000006, 0.12408634214400001, 0.038002923195300006, -0.073145895296999996, 0.248623547025, -0.041611909260499999, 0.039404497160499999, -0.083171142673399992, -0.05203415355769999]",0.03071882257274168,0.01053199693401728,12
409,G,Hydrophobic,4.32756567001,Core,"[0.065003763714199997, -0.028428057315700004, 0.089717753698600008, -0.049198832240800003, -0.012225621684600001, 0.080897938288699997, 0.11413486600400001, 0.079034480323000006, 0.08404330989110001, 0.307100729377, 0.12402762722999999, 0.19283541210799998, 0.20327480263, -0.044618310673900007, 0.059238146728700002, -0.161120242532, 0.20459846755600003, -0.192320946371]",0.061999738151738884,0.015436104495662227,18
410,L,Hydrophobic,24.5809288025,Core,"[0.13967891652299999, -0.047851108480099998, -0.031619908952599994, -0.037159180403000001, 0.29630794757700002, 0.041665358913800001, -0.183580079265, 0.042231101301800002, 0.0080983705331600011, 0.0297840656605, -0.14687710826700001, 0.045997602871900002, 0.077990526152100004]",0.018051269551196927,0.013514453646813359,13
411,A,Hydrophobic,10.0935440063,Core,"[-0.039490295326599999, 0.33951193209200003, 0.056106140348400002, 0.22503149881599999, 0.25035249598000003, 0.13667511919700001, -0.45635557541599997, -0.040528349984800004, -0.0087128218860699994, 0.16016339075799998, 0.431081296733, 0.031199557040300002, 0.16250568288799999, 0.080170139866300005, -0.097550536641899999]",0.082010644964241999,0.041058154510663546,15
412,R,Basic,136.33644104,Surface,"[0.008494788352469999, -0.039944071124600002, -0.0056162178264700007, 0.079904296137300004, 0.16870571027699999, 0.11471592202, -0.075507573491399999, 0.10859842173299999, -0.048696920836899998, 0.052485673778200001, 0.106735714646, 0.0122839307262, -0.19542780591100001, 0.15417207173299999, 0.032867212828000002, 0.049529727391099995]",0.032706305026993746,0.0082655691977082061,16
413,L,Hydrophobic,15.270399093599998,Core,"[1.0088730589700001, 0.67328724462799994, 0.53146047376100003, 0.21254431447399999, 0.88341276135900004, -0.286731222487, 0.015581014923600001, 0.24126756348299999, 1.08598387569, 0.52704939945899998, 0.70372744744100002, 0.65274829694699998, 0.150296211358, 0.173089929861, 0.78679502456100003, 0.099322463135700007]",0.46616924109776875,0.14392165954674138,16
414,I,Hydrophobic,19.293935775799998,Core,"[-0.15450210029899999, 0.30986652907599999, 0.73930971480100005]",0.29822471452600002,0.13321769272506775,3
415,E,Acidic,101.972427368,Surface,"[-0.20848970035999997, 0.27268474359299999, -0.10125193436799999, 0.17771965283300001, -0.38045432609899998, -0.13260240914899998, -0.5530422425, -0.24120054447600001, -0.056689502849100001, 0.119768863926, 0.051570007684399996]",-0.095635217433154548,0.055057652255368628,11
416,D,Acidic,65.07596588130001,Boundary,"[0.11922486675799999, 0.19445611253600001, 0.25176419671599998]",0.18848172533666666,0.0029456256488230442,3
417,N,Polar,136.933395386,Surface,"[0.118557596297, -0.0052466059871699999, 0.025344324313599998, 0.062484139807099999, -0.040358352854299999, 0.13128964662500001, -0.11393849325899999, 0.241555509212, -0.028421619274800001, 0.0077627246161100002, 0.070570781752000003, -0.090378504661699999, -0.0093693447934000001, -0.041766309101300005, 0.157919258895]",0.032400316772409329,0.008924493103359004,15
418,E,Acidic,106.900657654,Surface,"[-0.15066344080399999, 0.24447391861699999, 0.44326375298999993, 0.11535137337500001, 0.019745134955900003, -0.020630538445599998, -0.21116187811199999, -0.12343472941299999, -0.062210770303600005, -0.067504393008900002, 0.15084796884599999, 0.034401360022599997, 0.086270086280399991, -0.048810535878800007, -0.44208634466799995, -0.14151006267300001]",-0.010853693638750002,0.038041737363772962,16
419,Y,Hydrophobic,12.666054725599999,Core,"[-0.015962033600099998, -0.044622671991, -0.23585839452100002, -0.033724528174500001, 0.096114951571200008, 0.013021437685600001, 0.033415204836099999, -0.029386054320299997, 0.037962185315900003, 0.034629023045999997, 0.025970049533999999, 0.114937078572, 0.22859977552499999, 0.08460991425650001, 0.089585069957500013, -0.012706104686499999, 0.022029035830799997, -0.067661959667999996, 0.00017214941180200002]",0.017953901504263264,0.0080772679054305369,19
420,T,Polar,75.9628601074,Boundary,"[0.0543975445258, 0.11103397131899999, -0.33283163809599997, 0.16235815797100001, 0.474400745974, -0.25162695771499999, 0.17172742505499999, 0.20622971704199999, -0.28574985902, 0.30710569668100002, -0.31670477074000003, 0.048217788005700001, -0.039279643920000003, -0.12913329905900001, 0.0687313980366, -0.083462165961599999, -0.0329115981806, -0.046177367354399999, -0.050107504560199995, -0.22584461821199997]",-0.0094813489104349988,0.043812702833819897,20
421,A,Hydrophobic,37.4926681519,Core,"[-0.010747236633399999, 0.057073267831100005, 0.029503161986700003, 0.165231867304, 0.094017954947099996, 0.10784883955299999, 0.063416462582199989, 0.11250899107899999, 0.035815030249599998, 0.078495112967899988, -0.015093912044600002, 0.033867647454500001, 0.103184206806, 0.120864097644, 0.13607706266300001, 0.18363200833599999, 0.25226368083, -0.054491566180300002, -0.064606102261600004, 0.066508258718700003]",0.07476844169164501,0.0059202283139033179,20
422,R,Basic,56.5109825134,Boundary,"[0.29452807466300002, 0.29011585627399999, 0.0093259911155499989, -0.13271025328, 0.37178938977499998, -0.067888760893800013, 0.25238462934599998, -0.042876247656800003, 0.049014053836300003, 0.11763354332299999, 0.34783602245300005, 0.073055615833199999, 0.0518848611761, 0.21469297979499999, 0.36542148419799997, 0.049000149126199995, 0.13483808960499999, -0.065703319458099999, 0.074953783531000004, -0.011960738330399999]",0.11876676022156249,0.023521006434616288,20
423,Q,Polar,109.744430542,Surface,"[-0.138207634843, -0.031975145501299998, 0.132826080766, 0.077488626563699994, -0.26559546369800002, 0.23188592862399998, 0.092552721074499994, 0.0622781368729, -0.298110138049, 0.0164117312435, 0.059158526988399997, 0.0243938804434, -0.051609300419800004, 0.19013778171000001, -0.042694300369300005, -0.021115558277699998, -0.10459406935900001, -0.12642271133300001]",-0.01073282819798334,0.018871950916747413,18
424,G,Hydrophobic,28.7883853912,Core,"[0.0510884928263, -0.070742140533199993, 0.085074576597100007, 0.0341131388971, 0.39757415861000001, 0.084586267235299994, 0.076677313587199994, -0.15318706415200001, 0.087392166589800008, 0.11808418722400001, 0.044762960434300003, 0.29767476021599998, 0.147628631205, -0.187490411222, 0.079674140856699993]",0.072860745224773343,0.020429424934610536,15
425,A,Hydrophobic,110.38298034700001,Surface,"[0.115892006462, 0.44414930536700004, 0.19452584685899998, 0.13834398449499999, 0.19843626694200001, 0.0099167722936099999, 0.018891995399000001, 0.17955859257399998, 0.020549026273499998, 0.094584040396500008, 0.0097708256191799993, 0.13158187729599999, -0.100670497522, 0.066778252558800003, 0.22569635153299999, -0.097494735327499998, 0.422546312659, 0.125097210909, 0.118977489331]",0.12195425916410998,0.019333388701145999,19
426,K,Basic,32.8683013916,Core,"[0.11208904298399999, 0.0300962528992, -0.66272145728800003, 0.23972141392299998, 0.0076502270856099999, 0.088624883627600001, -0.13756687276400001, 0.81574478473500001, 0.26032768184599997, 0.23358552856800002, 0.30734659463000003, 0.72107949986200004, 0.074953830084799999, -0.173680386026, 0.24493856452799997, 0.35227302334100002, 0.096974707167900007, 0.266303718006]",0.15987450206722836,0.098848982172910216,18
427,F,Hydrophobic,9.57998752594,Core,"[0.10706482643100002, 0.0073470551006499995, -0.13052708515900002, 0.011306428836700001, 0.036658813215800001, -0.10822690561499999, -0.14666162553699999, 0.082068799585899993, -0.037359341610300002, 0.12997354486400001, 0.072343090755800005, 0.17445754536899999, 0.142102580497, -0.034791647253300001, 0.025274499725399999, -0.11542606441, 0.022954937650599996, 0.19272290752099999, 0.080569057245700001, 0.091359879768000002]",0.030160564849097498,0.0096810549209578531,20
428,P,Basic,18.915437698399998,Core,"[-0.078894539149300003, 0.0063523172360600011, 0.09679647285250001, -0.071169936632300007, -0.16761475877900001, -0.048740549345600001, 0.54582779787299995]",0.040365257722194278,0.048241753214837986,7
429,I,Hydrophobic,19.558631897,Core,"[0.404182738767, -0.35633409947200001, -0.27454446746900002, 0.0827105153413, -0.23782382649, 0.12279859934000001, 0.018086227221199999, -0.092987323602900004, 0.14301178825800001, 0.14240152047499999, 0.12866586987299999, 0.21906155124999999, -0.047795366362399998]",0.019341055933015383,0.042758586948319369,13
430,K,Basic,16.4409008026,Core,"[0.099487876583200005, 0.30532098265999996, 0.038311368259900003, 0.069742935337399989, 0.048001467717999999, 0.20126926820799998, 0.31358906452199997, -0.18601096263300002, 0.138472058737, -0.18657667754500001, -0.016845876357800001]",0.074978318680881798,0.025239285186632252,11
431,W,Hydrophobic,41.3219184875,Core,"[0.035263232524900004, 0.028271002258499999, -0.035983439189600001, 0.136166777628, 0.061298326706900004, 0.105165826313, -0.090091104044299999, 0.0092410389995000002, -0.11539720126700001, -0.10939419045900001, -0.0096292769836099999, 0.12491698073100001, -0.042961995072599991, 0.100193446906, -0.0302591319448, 0.032355851108299999, -0.014545606061100001, -0.0176297558536, 0.107326192488, 0.00026841641352700002]",0.013728769560100851,0.0053998711198056087,20
432,T,Polar,19.7845420837,Core,"[-0.012849136894399999, -0.044957929812000003, -0.017196424871299999, 0.062717841058199997, 0.077872677658600009, -0.0171487757454, 0.060939736861199995, 0.047713819582500004, 0.036736091847900006, -0.0181267956415, 0.054918855788099998, -0.067900698384499997, 0.088000131304100004, -0.092859567204500004, 0.0395664066792, 0.078011429320399991, -0.11140383526599999, 0.0072592414591700002, -0.023408761092400001, 0.077720516633899991]",0.011280241164063499,0.0034297025358005695,20
433,A,Hydrophobic,0.895799279213,Core,"[0.039701280468500001, -0.0108847953011, -0.78973797404099999, -0.67918727997899997, 0.012481655860299999, -0.39403490183899997, -0.18608072464699998, -0.083713338312899996, -0.048436202313800004, -0.042383193676800004, 0.42074583056599996, 0.100228278182, -0.0092711639888799994, 0.21251471050199999, -0.070196979880600002, -0.11572170382999999, -0.15566268991099999, 0.0111602416485, 0.10651451856499999, 0.043440008199599998]",-0.081926221186459008,0.072093089428888826,20
434,P,Basic,17.039243698099998,Core,"[-0.51778400711600003, 0.16957912987399998, -0.023199443673299999, -1.0356166387399999, -0.66603950346100005, -0.55371718276199999, -0.15630315092399999, -0.506315470888, -0.33182829087499999, -0.15801079566600001, -0.87585315390599994, -0.52752769402699995, -0.014483084316100001, -0.87103965001700001, -0.41264905216499997, -0.29489635588899998]",-0.42348027153446244,0.10801066834537713,16
435,E,Acidic,12.955901145899999,Core,"[-0.11997570342, -0.48709099626800001, 0.075385623726799994, 0.167720489843, -0.33959116972499997, -0.031779244506399996, 0.0096085216843700017]",-0.10367463980931856,0.046664336154676835,7
436,A,Hydrophobic,0.675101161003,Core,[0.15794872223299999],0.15794872223299999,0.0,1
437,A,Hydrophobic,9.118143081669999,Core,"[0.24873595733500001, 0.00027004025799000001, 0.081909617181100014, -0.63750866368199999, -0.051986523696699996, -0.264905258433, 0.40089670341099998, -0.20708123394699998]",-0.053708670196701239,0.091049669983177622,8
438,L,Hydrophobic,72.5802536011,Boundary,"[-0.041059122282400003, 0.050379135402200001, 0.10751528534000002, -0.0075308523490000001, 0.048456153836500003, 0.49697841882999999, 0.13530695443600002, -0.23202136372599999, -0.15836305007000001, -0.076324084668600009]",0.03233374747487,0.035776710116701672,10
439,Y,Hydrophobic,147.76409912100002,Surface,"[0.11777072039000001, 0.18710149894499997, 0.15394739188500001, -0.065442072678399993, 0.024557756873200002, 0.13249270156699999, 0.14534711755999999, 0.29463762009399996, 0.11548197795999998, -0.225524437976, -0.045589672195899995, 0.0085592180185899997, 0.085144586305300002, -0.012858025490299999, 0.11737019391100001, 0.099826864898600001, -0.028159394605799998, 0.21106458021999999, -0.144677442662, 0.00725623414352]",0.058915370858140491,0.014868201347249818,20
440,G,Hydrophobic,32.5334281921,Core,"[0.0042739386209000004, -0.131810626762, 0.0036229892366199997, -0.066766917561400005, 0.032643419248599995, -0.16783364927000002, 0.36217190006300004, -0.27202244081499999, -0.160723434789, -0.75748884959199991, 0.0021489574443000004, -0.34070445711699998, -0.46285879538900004, 0.0474239237787, 0.053476438313300005, -0.0532362128862, 0.15783996303, -0.47048876652900001, -0.52886491372599997, -0.168749631072]",-0.14589735828865899,0.066143760113064651,20
441,R,Basic,120.249816895,Surface,"[-0.0016564039322599998, 0.076509780889399998, 0.16923299693300001, -0.0092557595019100002, 0.034446972536199993, 0.114962925765, -0.40255593807599999, -0.536581099374, -0.24627294514600001, -0.064592731384500002, 0.063571062740900006, 0.029305844381499999, -0.0584512171297, -0.038989913818499998, -0.0064817236983700007, 0.124498647202, -0.023167726007500004, -0.111336600503, -0.18791887415300002, -0.37330516123700003]",-0.072401893175686988,0.033595956071822891,20
442,F,Hydrophobic,49.1817359924,Core,"[0.014072720774800001, 0.11402741132700001, -0.094434401953999991, 0.00494168929733, -0.050661653632099998, 0.46546075317699998, 0.21134576908899999, -0.040489889425199994, 0.098795097309499993, 0.069070539735500008, 0.037692040021300006, -0.039055303431300002, 0.161438073145, 0.115140029543, 0.066442889274300004, -0.10628228905500001, 0.11263668972599999, 0.13530565358499999, 0.063352232172800005]",0.070463055298943686,0.015834156600790926,19
443,T,Polar,56.703662872299994,Boundary,"[-0.15513073410999997, -0.45622752208700001, -0.533614423625, -0.291499247056, -0.15840455731600001, -0.27242033820799999, 0.018916902105599997, -0.051219159858599997, -0.23610491331500003, -0.77974679022499993, -0.64499047070000004, -0.91219190261500005, -0.32032329044500002, -0.13402024040499999, -0.052881703162999998, -0.74275125068100001, -0.10155181146400001, -0.87357091045799995]",-0.37209624242366662,0.087352828279463945,18
444,I,Hydrophobic,36.3273429871,Core,"[0.018437447987599997, -0.55088464858200004, -0.36372223828199995, -0.33190092522699999, -1.1765385729, -0.853247978997, -0.41664869909500002, -0.42544707025399997, -0.181890767954, -0.84737040879800007, -0.20686194513700001, -0.16578211789700001, 0.41785624164200003, -0.35969401291399999, -0.30210668514, -0.11462540469100001, -0.7518216559469999, 0.143748981906, -0.072871981616699999]",-0.34428276009979475,0.13589779108484801,19
445,K,Basic,18.368309020999998,Core,"[-0.173436185746, -0.093024465765000008, -0.266375929214, -0.21376642635400001, -0.109953821865, -0.0129312311446, -0.28319323566499999, -0.29959651483999999, 0.0070464552616599993, -0.12464532748899999, -0.274100522061, -0.27365451677200003, -0.37312828741899995, -0.26805290978899998, -0.072651697526200001, -0.18904738453600001, -0.024438985727400001, 0.097929386053299997, -0.205117253054, -0.37199305416400003]",-0.17620659539081202,0.016248087546042608,20
446,S,Polar,5.89527416229,Core,"[-0.21150191521299999, -0.29605985766699999, -0.23563932940900001, 0.052868205550499994, 0.33654112862899999, -0.32600695675000002]",-0.11329978747658333,0.055537476039644706,6
447,D,Acidic,3.1047282218900003,Core,"[-0.046554571200500001, -0.00802072758016, 0.009541322387610001, -0.84852205714000006, 0.039958301024500001, -0.012836874448399999, 0.050567236454099995, -0.102050640075, 0.15198870655999999, 0.015916403330600001, 0.089164156505200001, 0.026478635388000001, 0.23171493366000001, -0.016341567847399999, 0.030478150578900003, -0.0154456224528]",-0.025247763428459379,0.050873601326595713,16
448,V,Hydrophobic,0.16153098642799998,Core,"[-0.31511288513899999, -0.24759709472499999, -0.21278795734799999, -0.12533171261000001, -0.024620547053099996, -0.54562119354600003, -0.60960384636200005]",-0.29723931954044286,0.039007745827431016,7
449,W,Hydrophobic,2.30105829239,Core,"[-0.0072567870987200007, -0.186853863747, -0.056308833268499996, -0.086659181486300002, -0.027454899400699999, -0.125124121522, -0.013035084287100001, -0.129700604365, 0.0088314897856400006, -0.15608590104800002, -0.013729657138300001, -0.26426354648899997, -0.0304988618713, 0.085735564913899998, 0.19263443134200001, 0.27309321812300003, 0.090631665610699991, 0.034200367825299997]",-0.022880255784521106,0.016302410231085088,18
450,S,Polar,10.461748123200001,Core,"[0.033252132043299999, 0.0318914200321, -0.077367149647899994, 0.030647652434099996, -0.19531429336300002, 0.060625324259800009, -0.044233682381900001, -0.0050202000865200002, 0.019095447600099999, 0.33914572469499998, 0.032659506127100002, 0.0052069390341899996, -0.43083839571000004, 0.10963178400699999, -0.0064375303917400001, 0.0093098918561799991, 0.080146160417399998, 0.0070290418872199995, 0.0492735003546]",0.0025633301666857836,0.019782930355118352,19
451,F,Hydrophobic,1.4927663803100002,Core,"[-0.20024539755999998, 0.068152118121100003, 0.0125820631932, -0.067868788226200003, -0.076821707204100004, -0.069692148908800003, -0.021456743423799999, -0.037557514962000001, -0.041125850391400001, -0.26811375304500001, 0.070879616276399993, 0.053928705927700001, 0.016038566794100002, 0.0479510237834, -0.074370291663899996, 0.0015054639612699999, 0.089711562447100004, -0.18511016196300001]",-0.037867402046884997,0.0093465690423130202,18
452,G,Hydrophobic,0.0,Core,"[0.079187753427000004, -0.207349622062, 0.010996224872299998]",-0.039055214587566674,0.014936517888023047,3
453,I,Hydrophobic,0.0,Core,"[-0.41973759681700001, 0.049455071693900003, 0.64469614732699998, 0.00028192376227099996, 0.068505334399100004, -0.14798243349099999, 0.078133461995699996, 0.141725048874, 0.104095807015, 0.030153329065200001, -0.071025409741100012, 0.087911572200200003, 0.25640115361100002, 0.63614645291999994, -0.12832446199600001]",0.088695693387884716,0.069363107795228876,15
454,L,Hydrophobic,0.9196954965590001,Core,"[-0.190662342555, 0.0041201127334200005, -0.22942872694299998, -0.143699424544, -0.050167919891200001, -0.14252589094499998, 9.0316791988100001e-05, -0.0597820369384, -0.321472582678, 0.025774408702099998, 0.063398216312299999, -0.092260332312399981, -0.41829865289499996, -0.00154684549172, 0.034381921775000004, -0.169073905839, 0.028900442644400001, -0.979398613531, -0.244282288717, 0.015047820128799998]",-0.14354431620963562,0.053260138029299145,20
455,L,Hydrophobic,11.1110515594,Core,"[-0.0035048950144600001, -0.0081848860704599995, -0.018001865282000002, 0.056340233880099996, 0.20166140946, 0.028375129474200001, -0.13751016050999998, -0.12098314682700001, -0.058252035111300005, 0.068409968965500001, -0.00049128578202000002, 0.104664924146, -0.0054988792420200003, 0.020623003296299999, -0.157245676601, -0.22278876290999997, -0.147511679028, -0.075154016900499998, -0.36360725322899995, 0.35560769259699998]",-0.024152609034432997,0.022342435675736547,20
456,T,Polar,6.81951284409,Core,"[0.48905058314800004, 0.024765624781400004, 0.51321764544699999, -0.16171370259600001, 0.59016528384800004, 0.097526396978699997, -0.10143437126499999, 0.0322714618354, 1.187098722, 0.21399190775899998, 0.70811470609100002, 0.030306381968900002, 1.0243694883800001, -0.095639395139800007, 0.44804225824900001, -0.076618403952300004, -0.00128438986152]",0.28954295280422238,0.15857068936137567,17
457,E,Acidic,4.39981222153,Core,"[0.123096401681, -0.063382922909600001, -0.056770795810400003, 0.10192028795399999, -0.101851048155, -0.17570455051699999, -0.27140655099700001, -0.104332071326, -0.044114932330900004, 0.097658792883199994, 0.029024469792299997]",-0.042351174521400005,0.013742650418435047,11
458,L,Hydrophobic,7.51592111588,Core,"[-0.28347250683499997, 0.033589092699399997, -0.36559430585199998, -0.25590702308699997, 0.21540689388099998, 0.012581226936000001, -0.305251587293, -0.109600869332, -0.055089293587600001, -0.047923719549600001]",-0.11612620920198,0.030286033804947505,10
459,T,Polar,30.869428634600002,Core,"[-0.15665960076800001, 0.56035327944799995, -0.20098310243600001, 0.24717959126800002, -0.14696396389900002, -0.040954951642699994, 0.77283538515100003, 0.38478293282700005]",0.17744869624353751,0.11959172755028592,8
460,T,Polar,13.979583740199999,Core,"[-0.195827113858, 0.0400063378131, -0.214695675015, 0.095605583336999991, 0.0283156817861, 0.063737235170000003, -0.064195942266199998, -0.29408648120600001, 0.021622491683400004, 0.015159474797799999, -0.085894677078100015, -0.0078545411709299989, -0.14038473127599999, -0.13029870311300001, 0.13190759628599999, -0.0279524801001, 0.0045718855635500004, 0.060410411481099997, -0.279435116461, -0.071468633904499992]",-0.052537869876539002,0.014265832100488682,20
461,K,Basic,120.48589325,Surface,"[-0.056165626081600001, 0.14563133656800001, -0.11206307250399999, -1.7428195818300001e-05]",-0.0056536975533545714,0.0091983347705999353,4
462,G,Hydrophobic,6.35352325439,Core,[-0.542310388576],-0.542310388576,0.0,1
463,R,Basic,115.081016541,Surface,"[0.021927657881099995, 0.084258227036, 0.325901722984, -0.078621531690499999, 0.052304527091400002, -0.060074372320399999, -0.18641115063400002, -0.25273765328000003, 0.107093153649, -0.066322213956099996, 0.067981507349800005, 0.0084282463663499993, 0.026708423313799998, 0.22262038965399999, -0.262426854692]",0.00070867191683000224,0.02430915202763784,15
464,V,Hydrophobic,88.44393157959999,Boundary,"[0.111315225144, 0.33691715450300003, 0.069443422506300007, 0.20878179584399997, -0.022449442594099998, 0.0031289088165200002, -0.0160522018307, 0.075498201191399994, 0.088447570537899992, 0.119395704605, 0.531308958271, 0.0334826812153, -0.31175994078000002, 0.26491099490100001, 0.203437269137, -0.39414402974200002, -0.13539448938900001]",0.068603987196271768,0.046394463709106125,17
465,P,Basic,1.8746179342299998,Core,"[-0.013715530145399999, -0.122427074176, -0.255600808894, -0.058387768707800006, -0.087387175827899982, -0.051399059961199992, -0.027143216536500002, -0.20317201936999998, -0.037926885411099995, -0.14042505265999999, -0.15713488890999999, -0.078445051382199996, 0.0122520848676, -0.042730111840099998, -0.019969296039200002, 0.132292969185, -0.24018825812800002, -0.0076802114827200004, -0.43806738610699997]",-0.096697617975079989,0.014741289444110278,19
466,Y,Hydrophobic,9.15588665009,Core,"[-0.030800885860200002, 0.082148604425499996]",0.025673859282649997,0.0031893968389498598,2
467,P,Basic,111.217483521,Surface,"[0.118049627468, -0.0061697277518900006, 0.113171892192, 0.198301591507, 0.102248376643, 0.078090105347599997, 0.0426514687904, 0.055863292477799996, -0.26673272607100001, -0.31464329873199998, -0.0137682039543, 0.010964518582, -0.041302486697500002, -0.182236509815, 0.17628660288400003, 0.23217498692499999, -0.0288421043139, -2.1559383573900002, -0.023270587688000003]",-0.10026850208404159,0.25454602672167986,19
468,G,Hydrophobic,78.6353302002,Boundary,"[-0.20434466766100001, 0.081297576119899989, -0.069131320344000005, 0.062906346392500007, -0.43195517540399997, -0.13704908809999999]",-0.11637938816610001,0.030200856853543456,6
469,M,Hydrophobic,28.8416175842,Core,"[0.0170414405249, -0.21163596312600003, 0.0030672022880300002, -0.00054868483475900012, -0.056890475297099993, -0.366502437219, -0.031123137985900003, 0.0093356861431100006, 0.219627105041, 0.06737439962309999, 0.042463001509699998, 0.17138011207600001, -0.0489683722067, -0.014306725434999999, 0.037026033567099999, -0.115125076457, 0.089227973606100006]",-0.011091642246024647,0.017103141215162907,17
470,V,Hydrophobic,61.671813964799995,Boundary,"[0.101134670449, 0.074468034810199993, 0.081609037630500009, 0.31528658384199998, 0.406173268714, -0.17089136973700003, 0.36779402485000001, 0.019974220709900001, -0.21780925184200001, -0.080520225055999997, -0.12348110501800001, -0.018740171442099999, -0.0674952255497, -0.094898234556799993, -0.185934245143]",0.027111334177399988,0.037221465658446355,15
471,N,Polar,67.8990402222,Boundary,"[0.09108046393069999, 0.14485224978399999, 0.107854643236, -0.075064037841300002, -0.076006954055699988, 0.076205820210000011, 0.157262384851, 0.25598192115599999, -0.021963588031099997, 0.14571259515099999, 0.26774090463299999, 0.059077800454599996, 0.044171959219600002, 0.20546597727200003, 0.070906840006999997, -0.099715331907499996, -0.0049622591891700001, -0.00052294636493500002, 0.157492475503, 0.11999058425999999]",0.081278075113909748,0.010575997390206393,20
472,R,Basic,205.796020508,Surface,"[0.14417913891200002, 0.050139104134200002, -0.090257851489800006, 0.65828455088999993, 0.109202003943, 0.099903966717100015, -0.16964178622099998, 0.12966638164300001, -0.20931390296900002, 0.086948772213800013, -0.49734335368999993, 0.12589201218599999, 0.49706498273999994, -0.28715199337800001, 0.47955923454300003, 0.037368244261199994, -0.24382304646299999]",0.054157438704264704,0.083373369866774613,17
473,E,Acidic,61.1391525269,Boundary,"[0.298450267928, -0.23941896803800003, -0.41313781385999998]",-0.11803550465666668,0.091759905615011308,3
474,V,Hydrophobic,2.62613868713,Core,,,,
475,L,Hydrophobic,44.436893463100006,Core,"[0.049599653010700004, -0.046125333344700002, 0.042932446842499999, -0.085678183627100016]",-0.0098178542796500037,0.0033465142614597316,4
476,D,Acidic,80.7767181396,Boundary,"[0.36166077450099998, 0.252441338342, -0.61540445430200008]",-0.0004341138196667001,0.19108240737562684,3
477,Q,Polar,50.6024551392,Boundary,"[0.032698175256299998, -0.21563013472800002, -0.084918347375200001, 0.89439536038200007, -0.27802512367499999, -0.048640558578500005, 0.118794578737, 0.21644145495600001, 0.117609700239, -0.09208576523430001, -0.013686529088099999, -0.59758183572000001, 0.154644838023, 0.20958424128100001, 0.014498455806799999, -0.109176499133, 0.39114601310199998, 0.092523278627899996, 0.090524108128899994]",0.047006074263568419,0.083299192670550956,19
478,V,Hydrophobic,9.224868774410002,Core,"[-0.016391362923099999, 0.15220241477900001, -0.087667555743000003, -0.032936004248500003, 0.026379596580400001, -0.0099594585358200004, 0.032951082823900003, -0.057111926441000001, -0.17803394145900001, -0.18295486474199998, 0.138699681755, -0.22832661758200001]",-0.03692907964467667,0.013126781854893056,12
479,E,Acidic,98.2492752075,Boundary,"[-0.47954056661600003, -0.058603033793000005, 0.116568534976, 0.094626182431599995, 0.16479910158200001, 0.057429881253000005, 0.0094253653679899994, -0.29493982897599996, -0.148350932952, 0.048376984755399997, 0.66456697054699998, 0.0019382119603299998, 0.100804700133, -0.19435181340100002, 0.12863248514799999, -0.074560834447999991, -0.052146484040400003, 0.031066101924099997, -0.104219156309]",0.00060641418647473138,0.048634278100129623,19
480,R,Basic,152.827072144,Surface,"[0.112740865101, 0.167325301457, -0.048544328628599996, 0.19133537748900001, 0.00236870207398, 0.14386026053099998, 0.13551822177, 0.16027214239600002, 0.075220298310899991, -0.052104229642699992, -0.106028297018, 0.051509375670499999, -0.10771092620400001, 0.00125106207173, 0.068488236925599993, 0.10623592990399999, 0.16082984172199999, -0.15841767315800001, 0.011862286763400001]",0.048211181449200523,0.010590364184378559,19
481,G,Hydrophobic,48.1059951782,Core,"[-0.164481535338, -0.17741855405599999, 0.73771971802000003, -0.085424536357499997, -0.0085599240204299997, -0.0035197323181399998, -0.11929374339500001, -0.026758398016499998, -0.0090585518213, -0.144594586246, 0.00518321974018, -0.072819687405500003, -0.060094762386300002, -0.017515708532300001, -0.16188081909399998, 0.025309817306499997, -0.013812802731600002, 0.034988686925699994, -0.16678423920300001, -0.021800416029]",-0.022530827747909505,0.035086489605778724,20
482,Y,Hydrophobic,90.94180297850001,Boundary,"[0.088105072885399996, -0.029521580951999998, 0.148661735805, 0.069904232932999993, -0.0151257013865, -0.018530287171499998, 0.0305519877332, -0.077238151190999998, 0.13836359537999998, -0.0275675268711, -0.120438688019, -0.028201701205299998, -0.057664402859699995, 0.0091900524183899986, -0.064106976439199992, -0.060433027605300005, -0.094315524514999999, 0.080709664576100015, 0.0062816239916499992, 0.047474943377300009]",0.0013049670442219978,0.0053568878037081619,20
483,R,Basic,57.7098274231,Boundary,"[-0.12937152355599998, -0.32252594334399998, 0.026464829712099996, -0.040142942497999996, -0.17206927256499999, -0.060135024054400001, -0.013259135879899998, -0.071448007073399988, -0.055127846972000003, -0.057831262750099997, 0.0083049875101699998, 0.061026801230600003, -0.20901158824400001, -0.031494189168899997, -0.10852956200099999, 0.046565701744000002, -0.120190158396, -0.075456475417500002, -0.16527054706700001, -0.035203874617099999]",-0.076235251670371484,0.0081417390457879969,20
484,M,Hydrophobic,17.88539505,Core,"[-0.172509208996, -0.022390534278099998, 0.012260521146799999, -0.34222460897699997, -0.28737449496700002, -0.019305937935, 0.0164771748673, -0.13802285067600001, 0.17840739760000002, -0.045902171193699992, -0.17219656651199999, -0.121342311962, -0.027140476973099997, -0.024519741587900004, -0.036119352395599998, -0.018313457198599999, -0.11912436569700001, -0.026617992513]",-0.075886609902661106,0.013463231292309591,18
485,P,Basic,87.7379379272,Boundary,"[-0.046703113845300001, -0.184422357624, 0.06951594626230001, -0.039717003695499999, 0.051598657348199996, -0.196823439564, -0.0195342312357, -0.0042852634227099999, -0.32170176096500003, -0.049379748980800005, -0.0661479232216, 0.069144952674100008, -0.11414689937899999, 0.0365832762989, -0.00039180890407400002, -0.098682491669300015, -0.056770102141199999, -0.158570586756, -0.046862274688800006]",-0.061962956500499169,0.0095375011274867888,19
486,C,Polar,41.5885696411,Core,"[0.071785097644399998, -0.30936678768699999, 0.165489379942, -0.30590471693400001, -0.23915287267400001, -0.323534738401, -0.25740065945999996, -0.22756483883699999, -0.41726919872500001, -0.031988872040100001, 0.13281534468800002, 0.15365769420800002]",-0.13236959735630835,0.04232183086425742,12
487,P,Basic,12.8047018051,Core,"[0.130523881216, -0.15059311046499999, 0.16819394158100001, -0.0090589608684999989, -0.1015201174, -0.032669736995000004, -0.053164350417599995, -0.00875605985052, 0.0090314862165400012, 0.14134905452500002, -0.087034877710899988, 0.152468700629, 0.0344753024304, 0.14027381131799999, -0.112489715021, -0.0108377828762, -0.18324161266399999]",0.0015852855086600063,0.011789243708544839,17
488,P,Basic,98.75415802,Boundary,"[-0.120421793293, -0.30502545401199999, -0.068855246735500003, 0.26278175159, 0.103615436837, -0.15342740404899999, -1.1850468977899999, -0.056826423940399995, -0.10128966998700001, -0.079172519893400004, -0.032516084050400004, 0.050989407333399996, -0.059312738620300003, -0.106842194211]",-0.13223927363011428,0.10096256774631754,14
489,E,Acidic,178.088394165,Surface,"[-0.09965037632110002, -0.028258859466699999, 0.0975014064377, -0.084830120884599999, 0.33964024257100001, 0.102760380013, -0.29386383998100002, -0.056016002682300003, 0.0073160845425299997, -0.15370152318499999, 0.11354895513699999, -0.223829803706, -0.188023242742]",-0.035954361559036155,0.026773741020137302,13
490,C,Polar,14.293122291600001,Core,"[0.112616965342, -0.15405425076199999, 0.19991109973599999, -0.17729662427200002, -0.017338324346400001, -0.014174829432299998, -0.045600435344699992, -0.10249703463899999, -0.147000904569, -0.21497654985999998, 0.187691537242]",-0.033883577355036359,0.019211240914412064,11
491,P,Basic,42.4044952393,Core,"[-0.28693782836800003, -0.23214608531999997, 0.13952740779, 0.1602947123, -0.29133406260600003, -0.19325786052900001, 0.017183203016099997, -0.116334293157, 0.095731138137199995, -0.27557717189800002, -0.084129516952500011, -0.0742061559058, -0.40437380091799996, -0.0829348216582, -0.065166900740800004, 0.034987414429599996, -0.18771656846900001, -0.48159925828700001, -0.305680050014, -0.17041211276000001]",-0.14020413059552003,0.029375560545825748,20
492,E,Acidic,112.944480896,Surface,"[0.099069089903999999, 0.40223499859399997, 0.13882514806600002, 0.52876541617499995, -0.48754172685099995, -0.16783013565999999, 0.0870008723323, -0.08943498410499999, 0.24434880094600001, -0.41085446250800001, -0.18908670424000001]",0.014136028423027282,0.092178911916639017,11
493,S,Polar,80.982711792,Boundary,,,,
494,L,Hydrophobic,23.826625824,Core,"[0.066289619841800013, 0.085566848781800015, 0.16120472689699999, -0.31662481888499999, -0.23085399130999998, 0.048976362853900002, -0.0021901487752600001, -0.24079390957400001, -0.67748764932299999, 0.047770939431499994, -0.027858783803099998, -0.19103933240200002, -0.327964060374, 0.15606471613700001, -0.068859058616400001]",-0.10118656927465067,0.048883604781844912,15
495,H,Basic,20.8028316498,Core,"[-0.0620150337632, -0.061912316196999995, -0.34161740360699994, -0.24023989542399998, -0.0051657953898699999, -0.065493705301699998, -0.25546470892099998, -0.017143595538600002, -0.12041777984099999, -0.057600516188099998, -0.35453477277599998, -0.20828590508900002, -0.0102149577579, -0.23646659735999997, -0.26923982098299998, -0.35651846991899999, 1.11259435347, 0.37071475236000001, -0.30926319824799997]",-0.078330808761808909,0.10783379594071742,19
496,D,Acidic,82.62335968020001,Boundary,"[-0.51864985863500002, 0.040656444772800004, -0.041114715632000004, -0.17704543554999999]",-0.17403839126105,0.045632170480830327,4
497,L,Hydrophobic,0.516042172909,Core,"[0.027087030114199998, -0.55462913400300007, 0.086878981760900004]",-0.14688770737596668,0.083722381740877774,3
498,M,Hydrophobic,2.1933062076599996,Core,"[0.31692263227599998, -0.086943839588499994, -0.33560028022999999, 0.042110705976300004, -0.606333782135, -0.13467969976399999, 0.054959545810599995, -0.159857798498, -0.033930489971800003, -0.23625641214000001]",-0.11796094182643999,0.055457492250359008,10
499,C,Polar,50.7511825562,Boundary,"[0.16487330856499999, 0.059571969820499997, 0.041464014083199996, 0.102665037283, -0.073668937967699993, 0.21202800745499997, -0.88841494770600005, 0.68352695824900001, -3.7817836848899998e-05, 0.0023967399695599997, -0.018400137202, 0.072229496447300007, -0.61723530892599998, 0.020913192826200001]",-0.017006316067127783,0.12377098602488217,14
500,Q,Polar,35.5531616211,Core,"[0.26421374512500001, 0.0343026869005, -0.040420312550199997, -0.224197427925, 0.015638160573399999, -0.07574317216019999, -0.141005151538, -0.29508102985500001, -0.26686163357500003, 0.032332601171900004, 0.155006328168, -0.15509688498500002, -0.42297735943199999, -0.16831893699, 0.098450163374599997, -0.048924742311699992, -0.43411184502800004, -0.39157078127800005, -0.102480285857, -0.125207366215]",-0.11460266221933502,0.034038744188109468,20
501,C,Polar,0.0,Core,"[0.082044330850500002, -0.190094999052, -0.79225224000499994, -0.39840156508699998, -0.112984551325, -0.16863207725499998, -0.16433813429499999, -0.43670529868399999, 0.20843341874099999, 0.062730465499400007, -0.31846979167200001, 0.0160879301356, 0.054457038935900003, -0.28272178772200002]",-0.17434623292389997,0.063898693618214181,14
502,W,Hydrophobic,5.86083221436,Core,"[-0.19016503426100001, 0.165364038592, -0.422920632415, -0.13870326759999999, -0.22296051721400001, -0.33442279108799999, -0.16560562343000002, -0.32411990076999997, -0.19279443457199999, 0.152878986514, 0.00158298167668, 0.066323996078399991, -0.164504872128, -0.062622001102999994, 0.026474688155200002, -0.23779731815400001, -0.049711392112, -0.17823752194200002, -0.12578359451900001, -0.276152678795]",-0.13369384445433602,0.023882653010435712,20
503,R,Basic,85.9697036743,Boundary,"[0.35001904721400001, -0.067294297389800001, -0.33331115811000001, -0.11132149871500001, 0.020501537009400002, 0.120828446475, -0.086020308730899983, 0.078937624261200004, 0.11845417765699999, 0.019695459063500002, -0.13236165182700002, -0.43341468262799998, 0.0301723500745, -0.121525651806, -0.13765028433499998, -0.057627165497000005, -0.47097365642700001, -0.40834108525500001, 0.058189594117599996]",-0.082265431834131555,0.042119784381233025,19
504,K,Basic,157.820419312,Surface,"[-0.168549911784, -0.16476192010599999, -0.811259472057, 0.37307065035699999, -0.032606893434099997, -0.105569509619, -0.30302789598200003, -0.13393320037599998, 0.118225032063, -0.403642289667, 0.14941606960599998]",-0.13478539463628181,0.088567512036076559,11
505,E,Acidic,90.3244247437,Boundary,"[-0.10678604943499999, 0.099277647528600008, 0.22641277653, 0.18543503667399999, -0.064293644315499998, -0.13340410667700001, -0.237588838671, -0.17289707306499999, -0.195607699824, -0.22965274412099998, -0.076198194187199988, -0.36453148493699999, -0.53677272856399993, -0.038783070169599997, -0.042359887006800004, 0.042388120305599998, -0.24050570211300001, 0.29033392107799999, 0.028186705857000002, -0.010790487989399999]",-0.078906875155114992,0.037830726089070295,20
506,P,Basic,18.302335739100002,Core,"[-0.036135302530699999, -0.51400067419700002, -0.30400505518100002, -0.160513120934, -0.12708262186200001, -0.26100711778899999, -0.082979010960600008, -0.046958867239899997, -0.37232388302599995, -0.096035082218000001, -0.34556776688500002, -0.15412604858500001, -0.092835727606899995, -0.11129205869200001, 0.032887523393499998, -0.12750790447499999, -0.10173255534600001, -0.57493411203, -0.22547885402199999]",-0.19482253895718948,0.025104956678543355,19
507,E,Acidic,154.01605224600002,Surface,"[-0.282883005455, 0.0487995999381, 0.20861594248599999, 0.025596773739200003, -0.93995871283099997, 0.0057001228381900002, -0.074771177847800005, -0.29779163841899997, -0.361498609847, -0.083401757323899997, -0.32539959233600002, -0.29292967918200002, -0.00088335146495399999, 0.26131610574000003, 0.0073554978363399998, 0.19566995318899999]",-0.119153970558739,0.082075017252169563,16
508,E,Acidic,109.276779175,Surface,"[0.055748255816500003, -0.107118438604, -0.0343716783769, 0.063682841341699992, -0.56243211100199997, -0.19218787419399999, -0.21909430218000003, 0.010192595007, -0.21029547595500001, 0.078226731990399992, 0.060082555418300002, 0.066913113115300002, 0.33599447619099998, -0.43701654010399998, -0.056325662310600003, 0.037824453468199994, -0.14120972739099999, -0.47110536808499998, -0.00091801278640499988, -0.21410828094199999]",-0.096875922479125257,0.044406303628660118,20
509,R,Basic,5.4354467392,Core,"[-0.0167772662569, 0.024813642745400002, -0.288507753837, 0.041578091257099999, 0.19263460724100001, 0.165057146583, -0.015633265295999999, -0.12588754558599999, -0.100386648531, -0.29216305060100001, 0.017251482850400002, 0.038965879299099997, 0.065433551348899999, 0.26932191816599999, -0.0768596104482, -0.124499252093, -0.053232728936500003, 0.028314986590900003, 0.15095593203800001, 0.014519984177899998]",-0.0042549949643949959,0.019402727849289418,20
510,P,Basic,14.199054718,Core,"[-0.086056914396300005, 0.025135861333400001, -0.077464373090699992, -0.069274252316500001, -0.031176855664499997, -0.17051904258699999, -0.80569475920900002, 0.143398835177, -0.33332871944499998, -0.47819599449199995, 0.172089553576]",-0.15555333282859998,0.074711117476699687,11
511,T,Polar,53.528198242200006,Boundary,"[-0.27249570071099999, -0.30175177048099999, -0.43278310329699998, -0.085731901868600011, -1.2835340909399999, -0.23606705921999999, -0.24589531728799999, -0.66121057936000005, -0.092485943161899994, -0.094740427414800002, -0.39427502397399999, 0.10831413038399999, -0.36989337799000005, -0.31150310013400001, -0.19981524797299999, -0.24993874331399998]",-0.32023795354645623,0.090058622646699893,16
512,F,Hydrophobic,0.0,Core,"[-1.0150438287399999, -0.013616571624700001, -0.56170008882400002, -0.080686478665600012, -0.361670932976, -0.21228290680799999, -0.18340806642599999, -0.38322694761100001, -1.17027645769, -0.46255350639300002, -0.0074152831738599993, -0.46613685475900002, -1.5992411141799998, -0.58085150704199995, -0.047181719651300004, -0.99834589564999998, -0.64650397945399996, -0.35129905648199999, -1.29891055279]",-0.54949219731265575,0.20501398730928144,19
513,E,Acidic,134.990768433,Surface,"[0.076653519502799999, -0.066525250233800001, -0.10383055474500001, 0.0134899308858, -0.048677748580999998, 0.16828839090100001, -0.172338667183, -0.063016421405200002, -0.93228892507100003, 0.026053225838299998, -0.059043696237199995, -0.68951731813600003, 0.051417938839199998, -0.41758667373199998, 0.0064470196961300009, -0.23278753882100001, -0.016497836220899998, -0.27825768487000002]",-0.15211212719849276,0.073714210739918143,18
514,Y,Hydrophobic,103.57886505100001,Surface,"[0.038801313354699996, 0.055591536681699992, 0.74287343132200001, 0.26588055744000005, -0.025080093584299998, -0.014981909522699999, 0.065318530520599993, 0.030596490614299997, 0.016083481495600002, 0.068435024409100001, 0.017262873123899999]",0.11461647598680909,0.044903566047203414,11
515,L,Hydrophobic,0.0,Core,"[-0.169379919676, 0.0078045931231899993, -0.25433749018599999, -0.10032696012800001, -0.11458406566700001, -0.121111415596, -0.023746708900799999, -0.16681795444, -0.19637302730999998, 0.17020947770999997, -0.11721450099000001, 0.027348427741999998, -0.24735687550000002, -0.0079369934383000003, -0.064997030457100008, 0.053520272050800004, 0.32587531419100002, -0.038214317563199998, -0.26661851089400002, 0.030759529775299999]",-0.063674907807705503,0.020432408140922557,20
516,Q,Polar,71.2526016235,Boundary,"[0.169658795059, 0.100592662283, -0.10450657312999999, -0.26603049003500001, -0.0363155894561, 0.013192555974999999, -0.233983474591, -0.070416234322599996, -0.32907996800400002, 0.39710627239200003, -0.55629793271799999, 0.10478122750600001, 0.097486000684300009, 0.012307315842500001]",-0.050107530893921427,0.053052443687820125,14
517,A,Hydrophobic,85.7105178833,Boundary,,,,
518,F,Hydrophobic,93.9432678223,Boundary,"[0.098429771753800008, 0.096154577905800009, 0.179360137117, -0.34675752209499999, 0.20094469673199999, 0.0138576354932, -0.29198114889499999, -0.063302051901400008, -0.16680490312000001, -0.0537599037029, -0.148792298633, 0.022330985631, 0.14226132065400002, 0.033955868005900003, -0.046765703792000006, -0.60372316641099999, 0.0107927691016]",-0.054341113891529416,0.040735525219461478,17
519,L,Hydrophobic,39.8751983643,Core,"[-0.329388685525, -0.30836860334299998, -0.174051673145, -0.14411383767499999, -0.27158443264499998, -0.27550030360299999, -0.0338992883824, -0.014955162179499999, -0.325660592315, 0.78933054247899992, -0.321521987279, 0.149229044931, -0.0553902663676]",-0.1012211726961154,0.086946084138251514,13
