p.Ala296Arg,-0.111346785189
p.Ala296Asn,-0.596800736644
p.Ala296Asp,-0.138420850314
p.Ala296Glu,-0.226907406576
p.Ala296Gly,-0.59678795181
p.Ala296Ile,-0.280517883364
p.Ala296Leu,-0.124810468812
p.Ala296Phe,-0.435044223429
p.Ala296Ser,-0.245780606449
p.Ala296Ter,-0.251030342674
p.Ala296Val,-0.0639134055028
p.Ala309Ser,0.210150539684
p.Ala314Arg,-0.171779384197
p.Ala314Asn,-0.257900266923
p.Ala314Asp,-0.216959793688
p.Ala314Cys,-0.0139824454177
p.Ala314Glu,-0.247582706096
p.Ala314Gly,0.806529417077
p.Ala314His,-0.0928137201199
p.Ala314Ile,-0.264852851322
p.Ala314Leu,-0.159886557391
p.Ala314Lys,-0.193069074352
p.Ala314Met,-0.408349848343
p.Ala314Phe,-0.177903372316
p.Ala314Pro,-0.248668504318
p.Ala314Ser,0.00990202523072
p.Ala314Ter,-0.220345176127
p.Ala314Thr,-0.301320715133
p.Ala314Tyr,-0.397296564056
p.Ala314Val,-0.23700746118
p.Ala330Arg,0.648139825136
p.Ala330Asn,-0.183131859125
p.Ala330Asp,-0.338184833149
p.Ala330Gln,1.35032162144
p.Ala330Glu,-0.84406562754
p.Ala330Gly,-0.153691465198
p.Ala330His,-0.173130980699
p.Ala330Ile,-0.0283202315253
p.Ala330Leu,-0.371410133212
p.Ala330Lys,0.0840964183532
p.Ala330Met,0.054164638925
p.Ala330Phe,-0.02469272883
p.Ala330Pro,-0.284445086293
p.Ala330Ser,-0.222633239114
p.Ala330Trp,0.922442145603
p.Ala330Tyr,0.580458167704
p.Ala330Val,-0.140856098582
p.Ala370Arg,-0.159227977344
p.Ala370Asn,0.0598556527147
p.Ala370Asp,-0.104594694042
p.Ala370Gln,0.062352173317
p.Ala370Glu,-0.136120969314
p.Ala370Gly,0.326695154359
p.Ala370His,-0.253115424023
p.Ala370Ile,0.872707649621
p.Ala370Leu,0.521413700653
p.Ala370Lys,-0.0203620010421
p.Ala370Met,0.397987575192
p.Ala370Phe,-0.147826660951
p.Ala370Pro,0.123149719239
p.Ala370Ser,0.253109580518
p.Ala370Ter,-0.0707248894977
p.Ala370Thr,-0.168336835808
p.Ala370Tyr,-0.201485081584
p.Ala370Val,0.763725150364
p.Ala371Arg,-0.289464957952
p.Ala371Asp,0.791391957475
p.Ala371Cys,0.281655296458
p.Ala371Gln,0.472592897106
p.Ala371Gly,0.210329504749
p.Ala371Ile,0.22816830123
p.Ala371Leu,0.31727895762
p.Ala371Phe,0.559948113913
p.Ala371Pro,0.0588343238404
p.Ala371Ser,0.113724306198
p.Ala371Ter,-0.255578149416
p.Ala371Thr,0.345124241515
p.Ala371Trp,0.632941814108
p.Ala371Val,0.331520205515
p.Ala374Arg,-0.352277700571
p.Ala374Asn,0.0575478598624
p.Ala374Asp,-0.494018799909
p.Ala374Cys,1.0121594047
p.Ala374Gln,0.190748139092
p.Ala374Gly,-0.333008986063
p.Ala374Ile,0.116733020411
p.Ala374Leu,0.405631490261
p.Ala374Lys,-1.05136985426
p.Ala374Met,0.650483896541
p.Ala374Phe,0.295132578781
p.Ala374Pro,-0.187151267478
p.Ala374Ser,0.485883791219
p.Ala374Ter,-0.498346094715
p.Ala374Thr,0.44563257672
p.Ala374Tyr,-0.447665839797
p.Ala374Val,0.552159466096
p.Ala378Arg,0.614890340455
p.Ala378Asn,0.40699510621
p.Ala378Asp,0.891848891818
p.Ala378Cys,0.372292804627
p.Ala378Gly,0.316650641961
p.Ala378His,0.716904206124
p.Ala378Leu,0.586139485468
p.Ala378Lys,-0.458841691382
p.Ala378Met,0.71918496779
p.Ala378Pro,-0.278121522102
p.Ala378Ser,0.408498212996
p.Ala378Thr,0.361049076775
p.Ala378Tyr,1.06468282497
p.Ala392Gly,0.762537045604
p.Ala392Ile,-0.323128878257
p.Ala392Pro,0.0724805823985
p.Ala392Val,0.383727267455
p.Ala393Arg,-0.419193329274
p.Ala393Asp,0.79219197064
p.Ala393Cys,-0.218481073512
p.Ala393Gln,0.249996796768
p.Ala393Glu,0.312343865538
p.Ala393Gly,0.0188225013319
p.Ala393Ile,-0.439026922444
p.Ala393Leu,-0.264232142118
p.Ala393Lys,-0.484727937431
p.Ala393Phe,-0.287709981702
p.Ala393Pro,0.156747702294
p.Ala393Ser,0.0697382012765
p.Ala393Val,-0.966260461589
p.Ala406Arg,-0.388816333358
p.Ala406Asn,-0.334614715065
p.Ala406Asp,0.209587056538
p.Ala406Glu,-0.0857254236942
p.Ala406Gly,0.439177011261
p.Ala406Ile,0.0591394810979
p.Ala406Leu,-0.150889593756
p.Ala406Lys,-0.0886480806133
p.Ala406Pro,-0.271672928602
p.Ala406Ser,-0.158934135654
p.Ala406Ter,-0.35088633737
p.Ala406Thr,-0.212937243692
p.Ala406Tyr,-0.276615828114
p.Ala406Val,-0.0820646717668
p.Ala411Arg,-0.192426898728
p.Ala411Asn,-0.749100057499
p.Ala411Asp,-0.316271942742
p.Ala411Gln,-0.531968765444
p.Ala411Glu,-0.561650350284
p.Ala411Gly,-0.393239416028
p.Ala411His,0.341687840629
p.Ala411Ile,-0.195553953883
p.Ala411Leu,-0.200947863432
p.Ala411Met,-0.340581931351
p.Ala411Ser,-0.64097338152
p.Ala411Ter,-0.203895074997
p.Ala411Thr,-0.239810159759
p.Ala411Tyr,-0.327845390652
p.Ala411Val,-0.0673541665925
p.Ala421Arg,-0.196704253506
p.Ala421Asn,-0.261119937788
p.Ala421Asp,-0.238884024124
p.Ala421Cys,-0.201842574128
p.Ala421Gln,-0.262045542132
p.Ala421Glu,-0.335023325009
p.Ala421Gly,-0.221935050639
p.Ala421His,-0.361512667839
p.Ala421Ile,-0.180942649842
p.Ala421Leu,-0.245665070384
p.Ala421Lys,-0.187321334097
p.Ala421Met,-0.0561744375706
p.Ala421Phe,-0.309688052239
p.Ala421Pro,-0.255932421408
p.Ala421Ser,-0.284347431774
p.Ala421Ter,-0.50307859226
p.Ala421Thr,-0.482597047699
p.Ala421Trp,-0.106129929968
p.Ala421Tyr,-0.129837880007
p.Ala421Val,-0.168275732098
p.Ala425Arg,-0.324743480607
p.Ala425Asn,-0.657896247453
p.Ala425Asp,-0.300700532991
p.Ala425Cys,-0.176849281692
p.Ala425Gln,-0.299094620307
p.Ala425Glu,-0.156091033415
p.Ala425Gly,0.0895537176904
p.Ala425His,-0.392730751399
p.Ala425Ile,-0.184954274228
p.Ala425Leu,-0.242140520048
p.Ala425Lys,-0.160762447411
p.Ala425Met,-0.230160380927
p.Ala425Phe,0.142530116831
p.Ala425Pro,-0.310042102597
p.Ala425Ser,0.24054071349
p.Ala425Ter,-0.130899869728
p.Ala425Trp,-0.695071607541
p.Ala425Tyr,-0.272909730105
p.Ala425Val,-0.296234566893
p.Ala433Arg,-0.273162243356
p.Ala433Asn,-0.220899838107
p.Ala433Asp,1.27280978992
p.Ala433Cys,1.08400575466
p.Ala433Gln,-0.246945664641
p.Ala433Glu,0.499124865107
p.Ala433Gly,0.404923789149
p.Ala433His,-0.124092622517
p.Ala433Ile,-0.191180420208
p.Ala433Leu,-0.178455267073
p.Ala433Lys,-0.754020795732
p.Ala433Met,-0.359102179587
p.Ala433Phe,-0.198463247
p.Ala433Pro,0.254127132999
p.Ala433Ser,0.29793191831
p.Ala433Ter,-0.0952375309952
p.Ala433Thr,-0.0135737299122
p.Ala433Trp,-0.247311104627
p.Ala433Tyr,-0.344039785208
p.Ala433Val,-0.304122519684
p.Ala436Val,-0.373503856217
p.Ala437Arg,-0.517490422039
p.Ala437Cys,-0.0215672137303
p.Ala437Gly,0.228712113623
p.Ala437Ile,0.735690132969
p.Ala437Leu,-0.0392605287052
p.Ala437Lys,0.141575956995
p.Ala437Thr,-0.600513579694
p.Ala437Val,0.16595868179
p.Arg271Ala,-0.00175990107869
p.Arg271Asp,-0.158567526638
p.Arg271Gln,-0.405648717484
p.Arg271Gly,-0.0488394015561
p.Arg271Lys,-0.079583339246
p.Arg271Pro,0.586736675955
p.Arg271Ser,-0.152918524109
p.Arg271Thr,-0.413888454562
p.Arg271Trp,0.15713600426
p.Arg271Tyr,-0.472424444945
p.Arg271Val,-0.0421403762668
p.Arg294Ala,-1.2233232298
p.Arg294Asn,-1.46378186278
p.Arg294Asp,-0.371740162559
p.Arg294Cys,0.134427209524
p.Arg294Gln,-0.309598822723
p.Arg294Glu,-0.00205528154965
p.Arg294Gly,-0.394785998494
p.Arg294His,-0.458564314839
p.Arg294Ile,0.0822529527724
p.Arg294Leu,-0.883199515587
p.Arg294Lys,-0.427599728372
p.Arg294Met,-0.447496658692
p.Arg294Phe,0.21120825183
p.Arg294Pro,-0.739839434633
p.Arg294Ser,-0.343085802728
p.Arg294Ter,-0.185856410087
p.Arg294Thr,-3.68901156505
p.Arg294Trp,0.449310686037
p.Arg294Tyr,0.0695009398041
p.Arg294Val,0.215394091106
p.Arg321Ala,0.861833610897
p.Arg321Gly,-0.398245772502
p.Arg321His,0.027195115695
p.Arg321Leu,0.304146950284
p.Arg321Lys,0.326316620043
p.Arg321Met,0.241347007029
p.Arg321Phe,-0.111454807438
p.Arg321Pro,0.391150281289
p.Arg321Ser,0.0188699341405
p.Arg321Thr,-0.0535148282675
p.Arg321Trp,0.458090280668
p.Arg321Tyr,0.142810143516
p.Arg362Ala,-0.030194562304
p.Arg362Asn,0.00591373129058
p.Arg362Asp,-0.0279411224049
p.Arg362Glu,-0.269850736329
p.Arg362Gly,0.0670081308389
p.Arg362His,0.0792573598086
p.Arg362Ile,0.17056932801
p.Arg362Leu,0.0929327581117
p.Arg362Lys,0.112904050171
p.Arg362Met,0.0776283267355
p.Arg362Pro,-0.0732220667147
p.Arg362Ser,0.00184906796872
p.Arg362Ter,0.0166920977378
p.Arg362Thr,-0.106910280514
p.Arg362Trp,0.172437150754
p.Arg362Tyr,0.331778184049
p.Arg362Val,-0.15163748678
p.Arg382Ala,0.198845915333
p.Arg382Asn,0.160300813973
p.Arg382Asp,0.584196660147
p.Arg382Gly,0.222283153498
p.Arg382His,0.169647049361
p.Arg382Ile,-0.0625850197372
p.Arg382Leu,0.36310471667
p.Arg382Lys,-0.260960020665
p.Arg382Met,-0.191210640166
p.Arg382Pro,-0.27019667457
p.Arg382Ser,-0.285084459349
p.Arg382Thr,0.151686773474
p.Arg382Tyr,0.721998103249
p.Arg382Val,0.529904435229
p.Arg388Asn,-0.357820001269
p.Arg388Asp,-0.229280434653
p.Arg388Gln,0.100547051005
p.Arg388Gly,-0.33019494583
p.Arg388His,-0.363270086007
p.Arg388Ile,0.228103516887
p.Arg388Leu,-0.194344032603
p.Arg388Phe,-0.289470210259
p.Arg388Pro,-0.171093420214
p.Arg388Ser,-0.0587867694695
p.Arg388Thr,-0.334197418359
p.Arg388Tyr,-0.239957945164
p.Arg388Val,0.382189933948
p.Arg391Ala,-0.308735147609
p.Arg391Asn,0.016882563431
p.Arg391Asp,-0.222841721247
p.Arg391Cys,-0.317826651874
p.Arg391Gln,-0.877026015138
p.Arg391Glu,-0.352185930029
p.Arg391Gly,-0.280146165492
p.Arg391His,-0.586054813764
p.Arg391Ile,-0.0714538079117
p.Arg391Leu,-0.220164923683
p.Arg391Lys,-0.205935440974
p.Arg391Phe,-0.178814020662
p.Arg391Pro,-0.33929389554
p.Arg391Ser,-0.321570055686
p.Arg391Ter,0.709665665422
p.Arg391Thr,-0.485526956504
p.Arg391Tyr,-0.286101005854
p.Arg391Val,-0.337262875478
p.Arg412Ala,-0.227290262551
p.Arg412Asn,-0.151950013398
p.Arg412Asp,-0.211199029037
p.Arg412Cys,-0.316801820382
p.Arg412Gln,-0.382238728378
p.Arg412Glu,-0.361845413354
p.Arg412Gly,-0.129332599833
p.Arg412His,-0.405778434822
p.Arg412Leu,-0.118021040743
p.Arg412Phe,-0.252074484528
p.Arg412Pro,-0.369529883637
p.Arg412Ter,-0.254970666378
p.Arg412Thr,0.125035888155
p.Arg412Trp,-0.42480326272
p.Arg412Tyr,-0.25053011921
p.Arg412Val,-0.22551330976
p.Arg422Ala,-0.383427696841
p.Arg422Asn,-0.354842903177
p.Arg422Asp,-0.0367021853464
p.Arg422Cys,0.213207760557
p.Arg422Gln,-0.467710534916
p.Arg422Glu,0.081418009225
p.Arg422Gly,-0.185191587234
p.Arg422His,0.153268681769
p.Arg422Ile,-0.170274100779
p.Arg422Leu,-0.233521207126
p.Arg422Lys,-0.342312486255
p.Arg422Met,-0.146537292541
p.Arg422Phe,-0.196402572868
p.Arg422Pro,-0.17339274371
p.Arg422Ser,-0.143629745811
p.Arg422Ter,-0.313084594487
p.Arg422Thr,-0.0928468648684
p.Arg422Trp,0.0455327106901
p.Arg422Tyr,-0.184248455513
p.Arg422Val,-0.0627251008632
p.Arg441Ala,-0.0490106957609
p.Arg441Asn,-0.227046046175
p.Arg441Asp,-0.431120721255
p.Arg441Cys,0.0507170885171
p.Arg441Gln,-0.100085265908
p.Arg441Glu,-0.294425398118
p.Arg441Gly,0.604805907549
p.Arg441His,0.840037227371
p.Arg441Ile,0.3757281834
p.Arg441Leu,-0.054704240451
p.Arg441Lys,-0.0470646598377
p.Arg441Met,-0.123925606468
p.Arg441Phe,-0.016137067787
p.Arg441Pro,-0.00548395700352
p.Arg441Ser,0.199446524616
p.Arg441Ter,-0.404976190705
p.Arg441Thr,0.0861228053773
p.Arg441Trp,0.126936884334
p.Arg441Tyr,0.195891199697
p.Arg441Val,0.558829109333
p.Arg463Ala,0.0285165328684
p.Arg463Asp,-0.289773450894
p.Arg463Cys,-0.402475426789
p.Arg463Gln,0.216811285969
p.Arg463Gly,-0.00892827936609
p.Arg463His,0.110830634803
p.Arg463Leu,0.341233604745
p.Arg463Lys,0.399739461305
p.Arg463Met,-0.16041134258
p.Arg463Phe,0.0830107773486
p.Arg463Pro,-0.352228469786
p.Arg463Ser,0.100598139144
p.Arg463Ter,-0.303285017733
p.Arg463Thr,-0.201267161941
p.Arg463Val,0.535051744227
p.Arg472Ala,-0.12432830459
p.Arg472Asp,-0.165427099
p.Arg472Cys,0.245731591259
p.Arg472Gln,-0.667558960666
p.Arg472Glu,-0.300099204668
p.Arg472Gly,-0.0517832606123
p.Arg472His,0.406568813089
p.Arg472Ile,-0.184149903638
p.Arg472Leu,0.568605654223
p.Arg472Met,0.0850333314762
p.Arg472Phe,1.01783754883
p.Arg472Pro,0.00985592207861
p.Arg472Ser,-0.537505490234
p.Arg472Ter,0.157581319207
p.Arg472Thr,-0.536501001472
p.Arg472Tyr,0.189566406792
p.Arg472Val,0.555635315814
p.Arg480Ala,-0.0698342223353
p.Arg480Asn,-0.343370691924
p.Arg480Asp,0.117371662889
p.Arg480Cys,-0.15019609861
p.Arg480Gln,0.0680209436456
p.Arg480Glu,-0.140456928124
p.Arg480Gly,-0.135726251122
p.Arg480His,-0.0716633233283
p.Arg480Ile,0.081279976114
p.Arg480Leu,0.170457638582
p.Arg480Lys,0.190206227757
p.Arg480Met,0.077611403478
p.Arg480Phe,0.268398954149
p.Arg480Pro,-0.142564130001
p.Arg480Ser,-0.0388999841495
p.Arg480Ter,-0.347904771987
p.Arg480Thr,-0.172152827864
p.Arg480Tyr,0.429598468112
p.Arg480Val,0.0746431923691
p.Arg483Ala,0.0784548224306
p.Arg483Asn,0.472017657134
p.Arg483Asp,-0.263681966824
p.Arg483Cys,0.110348064976
p.Arg483Gln,0.353502499178
p.Arg483Glu,-0.0771036887543
p.Arg483Gly,-0.185117596291
p.Arg483His,0.277319429477
p.Arg483Ile,0.218951239982
p.Arg483Leu,0.183982942781
p.Arg483Lys,0.100839299678
p.Arg483Met,-0.0285843884674
p.Arg483Phe,0.296045230415
p.Arg483Pro,-0.177982710631
p.Arg483Ser,0.0572568600265
p.Arg483Ter,-0.295349972632
p.Arg483Thr,0.325151328754
p.Arg483Trp,0.00440387850517
p.Arg483Tyr,0.271609582039
p.Arg483Val,0.162653511547
p.Arg503Ala,-0.325081542922
p.Arg503Asn,0.19135585493
p.Arg503Asp,0.663116876774
p.Arg503Cys,0.293766304541
p.Arg503Gln,0.0209622161759
p.Arg503Glu,-0.0819125013556
p.Arg503Gly,0.198564378203
p.Arg503His,0.167690107154
p.Arg503Ile,-0.126395851336
p.Arg503Leu,0.0788818738071
p.Arg503Met,0.233027542861
p.Arg503Phe,0.64916317468
p.Arg503Pro,-0.106699535264
p.Arg503Ser,0.35634873931
p.Arg503Ter,-0.0736054305801
p.Arg503Thr,0.161952958898
p.Arg503Trp,0.760887887586
p.Arg503Tyr,0.630302924198
p.Arg503Val,-0.0418645168192
p.Arg509Ala,-0.212034612091
p.Arg509Asn,-0.270560921225
p.Arg509Asp,0.15084012042
p.Arg509Cys,-0.262643719378
p.Arg509Gln,-0.510074350667
p.Arg509Glu,-0.444913304824
p.Arg509Gly,-0.221405104568
p.Arg509His,-0.0719243329863
p.Arg509Ile,-0.0953017731787
p.Arg509Leu,0.137589579501
p.Arg509Lys,-0.266915313889
p.Arg509Met,-0.291501566417
p.Arg509Phe,-0.339556518663
p.Arg509Pro,-0.562442951539
p.Arg509Ser,-0.138830990954
p.Arg509Ter,-0.0531191773979
p.Arg509Thr,-0.175576555202
p.Arg509Trp,-0.243551319265
p.Arg509Tyr,-0.444226016824
p.Arg509Val,-0.252311950885
p.Asn290Ala,-0.0983427682728
p.Asn290Arg,-0.21080163473
p.Asn290Asp,-0.307710626189
p.Asn290Cys,0.0484033997564
p.Asn290Gln,-0.133076835042
p.Asn290Glu,0.123833399272
p.Asn290Gly,-0.266984412061
p.Asn290His,-0.28322364086
p.Asn290Ile,-0.2693023952
p.Asn290Leu,0.149839365392
p.Asn290Lys,-0.513873385865
p.Asn290Met,0.0556692783896
p.Asn290Phe,-1.15464632288
p.Asn290Pro,0.113098312345
p.Asn290Ser,-0.463299051725
p.Asn290Ter,-0.0911964119532
p.Asn290Thr,-0.349862175544
p.Asn290Trp,-0.634583810312
p.Asn290Tyr,0.0862423297932
p.Asn290Val,-0.375401745658
p.Asn384Ala,-1.11182065234
p.Asn384Arg,0.751894345981
p.Asn384Asp,-0.547803164791
p.Asn384Cys,0.386388681399
p.Asn384Gln,0.113574888957
p.Asn384Glu,-0.280280979816
p.Asn384Gly,-0.728525885074
p.Asn384Ile,0.729757304032
p.Asn384Leu,0.401846371538
p.Asn384Met,0.161402759225
p.Asn384Phe,0.346979245849
p.Asn384Pro,0.460321188111
p.Asn384Ser,0.248823142112
p.Asn384Ter,0.288673536732
p.Asn384Tyr,0.63189643897
p.Asn384Val,-0.0582682601066
p.Asn394Ala,-0.216763034037
p.Asn394Arg,-0.634169586609
p.Asn394Asp,-0.436473577775
p.Asn394Cys,-0.233042220818
p.Asn394Gln,-0.110647303875
p.Asn394Gly,-0.246344812205
p.Asn394His,-0.469860627359
p.Asn394Ile,-0.15945811167
p.Asn394Leu,-0.208010008234
p.Asn394Met,-0.799042234079
p.Asn394Phe,-0.432787874729
p.Asn394Pro,-0.36533402993
p.Asn394Ser,-0.130083359201
p.Asn394Tyr,-0.205202347538
p.Asn394Val,-0.291525447067
p.Asn400Ile,1.74296546073
p.Asn417Ala,-0.234786595369
p.Asn417Arg,-0.0574313503543
p.Asn417Cys,-0.0545809208859
p.Asn417Gln,-0.0544340464104
p.Asn417Glu,0.136255008778
p.Asn417Gly,0.340816790089
p.Asn417His,0.145198242332
p.Asn417Ile,-0.43817590896
p.Asn417Leu,-0.0518088534205
p.Asn417Lys,-0.0874319482127
p.Asn417Met,-0.133791811971
p.Asn417Pro,-0.117932265596
p.Asn417Ser,0.0541608358159
p.Asn417Ter,-0.19909528242
p.Asn417Thr,-0.13702182362
p.Asn471Ala,-0.235149360552
p.Asn471Arg,-0.330084513728
p.Asn471Asp,-0.407329819855
p.Asn471Cys,-0.0854349708679
p.Asn471Gln,0.0693184213424
p.Asn471Glu,-0.326881377579
p.Asn471Gly,-0.300954999607
p.Asn471His,-0.318390102114
p.Asn471Ile,0.0456460808607
p.Asn471Leu,-0.289394467191
p.Asn471Lys,-0.349110254423
p.Asn471Met,-0.131796399359
p.Asn471Phe,-0.234821875009
p.Asn471Pro,-0.322492686345
p.Asn471Ser,-0.245480604799
p.Asn471Ter,-0.100277540363
p.Asn471Thr,-0.082622511653
p.Asn471Trp,-0.217402058671
p.Asn471Tyr,-0.376609986304
p.Asn471Val,-0.347119258467
p.Asp351Ala,0.22552999215
p.Asp351Arg,0.219492368959
p.Asp351Asn,-0.0288465189875
p.Asp351Cys,0.22283596244
p.Asp351Gln,0.136243211067
p.Asp351Glu,0.335009311338
p.Asp351Gly,0.0529293170803
p.Asp351His,0.129465483603
p.Asp351Ile,0.582185007497
p.Asp351Leu,0.175083544544
p.Asp351Lys,0.126038111548
p.Asp351Met,0.0371572021714
p.Asp351Phe,0.522395143919
p.Asp351Pro,-0.297545235089
p.Asp351Ser,0.0982817536378
p.Asp351Ter,-0.0601363991108
p.Asp351Thr,0.0952416159656
p.Asp351Tyr,-0.0764589764744
p.Asp351Val,0.217567872792
p.Asp368Ala,-0.0735095430346
p.Asp368Arg,-0.25928430161
p.Asp368Asn,0.275350917498
p.Asp368Gly,0.0939020746914
p.Asp368His,-0.452023254861
p.Asp368Ile,0.50736547594
p.Asp368Leu,0.562968198791
p.Asp368Phe,-0.190870347671
p.Asp368Pro,0.570515669338
p.Asp368Ser,0.36407750319
p.Asp368Ter,-0.22146472378
p.Asp368Thr,0.106027717581
p.Asp368Trp,-0.273428174684
p.Asp368Tyr,-0.0243753403382
p.Asp368Val,0.882056212804
p.Asp389Ala,-0.224415443756
p.Asp389Arg,-0.156926939007
p.Asp389Asn,-0.386180350303
p.Asp389Gly,-0.294990686554
p.Asp389His,-0.0289385204923
p.Asp389Ile,-1.05772059587
p.Asp389Leu,-0.370969925643
p.Asp389Met,-0.68101932693
p.Asp389Phe,-0.303791008903
p.Asp389Pro,-0.0901291151362
p.Asp389Ser,-0.16638902523
p.Asp389Ter,0.102310105874
p.Asp389Tyr,-0.0700589725543
p.Asp389Val,-0.517446195263
p.Asp407Asn,-0.0905577525303
p.Asp407Cys,-0.124841035192
p.Asp407Glu,-0.322216115538
p.Asp407Gly,-0.0425428574107
p.Asp407His,-0.695313633428
p.Asp407Ile,-0.836631208198
p.Asp407Leu,-0.270141652063
p.Asp407Lys,-0.199123856096
p.Asp407Phe,-0.233775118967
p.Asp407Ser,-0.0865069320051
p.Asp407Thr,-0.424252726097
p.Asp407Trp,-0.307236825846
p.Asp407Tyr,0.0319006368354
p.Asp407Val,-0.0966904944176
p.Asp416Ile,-0.203527525721
p.Asp416Thr,-0.22993054311
p.Asp416Val,-0.370370030408
p.Asp447Ala,-0.142147188333
p.Asp447Arg,-0.197111268682
p.Asp447Asn,-0.254071889853
p.Asp447Glu,1.29710046114
p.Asp447Gly,-0.27970991044
p.Asp447His,-0.215085069387
p.Asp447Ile,-0.300431383666
p.Asp447Leu,-0.101958516522
p.Asp447Lys,-0.438583380416
p.Asp447Met,-0.229736642201
p.Asp447Pro,-0.362307950476
p.Asp447Ser,-0.264988666073
p.Asp447Ter,-0.557025791575
p.Asp447Thr,-0.22139043459
p.Asp447Tyr,-0.250221643164
p.Asp447Val,-0.206765647404
p.Asp476Ser,-0.579748827928
p.Asp476Tyr,-0.203578462557
p.Asp476Val,0.937655141217
p.Asp496Arg,0.945859067339
p.Asp496Leu,0.153838275167
p.Asp496Tyr,0.262701888483
p.Asp496Val,0.372444093671
p.Cys280Ala,-0.110430412101
p.Cys280Arg,-0.15544726901
p.Cys280Asn,-0.281218754934
p.Cys280Asp,-0.176293989682
p.Cys280Gly,-0.359331747742
p.Cys280His,1.03245818586
p.Cys280Ile,-0.380750431384
p.Cys280Leu,-0.263700690511
p.Cys280Lys,-0.158849149436
p.Cys280Met,-1.12300076694
p.Cys280Phe,-0.012075288713
p.Cys280Pro,-0.119143556726
p.Cys280Ser,-0.192316488138
p.Cys280Ter,-0.25018947862
p.Cys280Thr,-0.329724374435
p.Cys280Tyr,0.275386293187
p.Cys280Val,-0.500476018075
p.Cys403Ala,0.376735429939
p.Cys403Arg,-0.179761414685
p.Cys403Gln,-0.257722157662
p.Cys403Glu,-0.43379465668
p.Cys403Gly,0.279772707653
p.Cys403Ile,-0.55670336148
p.Cys403Leu,0.0739471301654
p.Cys403Lys,-0.219614926573
p.Cys403Met,0.281370939385
p.Cys403Phe,-0.0356264476351
p.Cys403Ser,-0.0744499731346
p.Cys403Ter,-0.218133200315
p.Cys403Tyr,0.443162321821
p.Cys403Val,-0.288408375532
p.Cys486Ala,0.0875016866751
p.Cys486Arg,0.57492340044
p.Cys486Gln,-0.026573148635
p.Cys486Glu,0.389109300739
p.Cys486Gly,0.388385982167
p.Cys486Leu,0.551443124172
p.Cys486Lys,0.478880788053
p.Cys486Met,0.242121530338
p.Cys486Pro,0.674735195296
p.Cys486Ser,0.216474079818
p.Cys486Thr,0.000118204049267
p.Cys486Val,-0.0865297483174
p.Cys490Ala,-0.110439578076
p.Cys490Arg,0.0629731269807
p.Cys490Asp,-0.460856158253
p.Cys490Gly,0.102728182039
p.Cys490Ile,0.0301719541668
p.Cys490Leu,0.13820695079
p.Cys490Lys,-0.15751931039
p.Cys490Met,0.119181227561
p.Cys490Ser,0.171169328676
p.Cys490Thr,0.332161444248
p.Cys490Val,-0.201880961876
p.Cys499Ala,-0.118332785335
p.Cys499Arg,0.139145776711
p.Cys499Gln,0.0926836816098
p.Cys499Gly,-0.0360433138374
p.Cys499His,0.346782762882
p.Cys499Leu,-0.185621712777
p.Cys499Lys,1.31055823832
p.Cys499Met,-0.795844119436
p.Cys499Pro,-0.200734797371
p.Cys499Ser,0.0851915679772
p.Cys499Thr,0.028350765056
p.Cys499Trp,0.0487038926153
p.Cys499Tyr,1.11983629681
p.Cys499Val,0.0454430081555
p.Cys501Ala,-0.0626523248653
p.Cys501Arg,0.0257457355714
p.Cys501Asn,1.12280871258
p.Cys501Asp,0.376328450225
p.Cys501Glu,-0.0324309487861
p.Cys501Gly,0.1936121817
p.Cys501Ile,0.217794998259
p.Cys501Leu,0.651978474578
p.Cys501Met,-0.183980811696
p.Cys501Pro,-0.292573333347
p.Cys501Ser,0.514902436909
p.Cys501Thr,0.0600467165447
p.Cys501Trp,-0.302288452044
p.Cys501Val,0.446094948731
p.Gln278Ala,-0.314538828079
p.Gln278Arg,-0.159020368647
p.Gln278Asn,-0.366550401622
p.Gln278Asp,-0.163843315338
p.Gln278Cys,0.110048142829
p.Gln278Glu,-0.0422700654138
p.Gln278Gly,-0.242878406647
p.Gln278His,-0.164972303545
p.Gln278Ile,-0.268440400767
p.Gln278Leu,-0.313228237062
p.Gln278Lys,-0.300814635684
p.Gln278Met,-0.0299362372477
p.Gln278Phe,-0.0532739359159
p.Gln278Pro,-0.142293933034
p.Gln278Ser,-0.212006772726
p.Gln278Ter,-0.303582120803
p.Gln278Thr,-0.00870137838882
p.Gln278Tyr,-0.147916551765
p.Gln278Val,-0.100437905631
p.Gln312Arg,-0.0257628272745
p.Gln312Asn,0.251966207181
p.Gln312Asp,0.3280593414
p.Gln312Cys,0.00446236045251
p.Gln312Glu,-0.00153351869862
p.Gln312Gly,0.454558384771
p.Gln312His,0.0510798912546
p.Gln312Ile,0.0372002325289
p.Gln312Leu,0.0874963537175
p.Gln312Lys,-0.0501186322609
p.Gln312Met,0.476449932015
p.Gln312Phe,0.690767681741
p.Gln312Pro,-0.250186037181
p.Gln312Ser,-0.10004090265
p.Gln312Ter,-0.0385779343909
p.Gln312Thr,-0.105223080767
p.Gln312Trp,0.221003965547
p.Gln312Tyr,0.527358584766
p.Gln312Val,-0.0889297509209
p.Gln315Ala,0.288181695314
p.Gln315Arg,-0.173355188873
p.Gln315Asn,0.672856827286
p.Gln315Asp,0.716774881074
p.Gln315Cys,-0.0242724659391
p.Gln315Glu,0.202999015404
p.Gln315Gly,0.573463471163
p.Gln315His,0.236066201294
p.Gln315Ile,0.044010141866
p.Gln315Leu,-0.00691837085144
p.Gln315Lys,-0.0962782219337
p.Gln315Met,0.265393489087
p.Gln315Phe,0.10074099225
p.Gln315Pro,-0.377776372172
p.Gln315Ser,0.229799921986
p.Gln315Thr,-0.0915681012984
p.Gln315Tyr,0.275028557611
p.Gln315Val,-0.0640667581577
p.Gln327Ala,-0.299709747446
p.Gln327Arg,0.304608047572
p.Gln327Asn,-0.310068658584
p.Gln327Asp,-0.927024297826
p.Gln327Glu,-1.07764978876
p.Gln327Gly,-0.038779324574
p.Gln327His,0.172633967304
p.Gln327Ile,0.261707018905
p.Gln327Leu,0.560374713956
p.Gln327Lys,-0.0357618439845
p.Gln327Met,-0.203102439927
p.Gln327Phe,0.444563125898
p.Gln327Pro,0.303862026555
p.Gln327Ser,0.0324227285578
p.Gln327Ter,-0.392185173757
p.Gln327Thr,0.668519692147
p.Gln327Tyr,0.040548980219
p.Gln327Val,0.485829003338
p.Gln365Met,-1.90507897345
p.Gln365Ser,0.609687934176
p.Gln372Ala,0.57377923029
p.Gln372Gly,-2.08126342848
p.Gln372His,0.0817394923489
p.Gln372Ile,0.0590633936574
p.Gln372Leu,0.115822891499
p.Gln372Lys,1.84681959448
p.Gln372Met,0.312435638815
p.Gln372Phe,0.45210050672
p.Gln372Pro,0.0691616198582
p.Gln372Ser,-0.0804431842404
p.Gln372Tyr,0.275779525505
p.Gln372Val,0.449557344305
p.Gln423Ala,0.401216889364
p.Gln423Arg,0.108649173824
p.Gln423Asn,-0.190364204993
p.Gln423Asp,-0.118369831169
p.Gln423Cys,0.477188100258
p.Gln423Glu,-0.144498369718
p.Gln423Gly,-0.152172262725
p.Gln423His,0.00818585798583
p.Gln423Ile,0.568049800312
p.Gln423Leu,0.0406435235976
p.Gln423Lys,-0.124707950425
p.Gln423Met,0.0228716987698
p.Gln423Pro,0.418022436189
p.Gln423Ser,-0.204730413015
p.Gln423Ter,-0.19016451506
p.Gln423Thr,0.060633563453
p.Gln423Tyr,0.245623927345
p.Gln423Val,0.33223314649
p.Gln477Ala,0.108702014963
p.Gln477Arg,0.459252090619
p.Gln477Asn,0.245358562563
p.Gln477Asp,-1.06270132824
p.Gln477Glu,0.529647687394
p.Gln477Gly,0.150114054267
p.Gln477His,-0.0429528251511
p.Gln477Ile,0.0714071953725
p.Gln477Leu,0.185324225073
p.Gln477Lys,0.251793148633
p.Gln477Met,0.317424094542
p.Gln477Phe,1.09056484256
p.Gln477Pro,-0.2654158716
p.Gln477Ser,-0.155687179695
p.Gln477Ter,-0.288725036184
p.Gln477Thr,0.257749831723
p.Gln477Trp,-0.0667497409076
p.Gln477Tyr,0.137718599284
p.Gln477Val,0.167611150625
p.Gln500Ala,-0.192472654898
p.Gln500Arg,0.0559526799282
p.Gln500Asn,-0.151870287415
p.Gln500Asp,0.469803146572
p.Gln500Cys,0.134462480974
p.Gln500Glu,0.204741463843
p.Gln500Gly,0.293031116029
p.Gln500His,0.552152912266
p.Gln500Ile,0.495614135394
p.Gln500Leu,0.090832048989
p.Gln500Lys,-0.0449900332831
p.Gln500Met,0.314657445614
p.Gln500Phe,0.794055568954
p.Gln500Pro,0.0924429821948
p.Gln500Ser,-0.0264203398766
p.Gln500Ter,-0.183298149673
p.Gln500Thr,0.796769423339
p.Gln500Trp,0.82016977133
p.Gln500Tyr,0.294871795068
p.Gln500Val,0.295219997543
p.Gln516Ala,-0.0750147742831
p.Gln516Arg,-0.042143653847
p.Gln516Asp,0.1362142986
p.Gln516Cys,0.402618648179
p.Gln516Gly,0.190390456277
p.Gln516His,0.138388455209
p.Gln516Ile,0.806735208084
p.Gln516Leu,0.140388652375
p.Gln516Lys,0.618681955539
p.Gln516Met,-0.668557399529
p.Gln516Pro,0.949345424091
p.Gln516Ser,-0.0543591003991
p.Gln516Thr,-0.0126891542871
p.Gln516Val,0.0995582159076
p.Glu273Ala,-0.802368914516
p.Glu273Arg,-1.17820510829
p.Glu273Asn,-0.509418460798
p.Glu273Asp,-0.251870152612
p.Glu273Cys,-0.0713642129261
p.Glu273Gly,0.889549162225
p.Glu273Ile,2.01574989124
p.Glu273Leu,0.650343466091
p.Glu273Met,0.860902592099
p.Glu273Pro,-0.585377124334
p.Glu273Ser,0.29730630748
p.Glu273Thr,-1.33543115297
p.Glu283Ala,-0.488329117336
p.Glu283Asp,-0.209465539327
p.Glu283Gln,0.161391058165
p.Glu283Gly,-0.0565111156754
p.Glu283Leu,-0.242703105948
p.Glu283Lys,-0.924924976661
p.Glu283Met,0.368051363379
p.Glu283Pro,-0.183786437698
p.Glu283Thr,-0.472255046292
p.Glu283Val,-1.49310105795
p.Glu308Ala,0.142683897295
p.Glu308Arg,0.259825741786
p.Glu308Asp,-0.545986273297
p.Glu308Cys,-0.727549217508
p.Glu308Gly,0.279851860461
p.Glu308His,0.839546742435
p.Glu308Leu,0.104126970713
p.Glu308Lys,-0.0969843932411
p.Glu308Met,-0.0610142247836
p.Glu308Phe,0.518815949247
p.Glu308Pro,0.00714586710541
p.Glu308Ser,0.318507407421
p.Glu308Thr,0.134907124148
p.Glu308Val,0.343137361629
p.Glu313Ala,-0.31152822765
p.Glu313Arg,-0.195691977487
p.Glu313Asn,-0.209893390497
p.Glu313Asp,-0.567686288154
p.Glu313Gly,-0.33317974322
p.Glu313His,-0.121773720691
p.Glu313Ile,-0.453600484134
p.Glu313Leu,-0.268590859556
p.Glu313Lys,-0.426158681911
p.Glu313Met,-0.264904895317
p.Glu313Phe,-0.0258086288296
p.Glu313Pro,-0.520345379235
p.Glu313Ser,-0.271181117856
p.Glu313Thr,-0.283929164264
p.Glu313Tyr,-0.44590647181
p.Glu313Val,-0.513374048925
p.Glu323Ala,0.82478653793
p.Glu323Arg,1.19531009292
p.Glu323Asn,0.0925037137461
p.Glu323Asp,-0.358905871708
p.Glu323Cys,0.573031430463
p.Glu323Gly,-0.173130775401
p.Glu323His,1.16932661101
p.Glu323Ile,0.558140056435
p.Glu323Leu,0.674498837124
p.Glu323Lys,1.13175802591
p.Glu323Phe,0.681297232655
p.Glu323Pro,0.10204168439
p.Glu323Ser,0.163493569245
p.Glu323Ter,-0.283656139755
p.Glu323Thr,0.928998511199
p.Glu323Trp,0.74437636396
p.Glu323Tyr,0.772633023543
p.Glu323Val,0.473149700317
p.Glu334Ala,-0.319773753894
p.Glu334Arg,-0.146988370925
p.Glu334Asn,-0.417496729347
p.Glu334Cys,1.14693133814
p.Glu334Gln,-0.0741215647224
p.Glu334Gly,0.139068699094
p.Glu334His,-0.0494443719824
p.Glu334Ile,-0.0701188016644
p.Glu334Leu,-0.322905804491
p.Glu334Lys,-0.32120394634
p.Glu334Phe,0.940781783484
p.Glu334Pro,-0.597325814339
p.Glu334Ser,-0.0081969120398
p.Glu334Ter,-0.0990297024616
p.Glu334Thr,-0.0937583273825
p.Glu334Trp,-0.498175934
p.Glu334Tyr,-0.375103894623
p.Glu334Val,-0.119914758296
p.Glu335Ala,-0.306269585111
p.Glu335Arg,-0.261411669486
p.Glu335Asn,0.716432206589
p.Glu335Asp,-0.411356677865
p.Glu335Cys,-0.550188475207
p.Glu335Gly,-0.0609561873495
p.Glu335Ile,-0.6856592483
p.Glu335Leu,-0.496791590872
p.Glu335Lys,0.299057361403
p.Glu335Met,-3.29074294584
p.Glu335Pro,-0.337027655161
p.Glu335Ser,0.280704298276
p.Glu335Ter,-0.228576179103
p.Glu335Thr,0.303943183988
p.Glu335Val,-0.302647293944
p.Glu342Leu,0.0189041367596
p.Glu356Ala,0.265949852268
p.Glu356Arg,0.396097587212
p.Glu356Asp,-0.0281410643166
p.Glu356Cys,0.147391650161
p.Glu356Gln,-0.948437813573
p.Glu356Gly,0.2773632801
p.Glu356His,0.392442893413
p.Glu356Ile,0.795971038439
p.Glu356Leu,0.568712417908
p.Glu356Lys,0.336925326299
p.Glu356Met,0.38708344719
p.Glu356Phe,0.59625679839
p.Glu356Pro,-0.0879827813076
p.Glu356Ser,0.18159896942
p.Glu356Ter,-0.0941083494171
p.Glu356Thr,0.411985914578
p.Glu356Trp,0.431127337983
p.Glu356Tyr,0.574330167767
p.Glu356Val,0.27268650447
p.Glu381Arg,2.24261480068
p.Glu381Gly,-1.76441209126
p.Glu381Leu,2.43732741706
p.Glu381Met,1.23037771047
p.Glu381Pro,0.0759996507137
p.Glu381Ser,0.122941143307
p.Glu381Thr,0.232928540636
p.Glu381Tyr,1.7265822978
p.Glu381Val,1.60818649539
p.Glu399Cys,0.139958071966
p.Glu399His,1.56952039622
p.Glu399Ile,0.912367053526
p.Glu399Met,0.338181083736
p.Glu399Pro,0.615868087617
p.Glu399Ser,0.0781254993528
p.Glu399Thr,0.235027282978
p.Glu399Tyr,0.93885539976
p.Glu399Val,0.432288662308
p.Glu415Arg,0.320880590386
p.Glu415Asp,-0.384051761889
p.Glu415Cys,0.168366834905
p.Glu415Gln,-0.212587310777
p.Glu415Gly,0.362097074889
p.Glu415His,0.195666431063
p.Glu415Ile,0.762926018682
p.Glu415Leu,0.336905018272
p.Glu415Pro,0.172788608403
p.Glu415Ser,-0.153820368166
p.Glu415Tyr,-0.182739719378
p.Glu418Ala,0.365117240901
p.Glu418Arg,-0.477131133432
p.Glu418Asn,-0.668873755786
p.Glu418Asp,-0.212604708387
p.Glu418Gln,0.0510840270805
p.Glu418His,0.0443081467524
p.Glu418Ile,0.460039492189
p.Glu418Leu,0.170829736457
p.Glu418Lys,-0.033409326831
p.Glu418Met,0.140430108557
p.Glu418Phe,-0.186599684787
p.Glu418Pro,-0.157715178531
p.Glu418Ser,-0.134756443526
p.Glu418Ter,-0.183278208318
p.Glu418Tyr,0.786441596426
p.Glu418Val,0.615664231866
p.Glu435Gly,0.0101710347639
p.Glu435His,0.483865231517
p.Glu435Leu,-0.328768541159
p.Glu435Phe,-0.499754570162
p.Glu435Thr,0.270299934535
p.Glu435Tyr,-0.14999143189
p.Glu435Val,-0.278700121339
p.Glu457Arg,-0.38560043079
p.Glu457Cys,-0.168717169566
p.Glu457Gln,-0.177161928419
p.Glu457Gly,-0.351300915652
p.Glu457Leu,-0.102435565925
p.Glu457Met,-0.0191796077043
p.Glu457Phe,0.120034081065
p.Glu457Pro,-0.127690426151
p.Glu457Ser,-0.164076187182
p.Glu457Thr,-0.345373611338
p.Glu457Val,-0.296281657955
p.Glu473Gly,-0.490000532332
p.Glu473Leu,0.334239096519
p.Glu473Thr,0.757025097187
p.Glu479Ala,0.786306776196
p.Glu479Arg,0.10978796719
p.Glu479Asn,-0.0872415564992
p.Glu479Asp,-0.0796738349224
p.Glu479Cys,-0.142965745469
p.Glu479Gln,-0.0322593611674
p.Glu479Gly,-0.0506462757013
p.Glu479His,0.631314691345
p.Glu479Ile,0.222215454278
p.Glu479Leu,-0.0984827297352
p.Glu479Lys,-0.818428545341
p.Glu479Met,-0.0637496884139
p.Glu479Phe,-0.0318262386905
p.Glu479Pro,0.458094289204
p.Glu479Ser,-0.0273245604638
p.Glu479Ter,-0.134240330226
p.Glu479Thr,0.121833796409
p.Glu479Tyr,0.107635139404
p.Glu479Val,0.147245808528
p.Glu489Arg,0.246309799175
p.Glu489Asn,0.0963457215217
p.Glu489Asp,-0.0479947816411
p.Glu489Cys,0.204306348484
p.Glu489Gly,-0.317520652187
p.Glu489Ile,-0.0983599785988
p.Glu489Leu,0.358515823534
p.Glu489Met,0.134118751737
p.Glu489Pro,-0.0469785875025
p.Glu489Ser,0.240467155513
p.Glu489Thr,-0.0980379756493
p.Glu489Tyr,0.40804512476
p.Glu489Val,0.239918075376
p.Glu492Ala,0.0225334132446
p.Glu492Asn,-0.416003985385
p.Glu492Gly,-0.0622496625765
p.Glu492Lys,-0.482256737248
p.Glu492Met,0.770800939981
p.Glu492Phe,0.448631666007
p.Glu492Pro,-0.0532255425359
p.Glu492Ter,-0.124938357226
p.Glu492Thr,-0.139320225452
p.Glu492Tyr,0.801369226762
p.Glu492Val,0.360677347818
p.Glu505Ala,0.294047948602
p.Glu505Arg,0.00394005509225
p.Glu505Asn,-0.0989908647726
p.Glu505Asp,-0.147689426211
p.Glu505Cys,0.261671566701
p.Glu505Gln,0.373323512873
p.Glu505Gly,0.42924347092
p.Glu505His,0.429222529564
p.Glu505Ile,0.388074079183
p.Glu505Leu,0.473338522897
p.Glu505Lys,0.232894227209
p.Glu505Met,0.627583851093
p.Glu505Phe,0.7419780108
p.Glu505Pro,0.159714836278
p.Glu505Ser,0.22486920147
p.Glu505Ter,-0.264332898588
p.Glu505Thr,0.458582009808
p.Glu505Trp,-0.11171543595
p.Glu505Tyr,0.168581991921
p.Glu505Val,0.169862972372
p.Glu507Ala,0.498925643776
p.Glu507Arg,0.134170049376
p.Glu507Asn,-0.180968936458
p.Glu507Asp,0.184806130029
p.Glu507Cys,1.40102408624
p.Glu507Gln,0.283897319801
p.Glu507Gly,0.23027217807
p.Glu507His,0.494591598674
p.Glu507Leu,0.629189631109
p.Glu507Met,0.177951182154
p.Glu507Pro,0.593814936975
p.Glu507Ser,0.530598096566
p.Glu507Ter,-0.236567760477
p.Glu507Thr,-0.193570229738
p.Glu507Trp,0.203560585569
p.Glu507Val,-0.327804454674
p.Glu508Ala,0.0742490682498
p.Glu508Arg,0.36660406633
p.Glu508Asn,0.165207823992
p.Glu508Asp,-0.197652951064
p.Glu508Cys,0.944115827509
p.Glu508Gln,0.432739947279
p.Glu508Gly,0.456482501915
p.Glu508His,0.364002271669
p.Glu508Ile,0.428121810804
p.Glu508Leu,0.0752808032158
p.Glu508Lys,0.139747952777
p.Glu508Met,0.0673844750273
p.Glu508Phe,-0.0391730293437
p.Glu508Pro,0.77620564209
p.Glu508Ser,0.180324532271
p.Glu508Ter,-0.283484757769
p.Glu508Thr,0.317086590526
p.Glu508Trp,1.07338593165
p.Glu508Tyr,0.254830613476
p.Glu508Val,0.411432388534
p.Glu513Ala,-0.0844625169672
p.Glu513Arg,0.0932982015311
p.Glu513Asn,0.338264330866
p.Glu513Asp,0.112441729628
p.Glu513Cys,0.143709167219
p.Glu513Gln,-0.153797892994
p.Glu513Gly,0.369434905719
p.Glu513His,0.18667288139
p.Glu513Ile,1.45891502604
p.Glu513Leu,-0.0114067932002
p.Glu513Lys,0.174255424293
p.Glu513Met,1.07842374946
p.Glu513Phe,0.00543313455942
p.Glu513Pro,0.855237765368
p.Glu513Ser,0.14023230071
p.Glu513Thr,0.578780067329
p.Glu513Trp,0.176242885243
p.Glu513Val,0.53545595642
p.Gly277Ala,-0.792425446131
p.Gly277Arg,-0.28382507957
p.Gly277Asn,-0.0732996065365
p.Gly277Asp,-0.508136696884
p.Gly277Gln,-0.50296610516
p.Gly277Ile,-0.0234454268749
p.Gly277Leu,-0.468570322493
p.Gly277Lys,-0.152128847283
p.Gly277Met,-0.236667071188
p.Gly277Pro,-1.5083702734
p.Gly277Ser,-0.312790080019
p.Gly277Ter,-0.323555315384
p.Gly277Val,-0.362341636182
p.Gly279Ala,-0.378009537239
p.Gly279Arg,0.0118530210205
p.Gly279Asp,-0.193644712867
p.Gly279His,-0.0246712582948
p.Gly279Ile,-0.265848614887
p.Gly279Leu,-0.388214902581
p.Gly279Lys,-0.452056527839
p.Gly279Met,-0.0677463702096
p.Gly279Phe,-0.153655990252
p.Gly279Pro,-0.124377785042
p.Gly279Ser,-0.327013818183
p.Gly279Thr,-0.282406986138
p.Gly279Trp,-0.171532389077
p.Gly279Tyr,-0.248285625696
p.Gly279Val,-0.235996349664
p.Gly282Ala,-0.392131940696
p.Gly282Arg,-0.0355487875023
p.Gly282Asn,-0.146602480346
p.Gly282Asp,-0.145903504879
p.Gly282Ile,-0.375981887413
p.Gly282Leu,-0.16906237937
p.Gly282Lys,-0.312341995834
p.Gly282Phe,-0.180502979109
p.Gly282Pro,0.074039782263
p.Gly282Ser,-0.0890637891094
p.Gly282Tyr,0.129566243563
p.Gly282Val,-0.396307099896
p.Gly287Ala,0.730511077307
p.Gly287Arg,-0.228433087627
p.Gly287Asn,-0.276807902726
p.Gly287Asp,-0.00637461858557
p.Gly287Cys,0.467819608379
p.Gly287Gln,0.127041374858
p.Gly287Glu,-0.324011270763
p.Gly287His,-0.129956907176
p.Gly287Ile,-0.247532450556
p.Gly287Leu,-0.273846198958
p.Gly287Lys,-0.254877996882
p.Gly287Met,0.646213009113
p.Gly287Phe,0.5615692077
p.Gly287Pro,-0.224104113955
p.Gly287Ser,0.995917215579
p.Gly287Ter,-0.19296109817
p.Gly287Thr,0.424511868094
p.Gly287Tyr,1.45131472081
p.Gly287Val,-0.0924136438371
p.Gly291Ala,-0.558703625916
p.Gly291Arg,-0.623806254185
p.Gly291Asn,-0.758514776273
p.Gly291Asp,0.0157077313793
p.Gly291Cys,0.195928621391
p.Gly291Gln,-0.520153071677
p.Gly291Glu,-0.431531565444
p.Gly291His,-0.110807499082
p.Gly291Ile,-1.16159984559
p.Gly291Leu,-0.693143998494
p.Gly291Lys,0.253895593418
p.Gly291Met,-0.317796509259
p.Gly291Phe,-0.378992475277
p.Gly291Pro,-0.48225716482
p.Gly291Ser,-0.458702008041
p.Gly291Trp,-1.00631370012
p.Gly291Tyr,-0.155723855772
p.Gly291Val,-0.201913742682
p.Gly303Leu,0.483716349883
p.Gly347Ala,-0.00161930279913
p.Gly347Arg,0.281069504088
p.Gly347Asn,-0.168634107811
p.Gly347Asp,0.0982699879978
p.Gly347Cys,-0.00830953399569
p.Gly347Gln,-0.107589800814
p.Gly347Glu,-0.0944847255382
p.Gly347Ile,-0.0505940726002
p.Gly347Leu,-0.034907319177
p.Gly347Lys,0.271144162678
p.Gly347Met,-0.201921346063
p.Gly347Phe,-0.510532303218
p.Gly347Pro,-0.251091663496
p.Gly347Ser,0.243643487074
p.Gly347Ter,-0.174511327175
p.Gly347Thr,-0.28597163972
p.Gly347Trp,-0.332704291915
p.Gly347Tyr,-0.323475340086
p.Gly347Val,-0.249993709058
p.Gly355Ala,-0.013312534753
p.Gly355Arg,0.616966744906
p.Gly355Asn,-0.0898803999601
p.Gly355Asp,-0.118495745219
p.Gly355Cys,-0.101920293594
p.Gly355Gln,-0.0833742439429
p.Gly355Glu,0.538307612046
p.Gly355His,0.390785983912
p.Gly355Ile,0.287078621581
p.Gly355Leu,0.275704834487
p.Gly355Lys,0.553738979676
p.Gly355Met,-0.423973815125
p.Gly355Phe,0.125734561116
p.Gly355Pro,0.50370929589
p.Gly355Ser,-0.0293492243832
p.Gly355Ter,-0.242547407594
p.Gly355Thr,0.151181812788
p.Gly355Trp,0.254646597795
p.Gly355Tyr,-0.388690517196
p.Gly355Val,0.125656877348
p.Gly358Trp,0.540476290238
p.Gly358Val,-0.161740356386
p.Gly376Arg,-0.309208655505
p.Gly376Asp,-0.5785290633
p.Gly376Gln,-0.20662729857
p.Gly376Glu,-0.329894128194
p.Gly376Leu,-0.23045826157
p.Gly376Lys,-0.253817683085
p.Gly376Phe,-0.438142839908
p.Gly376Pro,-0.288885291538
p.Gly376Ser,-0.046348392959
p.Gly376Ter,-0.180030342544
p.Gly376Thr,-0.285671410407
p.Gly376Trp,-0.30344525467
p.Gly376Val,-0.379048835101
p.Gly398Ala,-0.0188321064728
p.Gly398Arg,1.19299756064
p.Gly398Asn,1.41067503487
p.Gly398Asp,0.248998446501
p.Gly398Glu,0.209350376072
p.Gly398His,0.680171831719
p.Gly398Ile,-0.0741204521744
p.Gly398Leu,0.5428754234
p.Gly398Met,0.588398647399
p.Gly398Phe,0.0236807729087
p.Gly398Pro,0.324469090741
p.Gly398Ser,0.199697794566
p.Gly398Ter,-0.164672517101
p.Gly398Thr,0.0696353844004
p.Gly398Trp,-0.743871396041
p.Gly398Tyr,0.183306067564
p.Gly398Val,0.103202354783
p.Gly409Ala,-0.328988353571
p.Gly409Arg,-0.195617413028
p.Gly409Asn,-0.347224188947
p.Gly409Asp,-0.170187406356
p.Gly409Gln,-0.229572523274
p.Gly409Glu,-0.328032565078
p.Gly409His,-0.358497485115
p.Gly409Ile,-0.376888830962
p.Gly409Leu,-0.35409560079
p.Gly409Lys,-0.68773853137
p.Gly409Met,-0.40264998593
p.Gly409Phe,-0.481581945217
p.Gly409Pro,-0.47939903725
p.Gly409Ser,-0.179319027468
p.Gly409Ter,-0.331111746605
p.Gly409Thr,-0.0664737613015
p.Gly409Trp,-0.472933318503
p.Gly409Val,0.0223536592254
p.Gly424Ala,-0.193775516012
p.Gly424Arg,-0.0683543174117
p.Gly424Asn,-0.126218732813
p.Gly424Asp,-0.00449498451472
p.Gly424Gln,-0.623232561534
p.Gly424Glu,-0.20947997845
p.Gly424Ile,-0.267453890614
p.Gly424Leu,-0.00568204191621
p.Gly424Lys,-0.296788365953
p.Gly424Met,-0.348516232929
p.Gly424Pro,-0.107058633945
p.Gly424Ser,-0.456964989117
p.Gly424Thr,-0.299639643614
p.Gly424Tyr,0.199838380029
p.Gly424Val,-0.280531808204
p.Gly440Ala,-0.0619126098381
p.Gly440Arg,0.195985978174
p.Gly440Asn,-0.120238030448
p.Gly440Asp,-0.13826602763
p.Gly440Cys,-0.0644274058181
p.Gly440Gln,0.133091112445
p.Gly440Glu,-0.679850358925
p.Gly440His,0.438307415241
p.Gly440Ile,0.0462713752462
p.Gly440Leu,1.2409914811
p.Gly440Lys,-0.146603362466
p.Gly440Met,0.588546669201
p.Gly440Phe,0.743692005081
p.Gly440Pro,-0.306307633903
p.Gly440Ser,-0.152729421841
p.Gly440Ter,-0.175618893807
p.Gly440Thr,-0.337875149192
p.Gly440Trp,0.667518001722
p.Gly440Tyr,0.920652603954
p.Gly440Val,0.0763925782004
p.Gly452Asn,-0.347565498379
p.Gly452Ile,0.0148770319177
p.Gly452Lys,-0.175303738018
p.Gly462Ser,0.646567166938
p.Gly468Ala,0.421523730102
p.Gly468Asp,-0.0343888188768
p.Gly468Cys,0.394258331
p.Gly468Thr,0.0550764283647
p.Gly468Tyr,0.80252873611
p.Gly468Val,0.139050344675
p.Gly481Ala,0.15884836286
p.Gly481Arg,0.132295376781
p.Gly481Asn,-0.872118744667
p.Gly481Asp,0.127930214903
p.Gly481Cys,-0.0581749575429
p.Gly481Gln,-0.106751605608
p.Gly481Glu,0.0971340035152
p.Gly481His,-0.00654561427519
p.Gly481Ile,-0.204139329107
p.Gly481Leu,0.0766292470031
p.Gly481Lys,-0.113357256835
p.Gly481Met,-0.0528160697615
p.Gly481Phe,-0.0362477824985
p.Gly481Pro,-0.198767493834
p.Gly481Ser,0.198489563865
p.Gly481Ter,-0.271329500132
p.Gly481Thr,-0.132767644484
p.Gly481Trp,-0.175836355412
p.Gly481Tyr,0.136125158175
p.Gly481Val,-0.191533156958
p.His322Ile,-0.148612203765
p.His387Ala,-0.255238691979
p.His387Arg,-0.246670460465
p.His387Cys,-0.219343146279
p.His387Gln,-0.158946608586
p.His387Gly,-0.637486198539
p.His387Leu,-0.151995012795
p.His387Met,-0.493161684178
p.His387Phe,-0.201790091863
p.His387Thr,-0.342157278362
p.His387Tyr,-0.138334385872
p.His387Val,-0.299023198759
p.His495Ala,0.185024298674
p.His495Arg,0.184396109191
p.His495Asn,0.578632826235
p.His495Asp,0.389397619687
p.His495Cys,0.0513239939385
p.His495Gln,0.159368695414
p.His495Glu,0.370071753356
p.His495Gly,0.115820013596
p.His495Ile,0.0641909804504
p.His495Leu,-0.0210918424111
p.His495Lys,0.598610534976
p.His495Met,0.329564033861
p.His495Pro,-0.212178931621
p.His495Ser,0.432853174507
p.His495Ter,0.107211435358
p.His495Thr,0.478036874131
p.His495Trp,-1.2844680568
p.His495Tyr,-0.609108042481
p.His495Val,0.360392063024
p.Ile297Arg,-0.0504054741314
p.Ile297Asn,-0.393637136146
p.Ile297Asp,-0.404878396974
p.Ile297Cys,-1.54070833561
p.Ile297Gly,0.78262850386
p.Ile297His,-0.407510295724
p.Ile297Leu,0.0100679858061
p.Ile297Phe,0.211114361887
p.Ile297Pro,-0.252803623437
p.Ile297Ser,0.8722561771
p.Ile297Ter,-0.0589615783752
p.Ile297Thr,0.105696877422
p.Ile297Tyr,0.589438143861
p.Ile297Val,-0.502160704795
p.Ile337Asn,0.362820994082
p.Ile337Gln,-1.14549296196
p.Ile337Gly,-0.717061609139
p.Ile337Lys,-0.425396554215
p.Ile337Met,0.208022802296
p.Ile337Pro,0.274667025701
p.Ile337Ser,-0.782287279399
p.Ile337Val,-0.3391523303
p.Ile339Ala,-0.434566752292
p.Ile339Arg,-0.264088776684
p.Ile339Asn,-0.2987717868
p.Ile339Asp,-0.329395239722
p.Ile339Cys,-0.194109962556
p.Ile339Gln,-0.556747668022
p.Ile339Glu,-0.327986211156
p.Ile339Gly,-0.117265176713
p.Ile339His,-0.0745320356134
p.Ile339Leu,0.0208099258109
p.Ile339Lys,-0.334140121924
p.Ile339Met,-0.245483637746
p.Ile339Phe,-0.254403299806
p.Ile339Pro,-0.416564483099
p.Ile339Ser,-0.253595226306
p.Ile339Ter,-0.247791040293
p.Ile339Thr,-0.367115562045
p.Ile339Trp,-0.380232511152
p.Ile339Tyr,-0.190344867045
p.Ile339Val,-0.0952287326513
p.Ile373Ala,-0.384496210034
p.Ile373Arg,-0.388206600576
p.Ile373Asp,-0.328325701734
p.Ile373Cys,0.323541205889
p.Ile373Glu,0.0174134830237
p.Ile373Gly,0.290989378137
p.Ile373Leu,-0.24547404352
p.Ile373Lys,-0.459785191713
p.Ile373Pro,-0.187295151203
p.Ile373Ser,0.766784226627
p.Ile373Val,-0.180444561214
p.Ile395Arg,-0.149393507087
p.Ile395Asp,-0.158003531511
p.Ile395Cys,0.892566522174
p.Ile395Leu,-0.253712318287
p.Ile395Met,0.24838908727
p.Ile395Phe,-0.297035367886
p.Ile395Ser,0.020940442222
p.Ile395Ter,-0.200593026924
p.Ile395Trp,-0.0620157380236
p.Ile395Tyr,-0.276710782767
p.Ile395Val,0.0619962250897
p.Ile414Arg,0.0152618144079
p.Ile414Ser,-0.504749522463
p.Ile414Val,-0.857998897396
p.Ile429Ala,-0.501369545895
p.Ile429Asn,0.185828422214
p.Ile429Asp,0.104313330948
p.Ile429Gly,-0.305264832988
p.Ile429His,0.0580976406205
p.Ile429Leu,-0.132568635292
p.Ile429Lys,-0.26471105681
p.Ile429Phe,0.281271297825
p.Ile429Pro,-0.363449691159
p.Ile429Ser,-0.415935070317
p.Ile429Thr,-0.354324227672
p.Ile429Tyr,-0.182188036656
p.Ile429Val,0.470334731229
p.Ile444Ala,0.430922166109
p.Ile444Arg,1.24525325367
p.Ile444Asn,0.732782884473
p.Ile444Asp,0.696518076866
p.Ile444Cys,2.01979137787
p.Ile444Gln,1.60957722778
p.Ile444Glu,0.89098508509
p.Ile444Gly,0.865453788587
p.Ile444His,0.865625559169
p.Ile444Leu,1.46874947059
p.Ile444Lys,0.965482809342
p.Ile444Met,0.486051248736
p.Ile444Phe,-0.526769955687
p.Ile444Pro,1.1114634876
p.Ile444Ser,0.730672683292
p.Ile444Ter,-0.103551707564
p.Ile444Thr,1.4399201943
p.Ile444Tyr,0.25015585397
p.Ile444Val,0.467307450425
p.Ile453Ala,0.435032799922
p.Ile453Arg,-0.300033720558
p.Ile453Cys,-0.708988096722
p.Ile453Gln,-0.210247996314
p.Ile453His,-0.270358680822
p.Ile453Leu,0.135397687042
p.Ile453Lys,-0.319066825935
p.Ile453Met,-0.306045995333
p.Ile453Phe,-0.327948204102
p.Ile453Pro,-0.30130769885
p.Ile453Ser,-0.119939790789
p.Ile453Thr,-0.155137402599
p.Ile453Trp,-0.578376452088
p.Ile453Tyr,-0.654073858
p.Ile453Val,0.294265199556
p.Leu270Glu,-0.391323347328
p.Leu270Gly,-0.146948625918
p.Leu270Phe,-0.303283572162
p.Leu270Thr,-1.23774746666
p.Leu270Val,-0.189740241002
p.Leu276Arg,-1.79761253221
p.Leu276Asp,0.92835367096
p.Leu276Glu,-0.309283536559
p.Leu276Gly,-0.756595636528
p.Leu276Phe,-0.450243388326
p.Leu276Ter,-0.199764299669
p.Leu276Thr,0.0464484850785
p.Leu276Tyr,-0.480139257921
p.Leu300Ala,-0.507887217964
p.Leu300Arg,-1.98445424475
p.Leu300Asn,-1.55384523155
p.Leu300Asp,0.324566165868
p.Leu300Cys,-0.429163571875
p.Leu300Gln,-0.334600825173
p.Leu300Glu,0.00108801673045
p.Leu300Gly,-0.277849731917
p.Leu300His,-0.179741717264
p.Leu300Ile,-0.241886256074
p.Leu300Lys,-0.797120953811
p.Leu300Met,0.133873041197
p.Leu300Phe,-0.227513336653
p.Leu300Pro,0.143362683568
p.Leu300Ser,-0.281373673837
p.Leu300Ter,-0.166235605551
p.Leu300Thr,-0.181819514571
p.Leu300Trp,-0.233397324565
p.Leu300Tyr,-0.219667535578
p.Leu300Val,-0.0404642551604
p.Leu311Ala,-0.0834838456417
p.Leu311Arg,-0.375861967465
p.Leu311Asn,-0.253915176068
p.Leu311Asp,0.0262074545804
p.Leu311Glu,-0.101664308537
p.Leu311Gly,-0.215809305063
p.Leu311Ile,-0.086588442561
p.Leu311Lys,-0.139409737027
p.Leu311Met,-0.342339228963
p.Leu311Phe,-0.138102635281
p.Leu311Pro,-0.459427862744
p.Leu311Ser,-0.155754555506
p.Leu311Thr,-0.0813021851211
p.Leu311Trp,0.201386258012
p.Leu311Tyr,-0.199479905747
p.Leu320Ala,-0.248332480256
p.Leu320Arg,-0.270795064817
p.Leu320Asn,-0.402261864648
p.Leu320Asp,-0.313190547389
p.Leu320Cys,-0.141168962842
p.Leu320Gln,-0.491518601772
p.Leu320Glu,-0.179104465039
p.Leu320Gly,-0.280706934439
p.Leu320His,-0.432782151616
p.Leu320Ile,-0.213472566256
p.Leu320Lys,-0.0403027937445
p.Leu320Met,-0.160619279523
p.Leu320Phe,-0.239871513619
p.Leu320Pro,-0.32743016078
p.Leu320Ser,-0.293174773955
p.Leu320Ter,-0.00101101345047
p.Leu320Thr,-0.189928007016
p.Leu320Trp,-0.117672967489
p.Leu320Tyr,-0.263187383744
p.Leu320Val,-0.0961763815027
p.Leu325Ala,0.969463684594
p.Leu325Arg,-0.176800066197
p.Leu325Asn,0.504082786771
p.Leu325Asp,-0.177592485638
p.Leu325Cys,1.00297820098
p.Leu325Gln,-0.361540507693
p.Leu325Glu,-0.340353835307
p.Leu325Gly,-0.138642517389
p.Leu325His,0.196163837152
p.Leu325Ile,-0.506428221734
p.Leu325Lys,0.341401342466
p.Leu325Met,0.318298889962
p.Leu325Phe,0.124802034289
p.Leu325Pro,-0.0254163921076
p.Leu325Ser,0.842944143717
p.Leu325Ter,-0.0801324712434
p.Leu325Thr,1.06632116967
p.Leu325Tyr,-0.28549792019
p.Leu325Val,-0.0734233631338
p.Leu328Asn,-0.172861532694
p.Leu328His,-0.275492830285
p.Leu328Ile,-0.549367315386
p.Leu328Met,-0.371364258325
p.Leu328Phe,0.0674778581152
p.Leu328Pro,-0.274309540768
p.Leu328Tyr,0.207475885205
p.Leu328Val,-0.184198062598
p.Leu349Ala,0.962218016227
p.Leu349Arg,-0.243780593153
p.Leu349Asn,-0.0202466428925
p.Leu349Asp,-0.170849886607
p.Leu349Cys,0.366953550657
p.Leu349Gly,1.11585489847
p.Leu349His,-0.256066404191
p.Leu349Ile,0.849777219257
p.Leu349Lys,-0.368754216519
p.Leu349Met,0.26750022938
p.Leu349Phe,0.226143884391
p.Leu349Pro,-0.0713558778651
p.Leu349Ser,0.536428295896
p.Leu349Ter,-0.184110030925
p.Leu349Thr,0.468259791212
p.Leu349Trp,0.0839004027791
p.Leu349Tyr,0.575911748242
p.Leu349Val,0.376006760338
p.Leu350Ala,0.606252754741
p.Leu350Arg,0.32230797956
p.Leu350Asn,0.479123835679
p.Leu350Asp,0.599522344009
p.Leu350Gln,-0.0511602326352
p.Leu350Gly,0.0987720951275
p.Leu350Ile,-0.0758943887047
p.Leu350Met,0.237169653172
p.Leu350Phe,0.174627081436
p.Leu350Pro,-0.0758469933869
p.Leu350Ser,0.586087970501
p.Leu350Thr,0.273424626632
p.Leu350Tyr,-0.0836411052213
p.Leu350Val,1.02308549265
p.Leu353Ala,0.435979387512
p.Leu353Arg,-0.0932929596335
p.Leu353Asn,-0.248366071411
p.Leu353Asp,-0.457687062207
p.Leu353Cys,0.632166895955
p.Leu353Gln,0.402313599786
p.Leu353Glu,-0.0863636718244
p.Leu353Gly,-0.175334425576
p.Leu353His,-0.245241835821
p.Leu353Ile,-0.129642738277
p.Leu353Lys,-0.226487453252
p.Leu353Phe,0.130220769016
p.Leu353Pro,-0.365051545165
p.Leu353Ser,0.717373220236
p.Leu353Ter,-0.213618463326
p.Leu353Thr,0.0499790604122
p.Leu353Trp,0.2303220619
p.Leu353Tyr,0.186937891168
p.Leu353Val,0.397482649626
p.Leu361Ala,0.00130259702569
p.Leu361Arg,0.454162621137
p.Leu361Glu,0.544165139323
p.Leu361Gly,0.603788112662
p.Leu361His,0.323845103547
p.Leu361Ile,0.574996798881
p.Leu361Met,0.556701450498
p.Leu361Phe,0.415563868866
p.Leu361Pro,0.0460256272672
p.Leu361Ser,0.7315236889
p.Leu361Thr,0.34463210542
p.Leu361Tyr,0.280276205397
p.Leu363Ala,0.251826621619
p.Leu363Arg,0.312450518889
p.Leu363Asn,0.0947864215302
p.Leu363Asp,0.0175843571113
p.Leu363Cys,0.290518470294
p.Leu363Gln,0.0904053327989
p.Leu363Glu,0.0734677934827
p.Leu363Gly,0.00610535549189
p.Leu363His,-0.965178607608
p.Leu363Ile,0.0423358450196
p.Leu363Lys,-0.0582200445251
p.Leu363Met,-0.16455225606
p.Leu363Phe,0.108264232992
p.Leu363Pro,0.0189315439384
p.Leu363Ser,0.032347017056
p.Leu363Thr,-0.0217304313423
p.Leu363Tyr,-0.0507673531251
p.Leu363Val,-0.0836948677035
p.Leu366Glu,0.308148811905
p.Leu366Met,0.315784402701
p.Leu366Ser,-0.522260321658
p.Leu366Thr,0.462389611336
p.Leu366Val,0.294765432974
p.Leu390Lys,-0.349959634818
p.Leu390Ser,-0.0981662333728
p.Leu396Ala,-0.421559292323
p.Leu396Asp,-0.24759435859
p.Leu396Gln,-0.186665871214
p.Leu396Glu,-0.32841113897
p.Leu396Ile,0.30282334026
p.Leu396Lys,0.00405409475972
p.Leu396Pro,-0.219425561103
p.Leu396Ser,-0.3256482378
p.Leu396Thr,-0.0629942253253
p.Leu396Val,-0.181932229422
p.Leu401Arg,0.863975174708
p.Leu401Cys,-0.875259125357
p.Leu401Gln,0.165781532352
p.Leu401Glu,0.796132501837
p.Leu401Gly,-0.395772506605
p.Leu401Ile,0.595844091975
p.Leu401Ser,-0.188324794587
p.Leu401Val,0.251642117127
p.Leu410Ala,-0.3925737348
p.Leu410Arg,-0.162777722431
p.Leu410Gln,-0.179705537855
p.Leu410Glu,-0.17945189394
p.Leu410Gly,-0.639188111979
p.Leu410Ile,-0.263856153108
p.Leu410Lys,0.0374148497868
p.Leu410Met,-0.121234557243
p.Leu410Pro,-0.263107830524
p.Leu410Ser,-0.235528471525
p.Leu410Ter,-0.0495944793021
p.Leu410Tyr,-0.238818132152
p.Leu410Val,-0.334170433142
p.Leu413Arg,-0.86545936551
p.Leu413Asn,-0.774083633703
p.Leu413Asp,-0.615143023667
p.Leu413Cys,-0.122412896879
p.Leu413Gln,-0.744991958266
p.Leu413Gly,0.540672724224
p.Leu413His,0.142623237717
p.Leu413Ile,-0.274248477109
p.Leu413Lys,-0.76526868919
p.Leu413Met,-0.475903110535
p.Leu413Phe,-0.739897805864
p.Leu413Pro,-0.499960288092
p.Leu413Ser,0.0329885323032
p.Leu413Thr,-0.190181597659
p.Leu413Tyr,-0.749203915737
p.Leu413Val,-0.0360264288905
p.Leu438Ala,0.121986305021
p.Leu438Arg,-0.218817393963
p.Leu438Asn,-0.054271069374
p.Leu438Gln,0.00912228528871
p.Leu438Gly,0.00184422245643
p.Leu438Lys,-0.711637138842
p.Leu438Met,-0.0936636040573
p.Leu438Ser,0.331940014186
p.Leu438Trp,0.412590512995
p.Leu438Val,0.107472571637
p.Leu454Ala,0.204124733477
p.Leu454Arg,-0.249032530887
p.Leu454Asn,0.13427080797
p.Leu454Asp,-0.028950697627
p.Leu454Cys,0.0524088728673
p.Leu454Gln,0.11883645272
p.Leu454Glu,-0.217804376889
p.Leu454Gly,-0.0966534695799
p.Leu454His,0.300761035716
p.Leu454Ile,-0.11872903686
p.Leu454Lys,-0.312409323766
p.Leu454Met,0.169801449686
p.Leu454Phe,0.649822322502
p.Leu454Pro,-0.222243542041
p.Leu454Ser,-0.193420362249
p.Leu454Ter,-0.0285837040255
p.Leu454Thr,-0.156378922881
p.Leu454Trp,1.45229409534
p.Leu454Tyr,0.329823887582
p.Leu454Val,-0.0121272877105
p.Leu455Ala,0.0216742062124
p.Leu455Arg,-0.224675539173
p.Leu455Asn,-0.170198012784
p.Leu455Asp,-0.324606536802
p.Leu455Cys,-0.213433240183
p.Leu455Gln,-0.20052155159
p.Leu455Glu,-0.0324618891992
p.Leu455Gly,0.0201585389379
p.Leu455His,-0.110688830828
p.Leu455Ile,0.00993241659939
p.Leu455Lys,-0.210573996486
p.Leu455Met,-0.150536873305
p.Leu455Phe,0.0326078385286
p.Leu455Pro,-0.267676858271
p.Leu455Ser,0.0996238533483
p.Leu455Ter,0.0445177485558
p.Leu455Thr,0.165810741819
p.Leu455Trp,-0.0185253986531
p.Leu455Tyr,0.385152588188
p.Leu455Val,-0.520134578417
p.Leu458Ala,0.436140385599
p.Leu458Asn,-0.247237581153
p.Leu458Glu,0.380976163404
p.Leu458Ile,0.418377716008
p.Leu458Phe,-0.161185935025
p.Leu458Pro,-0.262514715791
p.Leu458Ser,0.370186749308
p.Leu458Ter,-0.0839668080089
p.Leu458Thr,0.00964983969817
p.Leu458Val,0.0665242616357
p.Leu475Arg,-0.276689100008
p.Leu475Asp,-0.170234439735
p.Leu475Ile,0.131202362397
p.Leu475Trp,0.0841142061156
p.Leu494Ala,0.000338384246138
p.Leu494Arg,-0.349660409529
p.Leu494Cys,-0.37968457087
p.Leu494Gln,0.346627922522
p.Leu494Gly,0.23584345734
p.Leu494His,-0.277379362265
p.Leu494Ile,-0.0472376517458
p.Leu494Lys,0.127059517087
p.Leu494Met,1.01059531863
p.Leu494Phe,0.165473515919
p.Leu494Pro,-0.171052500654
p.Leu494Ser,0.192532942816
p.Leu494Trp,0.416421984449
p.Leu494Tyr,-0.198968705711
p.Leu494Val,0.0195350700693
p.Leu497Ala,0.00975799371686
p.Leu497Phe,0.960692660652
p.Leu497Pro,-0.198737276265
p.Leu515Ala,0.274425701644
p.Leu515Arg,-0.237755262202
p.Leu515Asn,0.335366066199
p.Leu515Asp,-0.0812400061285
p.Leu515Cys,0.181252255169
p.Leu515Gln,0.112798961009
p.Leu515Glu,-0.143136657738
p.Leu515Gly,0.157166366197
p.Leu515His,0.221980898709
p.Leu515Ile,-0.145368510775
p.Leu515Lys,-0.00932053898942
p.Leu515Met,0.0238816052928
p.Leu515Phe,0.35783947322
p.Leu515Pro,-0.202277197619
p.Leu515Ser,0.0390572579489
p.Leu515Ter,-0.294384840189
p.Leu515Thr,-0.445251577064
p.Leu515Trp,-0.0824029594843
p.Leu515Tyr,0.374317411866
p.Leu515Val,-0.0371510517632
p.Leu519Ala,0.53331388414
p.Leu519Arg,0.367924599289
p.Leu519Gln,0.165774750503
p.Leu519Glu,-0.0156109433578
p.Leu519Gly,0.356629864706
p.Leu519Met,0.549042433464
p.Leu519Phe,0.143319437837
p.Leu519Pro,-0.0904421457895
p.Leu519Ser,0.4173328932
p.Leu519Thr,-1.0173515363
p.Leu519Trp,0.391969315357
p.Leu519Tyr,-0.0394950932112
p.Leu519Val,0.0449321771067
p.Lys275Ala,0.48593513352
p.Lys275Asn,0.230785744671
p.Lys275Asp,0.625630412392
p.Lys275Cys,-0.202717989946
p.Lys275Gln,-0.0959730122137
p.Lys275Gly,-1.0347566926
p.Lys275His,-0.486409635084
p.Lys275Ile,0.615052353447
p.Lys275Leu,0.688175256789
p.Lys275Met,0.197066878589
p.Lys275Ser,-0.0715056875973
p.Lys275Tyr,-0.252085500293
p.Lys275Val,-0.182656419423
p.Lys298Ala,-0.155396406075
p.Lys298Arg,-0.182443608877
p.Lys298Gln,-0.305210103769
p.Lys298Glu,-0.56903038824
p.Lys298Gly,-0.287741077988
p.Lys298His,-0.159098167754
p.Lys298Ile,0.0139771243174
p.Lys298Leu,-0.140516160465
p.Lys298Met,-0.249176332317
p.Lys298Phe,-0.279474718284
p.Lys298Pro,-0.422307213752
p.Lys298Ser,-0.227943676263
p.Lys298Ter,-0.0600766325157
p.Lys298Val,-0.406613546853
p.Lys301Ala,-0.310340393631
p.Lys301Arg,-0.0351715818246
p.Lys301Asn,-0.189160683482
p.Lys301Asp,-0.257157670025
p.Lys301Cys,-0.141300617454
p.Lys301Gln,-0.236081721492
p.Lys301Glu,-0.247818680222
p.Lys301Gly,-0.216673436221
p.Lys301His,-0.323235709787
p.Lys301Ile,0.876568755787
p.Lys301Leu,-0.0447664365892
p.Lys301Met,-0.136417366848
p.Lys301Phe,-0.372816662504
p.Lys301Pro,-0.155185684797
p.Lys301Ser,-0.153994972036
p.Lys301Ter,-0.133973947086
p.Lys301Thr,-0.190035166517
p.Lys301Trp,-0.196627305182
p.Lys301Tyr,-0.284004430681
p.Lys301Val,0.224381982078
p.Lys318Ala,-0.0535390577958
p.Lys318Arg,-0.47904673365
p.Lys318Asn,-0.342163791655
p.Lys318Asp,-0.235514206201
p.Lys318Cys,-0.0648492436841
p.Lys318Gln,0.304565038665
p.Lys318Glu,0.0331134195696
p.Lys318Gly,0.0998047958928
p.Lys318His,-0.105591153713
p.Lys318Ile,-0.078794289275
p.Lys318Leu,-0.190008461507
p.Lys318Met,0.225334813544
p.Lys318Phe,0.0609402573321
p.Lys318Pro,-0.181831391485
p.Lys318Ser,0.0283908023753
p.Lys318Ter,-0.138215849068
p.Lys318Thr,0.00631247700242
p.Lys318Trp,-0.0440555440639
p.Lys318Tyr,-0.166646209405
p.Lys318Val,-0.101837757126
p.Lys319Ala,-0.0827048812481
p.Lys319Arg,0.254249728269
p.Lys319Asn,-0.205201077998
p.Lys319Asp,0.105296695854
p.Lys319Cys,0.0577490960237
p.Lys319Gln,0.0417176064584
p.Lys319Glu,0.576777080372
p.Lys319Gly,-0.0712894083532
p.Lys319His,0.411617835628
p.Lys319Ile,0.829763253413
p.Lys319Leu,0.470647956625
p.Lys319Met,0.529688681761
p.Lys319Ser,-0.00610511583188
p.Lys319Thr,-0.0777180924506
p.Lys319Trp,0.098913246601
p.Lys319Tyr,0.683096326518
p.Lys319Val,0.515476235458
p.Lys324Ala,-0.153997632433
p.Lys324Arg,-0.385655543778
p.Lys324Cys,-0.269686632242
p.Lys324Gln,0.190180310503
p.Lys324Gly,0.188910915753
p.Lys324His,0.533824645747
p.Lys324Ile,0.200378180906
p.Lys324Met,0.159952994243
p.Lys324Pro,0.0851160524052
p.Lys324Ser,-1.08366276726
p.Lys324Thr,0.0310459706039
p.Lys324Tyr,0.0595265767594
p.Lys324Val,-0.0829306663841
p.Lys346Ala,0.140082317684
p.Lys346Arg,0.320715285212
p.Lys346Asp,0.265277371278
p.Lys346Cys,-0.307773171262
p.Lys346Gln,-0.219901290923
p.Lys346Gly,-0.358721167046
p.Lys346His,-0.0925966662395
p.Lys346Ile,0.752530892411
p.Lys346Leu,0.219797816547
p.Lys346Met,-0.14073616504
p.Lys346Phe,-0.0537896491442
p.Lys346Pro,0.445518961084
p.Lys346Ser,0.118503377439
p.Lys346Thr,-0.873708624972
p.Lys346Trp,0.0814382980522
p.Lys346Tyr,0.0754026094306
p.Lys346Val,0.163666937422
p.Lys354Ala,-0.0825225797224
p.Lys354Arg,-0.119689885189
p.Lys354Asn,-0.0969011185106
p.Lys354Asp,0.460498286501
p.Lys354Cys,0.141052851755
p.Lys354Gln,0.112793797488
p.Lys354Glu,0.274303721584
p.Lys354Gly,0.150454333849
p.Lys354His,0.271361919503
p.Lys354Ile,0.93715763466
p.Lys354Leu,0.114854547752
p.Lys354Met,0.370330875096
p.Lys354Phe,0.690954144012
p.Lys354Pro,0.285217387259
p.Lys354Ser,0.00302495197031
p.Lys354Ter,0.0572479021232
p.Lys354Thr,0.262563986182
p.Lys354Trp,0.395827336129
p.Lys354Tyr,0.528967681618
p.Lys354Val,0.311354822436
p.Lys359His,0.173249921275
p.Lys359Phe,0.449296656408
p.Lys404Arg,0.570648507441
p.Lys404Asn,2.60765569556
p.Lys404Asp,-0.1092629093
p.Lys404Gln,0.814396468071
p.Lys404Glu,0.445056424408
p.Lys404Gly,-0.124241264119
p.Lys404His,0.446234656642
p.Lys404Ile,0.462051363159
p.Lys404Leu,0.689744570026
p.Lys404Met,0.47133975857
p.Lys404Pro,-0.065699954026
p.Lys404Ser,0.841213252328
p.Lys404Thr,0.821906090583
p.Lys404Tyr,0.22051177905
p.Lys426Ala,-0.142141269423
p.Lys426Arg,0.00634720328365
p.Lys426Asn,0.797458193124
p.Lys426Asp,-0.539181966689
p.Lys426Cys,0.120988012465
p.Lys426Gly,-0.293696100945
p.Lys426His,0.159006227787
p.Lys426Ile,-0.746566465851
p.Lys426Leu,-0.0458166412645
p.Lys426Met,-0.113086951541
p.Lys426Phe,-0.15443324482
p.Lys426Pro,-0.36224521403
p.Lys426Ser,-0.234619925588
p.Lys426Ter,-0.0363316035147
p.Lys426Thr,-0.332502526301
p.Lys426Trp,-0.381106614133
p.Lys426Tyr,-0.35091219197
p.Lys426Val,-0.0796226382372
p.Lys430Ala,-0.233196141559
p.Lys430Arg,-0.427912772399
p.Lys430Asn,-0.230788899545
p.Lys430Asp,-0.304965266872
p.Lys430Gln,-0.304942644963
p.Lys430Gly,-0.489660042134
p.Lys430His,-0.657862462834
p.Lys430Met,0.266573478244
p.Lys430Phe,-0.42058189079
p.Lys430Trp,-0.0047487310289
p.Lys430Tyr,-0.194618706451
p.Lys445Ala,0.440866710419
p.Lys445Arg,0.253090915476
p.Lys445Asn,0.57590905396
p.Lys445Asp,0.432673938869
p.Lys445Cys,0.24079875389
p.Lys445Gln,0.183100034591
p.Lys445Glu,0.480314135461
p.Lys445Gly,0.68422917862
p.Lys445His,0.129646904909
p.Lys445Ile,0.043437086991
p.Lys445Leu,0.445818528484
p.Lys445Met,0.443754580762
p.Lys445Phe,0.660802390597
p.Lys445Pro,0.482282785227
p.Lys445Ser,0.275318197507
p.Lys445Ter,0.000422985332062
p.Lys445Thr,0.272637533101
p.Lys445Trp,-0.0507597624685
p.Lys445Tyr,0.429594986154
p.Lys445Val,0.517280229947
p.Lys461Ala,0.105176473207
p.Lys461Arg,-0.184791288856
p.Lys461His,0.151079182328
p.Lys461Val,-0.00266279270886
p.Lys504Asn,0.367808156205
p.Lys504Asp,0.294457771538
p.Lys504Cys,1.30925843189
p.Lys504Gly,-0.30265952134
p.Lys504His,0.182035967926
p.Lys504Leu,0.142772773459
p.Lys504Ser,0.529838876954
p.Lys504Thr,0.356772835257
p.Lys504Trp,-0.176485997376
p.Lys504Tyr,0.572698373709
p.Lys504Val,-0.0972724089775
p.Met286Ala,-0.389881428106
p.Met286Arg,-0.889314680083
p.Met286Asn,-0.706084178732
p.Met286Asp,-1.01572077812
p.Met286Cys,-0.0753483601565
p.Met286Gln,-0.432778553868
p.Met286Glu,-1.06375124395
p.Met286Gly,-1.25604855251
p.Met286His,-0.265442830493
p.Met286Ile,0.239820291494
p.Met286Leu,0.430067394919
p.Met286Lys,-1.32262609554
p.Met286Phe,0.0887503470049
p.Met286Pro,-0.246374089883
p.Met286Ser,-0.886360357881
p.Met286Ter,-0.21670518855
p.Met286Thr,-0.537916239765
p.Met286Trp,-0.135451028802
p.Met286Tyr,-0.3950767347
p.Met286Val,0.0224054687242
p.Met305Glu,0.202585238257
p.Met305Leu,-0.115123944622
p.Met305Phe,-0.348624650924
p.Met305Pro,-0.477481594735
p.Met305Thr,-0.078805306487
p.Met317Ala,-0.322173847796
p.Met317Arg,-0.205225756775
p.Met317Asn,-0.163564548592
p.Met317Asp,-0.159729158984
p.Met317Cys,-0.0501021996014
p.Met317Gln,-0.247294208629
p.Met317Gly,0.0648526427181
p.Met317His,0.389632449627
p.Met317Ile,-0.397660232864
p.Met317Leu,-0.102482820818
p.Met317Lys,-0.121407398048
p.Met317Phe,-0.136401621045
p.Met317Pro,-0.188320091622
p.Met317Ser,-0.0530217036967
p.Met317Ter,-0.244772568507
p.Met317Thr,-0.253903859306
p.Met317Trp,-0.519168824678
p.Met317Tyr,-0.173841785232
p.Met317Val,-0.31039581874
p.Met344Ala,0.79334746041
p.Met344Asn,0.202762216603
p.Met344Asp,-0.171428404033
p.Met344Glu,0.153738431216
p.Met344Gly,-0.33512060793
p.Met344Ile,0.0743075190211
p.Met344Leu,-0.258778566788
p.Met344Lys,0.740587882066
p.Met344Phe,0.298134013307
p.Met344Pro,-0.180507148529
p.Met344Ser,-0.246840807537
p.Met344Thr,-0.484676437517
p.Met344Trp,-0.418945546436
p.Met344Tyr,-0.290038763428
p.Met369Arg,-0.594769711328
p.Met369Cys,0.138501695731
p.Met369Phe,0.328287322723
p.Met369Pro,-0.0447604257026
p.Met369Ter,-0.141906635477
p.Met369Thr,0.311896769554
p.Met369Val,0.489335003133
p.Met377Ala,0.716971558353
p.Met377Arg,-0.0662953186132
p.Met377Asp,-0.466974061437
p.Met377Cys,0.400122832444
p.Met377Gln,-0.0873233837775
p.Met377Glu,0.0640316183687
p.Met377Gly,1.35777091947
p.Met377His,0.596509436272
p.Met377Leu,0.0632178038977
p.Met377Lys,-0.0647249864848
p.Met377Phe,-0.333716245463
p.Met377Pro,-0.217185335404
p.Met377Ser,1.33271545847
p.Met377Thr,1.33584549596
p.Met377Tyr,0.07575831109
p.Met377Val,1.04449581981
p.Met383Asn,0.13119860437
p.Met383Ile,-0.195067450222
p.Met383Leu,-0.147823985297
p.Met383Lys,0.221965055265
p.Met383Pro,-0.279486861666
p.Met383Ser,-0.195040247973
p.Met383Tyr,0.203826793595
p.Met383Val,-0.404929564114
p.Met469Ala,-0.00616540314164
p.Met469Arg,0.288729395781
p.Met469Asp,-0.165796593119
p.Met469Cys,0.0381542287929
p.Met469Gln,0.10796850988
p.Met469Glu,0.481183945411
p.Met469Gly,-0.116968295857
p.Met469His,-0.018587581736
p.Met469Ile,-0.372160142998
p.Met469Leu,-0.0411313883382
p.Met469Phe,-0.0414685917193
p.Met469Pro,-0.427138025601
p.Met469Ser,0.0659191968946
p.Met469Ter,-0.209450603601
p.Met469Thr,-0.0715042953367
p.Met469Tyr,0.21118756287
p.Met469Val,-0.190026026097
p.Met484Ala,0.163958498861
p.Met484Arg,-0.200382037061
p.Met484Asp,-0.184802775369
p.Met484Cys,0.408786070858
p.Met484Gln,0.415646765095
p.Met484Glu,0.0545885759492
p.Met484Gly,-0.239905852502
p.Met484His,0.010242177173
p.Met484Ile,-0.101800628464
p.Met484Leu,0.183418742998
p.Met484Lys,0.110726482249
p.Met484Pro,0.184561481643
p.Met484Ser,-0.0092925076059
p.Met484Ter,-0.201222346182
p.Met484Thr,-0.00265550819979
p.Met484Trp,-0.195955766678
p.Met484Tyr,-0.0453458573606
p.Met484Val,-0.010656431054
p.Met498Ala,-0.434225710312
p.Met498Arg,-0.107009345293
p.Met498Asn,0.426000183221
p.Met498Gln,0.0027911885144
p.Met498Glu,0.891324301446
p.Met498His,0.253097129377
p.Met498Ile,0.0489328551303
p.Met498Leu,0.205841172062
p.Met498Pro,-0.0315655085829
p.Met498Val,0.352919842272
p.Phe281Ala,-0.198291755293
p.Phe281Arg,-0.171465990158
p.Phe281Asn,-0.0491156504759
p.Phe281Cys,-0.193364916051
p.Phe281Gln,-0.188628209383
p.Phe281Glu,0.105700179329
p.Phe281Gly,-0.490833728539
p.Phe281His,-0.252207859595
p.Phe281Leu,-0.143591855829
p.Phe281Ser,-0.329998440337
p.Phe281Thr,-0.131560609204
p.Phe281Tyr,-0.185793984326
p.Phe281Val,-0.300605053038
p.Phe310Glu,-0.135940381771
p.Phe310Gly,-0.403400269747
p.Phe310His,-0.225512000988
p.Phe310Leu,-0.273478417913
p.Phe310Met,-0.363110920013
p.Phe310Ter,-0.398835406459
p.Phe352Ala,0.449735274898
p.Phe352Arg,0.224884963569
p.Phe352Asn,0.499475174081
p.Phe352Asp,-0.188748752113
p.Phe352Cys,0.666650314569
p.Phe352Gln,0.0705342140762
p.Phe352Glu,0.473571053688
p.Phe352Gly,0.277130744102
p.Phe352His,0.414657291229
p.Phe352Ile,0.202132543876
p.Phe352Leu,0.172838166967
p.Phe352Met,0.0968561131138
p.Phe352Pro,-0.0205522815898
p.Phe352Ser,0.368799238437
p.Phe352Thr,0.452437335279
p.Phe352Tyr,-0.227833375156
p.Phe352Val,0.749724350153
p.Phe408Ala,-0.463089422336
p.Phe408Arg,-0.124165145098
p.Phe408Asn,-0.300391510256
p.Phe408Gln,-0.204005282706
p.Phe408Gly,-0.409775151497
p.Phe408Leu,-0.271935118228
p.Phe408Lys,-0.133995005121
p.Phe408Met,-0.506246104637
p.Phe408Pro,-0.159921233654
p.Phe408Ser,-0.270049647268
p.Phe408Thr,-0.142043132253
p.Phe408Tyr,-0.157163543934
p.Phe427Ala,-0.347600625993
p.Phe427Arg,-0.241988830726
p.Phe427Asn,-0.0527726955449
p.Phe427Asp,-0.24129232392
p.Phe427Cys,-0.173372489362
p.Phe427Gln,-0.0936674871676
p.Phe427Glu,-0.0188133697652
p.Phe427Gly,-0.348876856761
p.Phe427His,-0.177718005195
p.Phe427Ile,-0.225423505058
p.Phe427Leu,-0.210483775292
p.Phe427Lys,-0.453512003676
p.Phe427Met,-0.331897010884
p.Phe427Pro,-0.173217150092
p.Phe427Ser,-0.258350376434
p.Phe427Ter,-0.0998360252349
p.Phe427Thr,-0.257675325566
p.Phe427Trp,-0.392273089749
p.Phe427Tyr,-0.32584295341
p.Phe427Val,-0.220640494284
p.Phe442Ala,-0.189208947557
p.Phe442Arg,-0.423040394488
p.Phe442Asn,0.30131823821
p.Phe442Asp,-0.216003187329
p.Phe442Cys,0.13984891037
p.Phe442Gln,-0.840694078956
p.Phe442Glu,-0.500411802997
p.Phe442Gly,-0.153362638777
p.Phe442His,-0.299547601792
p.Phe442Ile,-0.155924976103
p.Phe442Leu,-0.222606095305
p.Phe442Lys,-0.178146082594
p.Phe442Met,-0.405708971086
p.Phe442Pro,-0.329184034087
p.Phe442Ser,-0.0933319426682
p.Phe442Ter,-0.110762482366
p.Phe442Thr,-0.253520470801
p.Phe442Tyr,-0.19606518803
p.Phe442Val,-0.0178753824942
p.Phe451Ala,0.24190295722
p.Phe451Arg,-0.322889715347
p.Phe451Asn,-0.268278341635
p.Phe451Asp,-0.136155353628
p.Phe451Cys,0.0773745858983
p.Phe451Gln,-0.134083830846
p.Phe451Glu,-0.199960223123
p.Phe451Gly,-0.186575754378
p.Phe451His,-0.1479805329
p.Phe451Leu,0.467188839029
p.Phe451Lys,-0.321575488148
p.Phe451Met,-0.0014016119271
p.Phe451Pro,-0.25907962364
p.Phe451Ser,-0.27823675972
p.Phe451Ter,-0.150937163267
p.Phe451Thr,-0.209445691549
p.Phe451Trp,-0.113427623318
p.Phe451Val,0.180864355357
p.Phe512Ala,1.62572167083
p.Phe512Arg,-0.208903071545
p.Phe512Asn,0.822233550201
p.Phe512Asp,-0.106298470561
p.Phe512Cys,0.522493539216
p.Phe512Gln,0.146672313043
p.Phe512Gly,0.0658484650688
p.Phe512His,0.621912522687
p.Phe512Ile,1.95571747158
p.Phe512Leu,0.761116877307
p.Phe512Lys,-0.202217193291
p.Phe512Met,0.947774700863
p.Phe512Pro,2.61360841645
p.Phe512Ser,0.783998715726
p.Phe512Ter,-0.172651779591
p.Phe512Thr,1.50004823663
p.Phe512Trp,1.68726728329
p.Phe512Tyr,0.560573745211
p.Phe512Val,2.11266027957
p.Phe518Ala,-0.128159481317
p.Phe518Arg,-0.192577153593
p.Phe518Asn,-0.277645864229
p.Phe518Asp,0.464180983291
p.Phe518Cys,-0.300508716246
p.Phe518Gly,-0.072926217085
p.Phe518Ile,0.452108039563
p.Phe518Leu,0.153845292824
p.Phe518Lys,0.170863002032
p.Phe518Met,0.0313086127607
p.Phe518Pro,0.11015426556
p.Phe518Ser,-0.0737655253924
p.Phe518Ter,-0.438566101718
p.Phe518Thr,-0.0246085573907
p.Phe518Trp,0.0655788038147
p.Phe518Tyr,0.859172068296
p.Phe518Val,-0.0663054402112
p.Pro302Ala,-0.203196740445
p.Pro302Arg,-0.5618316511
p.Pro302Asn,-0.228650755311
p.Pro302Asp,0.229919381124
p.Pro302Cys,-0.0784228890075
p.Pro302Glu,0.308779417063
p.Pro302Gly,-0.0325141307631
p.Pro302Ile,0.367351038809
p.Pro302Leu,0.252497584163
p.Pro302Lys,-0.667130611401
p.Pro302Met,-0.196416470995
p.Pro302Phe,0.142001968489
p.Pro302Ser,0.0108255530016
p.Pro302Ter,-0.219811752856
p.Pro302Thr,0.00763225141417
p.Pro302Trp,0.281027471189
p.Pro302Tyr,-0.852641537631
p.Pro302Val,0.00732711266188
p.Pro307Ala,0.0214768255662
p.Pro307Arg,-0.236801841208
p.Pro307Asn,0.309942079821
p.Pro307Asp,0.498181125708
p.Pro307Cys,0.00435280628584
p.Pro307Gln,-0.049608796865
p.Pro307Glu,0.0079461318465
p.Pro307Gly,0.077709176666
p.Pro307His,0.216051776718
p.Pro307Ile,0.285853785396
p.Pro307Leu,-0.0348353894077
p.Pro307Lys,-0.617987136106
p.Pro307Met,0.344991893388
p.Pro307Phe,0.0657204045071
p.Pro307Ser,0.302214728855
p.Pro307Ter,-0.173452185543
p.Pro307Thr,0.328690228847
p.Pro307Trp,0.353116576496
p.Pro307Tyr,-0.212517326138
p.Pro307Val,-0.09071891876
p.Pro336Arg,0.0742733752751
p.Pro336Asn,0.310783075539
p.Pro336Gln,-0.229651263084
p.Pro336Ile,-0.026239638363
p.Pro336Lys,0.0572035978559
p.Pro336Met,-0.290502702228
p.Pro336Ser,-0.141924325112
p.Pro336Ter,0.131508529151
p.Pro336Thr,-0.272318994085
p.Pro364Ala,0.269007775956
p.Pro364Arg,0.0842430826151
p.Pro364Asn,-0.38076188826
p.Pro364Asp,0.111314011937
p.Pro364Cys,0.43085825866
p.Pro364Gln,0.0535028184119
p.Pro364Glu,-0.031955179344
p.Pro364Gly,0.00161223206088
p.Pro364His,-0.68222986298
p.Pro364Ile,0.267829820053
p.Pro364Leu,0.47322172581
p.Pro364Lys,0.449877821504
p.Pro364Met,0.0866473430181
p.Pro364Ser,0.038343261076
p.Pro364Thr,0.0770458735041
p.Pro364Tyr,0.161771533729
p.Pro364Val,0.294681432356
p.Pro428Asn,-0.126028731454
p.Pro428His,-0.253453009105
p.Pro428Leu,-0.40673537492
p.Pro428Phe,-0.119716034513
p.Pro428Ser,0.00244787639451
p.Pro428Thr,-0.17431551006
p.Pro428Tyr,-0.971417806282
p.Pro434Ala,0.753262908731
p.Pro434Arg,-0.142435361188
p.Pro434Asp,-0.207079365511
p.Pro434Cys,1.51569149893
p.Pro434Glu,0.899747204104
p.Pro434Gly,0.793225774448
p.Pro434His,0.214444539632
p.Pro434Ile,0.82540986081
p.Pro434Leu,0.476638718948
p.Pro434Lys,0.123594512612
p.Pro434Met,1.33500000266
p.Pro434Phe,0.771313618141
p.Pro434Ser,0.179460714061
p.Pro434Thr,1.29075771147
p.Pro434Tyr,0.585757552427
p.Pro434Val,0.463119787408
p.Pro465Ala,-0.149281642555
p.Pro465Arg,-0.071855398786
p.Pro465Asn,0.13267737444
p.Pro465Asp,-0.165718987362
p.Pro465Cys,-0.034326479265
p.Pro465Gln,-0.170785680288
p.Pro465Glu,-0.217714366385
p.Pro465Gly,0.0321947802838
p.Pro465His,-0.184905800944
p.Pro465Ile,0.109136871059
p.Pro465Leu,0.150848617477
p.Pro465Met,0.00082119573736
p.Pro465Phe,-0.240518329988
p.Pro465Ser,-0.178853922848
p.Pro465Ter,-0.206348110465
p.Pro465Thr,-0.342801487159
p.Pro465Trp,0.0950500448114
p.Pro465Tyr,-0.209959041654
p.Pro465Val,0.668144083873
p.Pro467Ala,-0.0611497042969
p.Pro467Arg,-0.105830503773
p.Pro467Asn,-0.231574484007
p.Pro467Asp,-0.361090196732
p.Pro467Cys,-0.0658182564534
p.Pro467Gln,-0.0954615066897
p.Pro467Glu,-0.08927704012
p.Pro467Gly,-0.0513429777024
p.Pro467His,0.362607926979
p.Pro467Ile,0.416121959329
p.Pro467Leu,0.0348817763095
p.Pro467Lys,-0.0885216333316
p.Pro467Met,0.0837674888792
p.Pro467Phe,0.258776244166
p.Pro467Ser,-0.236598744443
p.Pro467Ter,-0.532819694767
p.Pro467Thr,0.00143687321637
p.Pro467Tyr,3.04689509633
p.Pro467Val,0.0849626972667
p.Pro485Ala,0.116043836232
p.Pro485Arg,0.336605528902
p.Pro485Asn,-0.0107525257014
p.Pro485Asp,0.118338515038
p.Pro485Cys,-0.0454446580519
p.Pro485Gln,0.345561873023
p.Pro485Glu,0.0728717400112
p.Pro485Gly,0.0647648709017
p.Pro485His,0.45991986575
p.Pro485Ile,0.0719265307856
p.Pro485Leu,0.113390333042
p.Pro485Lys,-0.0368924504174
p.Pro485Met,0.184870277155
p.Pro485Ser,0.0114987445742
p.Pro485Ter,-0.252969363649
p.Pro485Thr,0.166679931692
p.Pro485Trp,0.0411531359564
p.Pro485Tyr,0.207689262758
p.Pro485Val,0.0894840927929
p.Pro487Ala,-0.147898892553
p.Pro487Arg,0.0860745520467
p.Pro487Asn,-0.230971172792
p.Pro487Asp,-0.0252241036506
p.Pro487Cys,0.431887899774
p.Pro487Glu,0.12944510106
p.Pro487Gly,0.0517829843075
p.Pro487Ile,0.143435603001
p.Pro487Leu,0.00369382627354
p.Pro487Lys,-0.339150938766
p.Pro487Met,0.0769302701302
p.Pro487Phe,-0.260401268014
p.Pro487Ser,-0.0213219510089
p.Pro487Thr,-0.30051746813
p.Pro487Trp,0.0613795265526
p.Pro487Tyr,0.0698735801153
p.Pro487Val,0.329560848419
p.Pro488Ala,0.288393620041
p.Pro488Arg,0.530779410139
p.Pro488Asp,0.150020101594
p.Pro488Cys,-0.190636087382
p.Pro488Gly,-0.230516281422
p.Pro488His,0.335471669093
p.Pro488Ile,2.22176169568
p.Pro488Lys,0.150173061865
p.Pro488Met,0.262740478646
p.Pro488Ser,0.286240508414
p.Pro488Ter,-0.201224755129
p.Pro488Thr,0.0639858848568
p.Pro488Tyr,0.284260507252
p.Pro488Val,0.244114689056
p.Pro491Ala,0.383540639402
p.Pro491Arg,0.298738745847
p.Pro491Asn,-0.267845236959
p.Pro491Asp,-0.378617268004
p.Pro491Cys,0.423853400354
p.Pro491Gln,0.179664174749
p.Pro491Glu,-0.160937023951
p.Pro491Gly,0.0431441934738
p.Pro491His,-0.215703138
p.Pro491Ile,0.353015060084
p.Pro491Leu,0.0377784607823
p.Pro491Lys,0.112253232342
p.Pro491Met,0.560161918389
p.Pro491Phe,0.0744360414724
p.Pro491Ser,0.0556537845948
p.Pro491Ter,-0.283099533816
p.Pro491Thr,0.229524969617
p.Pro491Trp,0.529676257006
p.Pro491Tyr,0.411610312106
p.Pro491Val,0.187929041671
p.Pro506Ala,0.128240647514
p.Pro506Arg,1.0691714605
p.Pro506Asn,0.631202926786
p.Pro506Asp,0.313309267732
p.Pro506Cys,0.287627101607
p.Pro506Gln,0.556961177181
p.Pro506Glu,0.213119921957
p.Pro506Gly,0.219168833396
p.Pro506Ile,0.765273652365
p.Pro506Leu,0.282768003621
p.Pro506Lys,0.907558265026
p.Pro506Met,0.397450327523
p.Pro506Phe,0.391540975255
p.Pro506Ser,0.283393231988
p.Pro506Ter,-0.273686847837
p.Pro506Thr,0.31627206072
p.Pro506Trp,0.396738669639
p.Pro506Tyr,0.965072878342
p.Pro506Val,0.451146482294
p.Pro510Ala,0.0183469919628
p.Pro510Arg,-0.0547054761643
p.Pro510Cys,0.0631386351137
p.Pro510Gln,0.0821490589161
p.Pro510Glu,0.0829164859807
p.Pro510Gly,0.288442143614
p.Pro510Ile,1.18751043952
p.Pro510Leu,-0.257555808157
p.Pro510Lys,0.422720202292
p.Pro510Tyr,0.409239043759
p.Pro510Val,-0.303919198547
p.Ser306Ala,0.976783416917
p.Ser306Arg,-0.505740798695
p.Ser306Asn,0.0362262165047
p.Ser306Gln,-0.299013400755
p.Ser306Gly,-0.18478935956
p.Ser306Ile,-0.164583653278
p.Ser306Leu,0.0156418315313
p.Ser306Lys,-0.391029795938
p.Ser306Pro,0.427021702999
p.Ser306Ter,0.0557583106134
p.Ser306Trp,0.0170227712073
p.Ser306Tyr,-0.252734408159
p.Ser306Val,-0.323331530387
p.Ser333Ala,-0.185668750094
p.Ser333Arg,-0.300858214432
p.Ser333Asn,0.0806178436473
p.Ser333Asp,0.0673341534767
p.Ser333Gln,0.0548318691981
p.Ser333Glu,0.338318853951
p.Ser333Gly,-0.405706891797
p.Ser333His,-0.0922516475317
p.Ser333Ile,-0.262939964058
p.Ser333Leu,-0.348559246179
p.Ser333Lys,-0.397022653451
p.Ser333Met,-0.261287181337
p.Ser333Phe,-0.16032499609
p.Ser333Pro,-0.199517141985
p.Ser333Ter,-0.50945344744
p.Ser333Thr,-0.293355000756
p.Ser333Tyr,-0.508612100367
p.Ser333Val,-0.425863290954
p.Ser345Arg,0.696409770293
p.Ser345Asn,0.572828895205
p.Ser345Asp,1.62030567924
p.Ser345Cys,0.460580144649
p.Ser345Gln,-0.325754973487
p.Ser345Gly,-0.0170536957092
p.Ser345His,0.185281758341
p.Ser345Ile,0.352250673082
p.Ser345Leu,0.601052828247
p.Ser345Met,0.0789637021657
p.Ser345Pro,0.186028223501
p.Ser345Thr,0.0439204789794
p.Ser345Tyr,-0.151657230303
p.Ser345Val,0.319846419218
p.Ser348Ala,-0.0502825507949
p.Ser348Arg,-0.176407077901
p.Ser348Asn,0.737483096442
p.Ser348Asp,1.54295927422
p.Ser348Cys,-0.029785332435
p.Ser348Gln,-0.033671050112
p.Ser348Glu,-0.120193334913
p.Ser348Gly,-0.19001370684
p.Ser348His,-0.0984726634069
p.Ser348Ile,-0.125077527241
p.Ser348Leu,-0.225321087725
p.Ser348Lys,-0.225028500132
p.Ser348Met,-0.176781012314
p.Ser348Phe,-0.243026199767
p.Ser348Pro,-0.253241614021
p.Ser348Ter,-0.262907002786
p.Ser348Thr,-0.282613348953
p.Ser348Tyr,-0.146196265015
p.Ser348Val,-0.332650858408
p.Ser375Ala,-0.278310160602
p.Ser375Arg,-0.228197187379
p.Ser375Asn,0.707898856898
p.Ser375Cys,0.562822029166
p.Ser375Gln,0.131506154946
p.Ser375Glu,0.0986570752251
p.Ser375Gly,-0.0388620937043
p.Ser375His,0.394895621146
p.Ser375Leu,0.709102060805
p.Ser375Met,0.847026726138
p.Ser375Phe,0.412394790874
p.Ser375Pro,0.259621997675
p.Ser375Thr,0.239606604231
p.Ser375Trp,1.39017685968
p.Ser375Val,0.536710391513
p.Ser446Arg,0.0288037413681
p.Ser446Ile,0.328001982028
p.Ser446Leu,0.201649203192
p.Ser446Pro,-0.301600735717
p.Ser446Tyr,-0.650781283187
p.Ser446Val,0.25806944712
p.Ser450Ala,-0.163226673712
p.Ser450Arg,-0.270275231091
p.Ser450Asn,-0.142464754601
p.Ser450Asp,-0.275379626764
p.Ser450Cys,0.179325310592
p.Ser450Gln,-0.25192690263
p.Ser450Glu,-0.150401958328
p.Ser450Gly,-0.0785234215696
p.Ser450His,-0.259696724778
p.Ser450Ile,-0.656061438405
p.Ser450Leu,-0.276796895323
p.Ser450Lys,-0.234532435212
p.Ser450Met,0.775021173982
p.Ser450Phe,-0.374587068982
p.Ser450Pro,-0.217821573992
p.Ser450Ter,-0.273535763203
p.Ser450Thr,-0.0980111975511
p.Ser450Tyr,-0.231252507479
p.Ser450Val,-0.300196114544
p.Thr288Ala,0.0375395546423
p.Thr288Arg,-0.625042653471
p.Thr288Asn,-0.603828351823
p.Thr288Asp,-0.046612007251
p.Thr288Cys,-0.107736083745
p.Thr288Gln,-0.0777389894946
p.Thr288Glu,0.217200997768
p.Thr288Gly,-0.447069337417
p.Thr288His,-0.00234543043015
p.Thr288Ile,0.245405078308
p.Thr288Leu,-0.0189989884335
p.Thr288Lys,-0.679915592301
p.Thr288Met,-0.104735072053
p.Thr288Phe,0.0347860928507
p.Thr288Pro,0.135201802525
p.Thr288Ser,-0.161625409098
p.Thr288Ter,-0.189850008491
p.Thr288Trp,0.207716927201
p.Thr288Tyr,0.0221382631134
p.Thr288Val,0.170523921902
p.Thr292Ala,-0.0313715358869
p.Thr292Arg,0.663813550895
p.Thr292Cys,-0.446505526559
p.Thr292Gln,0.43692276654
p.Thr292Glu,0.0448636664683
p.Thr292Gly,-0.188663656695
p.Thr292His,-0.392591345757
p.Thr292Ile,-0.967785734549
p.Thr292Leu,0.0856725114827
p.Thr292Met,0.276696194215
p.Thr292Phe,-0.134466311789
p.Thr292Pro,-0.510247256262
p.Thr292Ser,-0.374101631757
p.Thr292Trp,-0.0214331809417
p.Thr292Tyr,-0.1554725862
p.Thr292Val,0.615043189326
p.Thr293Ala,-0.0758049253567
p.Thr293Arg,-0.0974859358295
p.Thr293Asn,-0.587824141818
p.Thr293Asp,-0.690302625466
p.Thr293Cys,0.0624676902815
p.Thr293Gln,-0.203354199926
p.Thr293Glu,-0.632064591808
p.Thr293Gly,-0.153282717045
p.Thr293His,0.190356924666
p.Thr293Ile,0.402830127966
p.Thr293Leu,0.00682499268898
p.Thr293Lys,0.124182335546
p.Thr293Met,0.186944553248
p.Thr293Phe,-0.00460886965461
p.Thr293Pro,0.438283725447
p.Thr293Ser,-0.204266327549
p.Thr293Ter,-0.142763763554
p.Thr293Trp,0.868406395014
p.Thr293Tyr,0.362981622169
p.Thr293Val,-0.00514805365249
p.Thr299Ala,-0.150380277136
p.Thr299Arg,-0.22078625514
p.Thr299Asn,-0.131810671274
p.Thr299Asp,0.0690318510479
p.Thr299Cys,0.0190272342173
p.Thr299Glu,-0.191219627955
p.Thr299Gly,0.680995865306
p.Thr299His,0.158534244682
p.Thr299Ile,-0.100893355495
p.Thr299Leu,0.899982117951
p.Thr299Met,1.71468777261
p.Thr299Phe,1.18246145358
p.Thr299Pro,-0.318205346756
p.Thr299Ser,0.0317726295906
p.Thr299Ter,-0.257833687394
p.Thr299Trp,0.412213921396
p.Thr299Tyr,0.469427458986
p.Thr299Val,-0.320028357675
p.Thr304Ala,0.321644142649
p.Thr304Arg,-1.45210294866
p.Thr304Asp,-0.0909647715339
p.Thr304Cys,-0.592763603268
p.Thr304Gln,0.676568081907
p.Thr304Glu,0.181687882827
p.Thr304Gly,-0.295333089198
p.Thr304His,-0.347931355301
p.Thr304Ile,-0.219954740778
p.Thr304Leu,-0.201784130616
p.Thr304Lys,0.560436392322
p.Thr304Met,-0.143264187615
p.Thr304Phe,-0.0865940450987
p.Thr304Pro,-0.48412727637
p.Thr304Ser,0.184442034696
p.Thr304Ter,-0.142090922113
p.Thr304Trp,0.0857590759521
p.Thr304Tyr,0.0243103163837
p.Thr304Val,-0.256417344757
p.Thr341Arg,-0.0443070290195
p.Thr341Asn,-0.185125219431
p.Thr341Ile,1.68707504066
p.Thr357Ala,0.15306680057
p.Thr357Arg,0.246464345996
p.Thr357Asn,0.192908935305
p.Thr357Cys,0.347865976914
p.Thr357Gln,-0.208691777833
p.Thr357Glu,0.117929009099
p.Thr357Gly,-0.0383285830712
p.Thr357His,-0.269903194009
p.Thr357Ile,0.347784369121
p.Thr357Leu,0.277530665528
p.Thr357Lys,0.125653481207
p.Thr357Met,0.0317150345713
p.Thr357Phe,0.910174054859
p.Thr357Pro,0.188319193554
p.Thr357Ser,0.992771125922
p.Thr357Ter,-0.233294117845
p.Thr357Tyr,0.626967803798
p.Thr357Val,0.422720619317
p.Thr420Ala,-0.148113672771
p.Thr420Arg,-0.148819306915
p.Thr420Asn,0.477712481132
p.Thr420Asp,-0.324589583497
p.Thr420Cys,-0.588928762844
p.Thr420Gln,0.494969420252
p.Thr420Glu,-0.260630890518
p.Thr420Gly,-0.461124731168
p.Thr420His,0.584601413798
p.Thr420Ile,-0.137364960013
p.Thr420Leu,0.621426812961
p.Thr420Lys,-0.170688115146
p.Thr420Met,0.211623524835
p.Thr420Phe,0.300128755141
p.Thr420Pro,-0.309292354893
p.Thr420Ser,0.120203132662
p.Thr420Ter,-0.191245173274
p.Thr420Trp,0.281376825915
p.Thr420Tyr,0.214338652269
p.Thr420Val,0.559409832563
p.Thr432Ala,-0.199939458379
p.Thr432Arg,-0.180925255591
p.Thr432Asn,-0.197420299053
p.Thr432Asp,-0.31374647942
p.Thr432Cys,-0.328002939286
p.Thr432Gln,-0.212831604377
p.Thr432Glu,-0.312255782172
p.Thr432Gly,-0.29052014992
p.Thr432His,-0.262321150513
p.Thr432Ile,-0.205656073113
p.Thr432Leu,-0.293969176701
p.Thr432Lys,-0.15192230378
p.Thr432Met,-0.364527315921
p.Thr432Phe,-0.114640935048
p.Thr432Pro,-0.281561963973
p.Thr432Ser,-0.23517338592
p.Thr432Ter,-0.098624998693
p.Thr432Trp,-0.246540124714
p.Thr432Tyr,-0.20438661185
p.Thr432Val,-0.317713063757
p.Thr443Ala,0.299771509226
p.Thr443Arg,0.808739488524
p.Thr443Asn,0.827297017634
p.Thr443Asp,0.295695253027
p.Thr443Cys,0.350704706346
p.Thr443Gln,0.568795124932
p.Thr443Glu,-0.137226056728
p.Thr443Gly,0.137510764819
p.Thr443His,0.496941858742
p.Thr443Leu,1.33988400112
p.Thr443Lys,1.04068712373
p.Thr443Met,1.57556740094
p.Thr443Pro,0.308686470578
p.Thr443Ser,0.316273774772
p.Thr443Ter,-0.172117509602
p.Thr443Trp,1.13076868636
p.Thr443Tyr,0.437954414756
p.Thr443Val,1.46126382361
p.Thr456Ala,-0.575151141672
p.Thr456Arg,-0.0335197241068
p.Thr456Asn,-0.494967250454
p.Thr456Asp,0.227172539646
p.Thr456Cys,-0.704264940593
p.Thr456Gln,-0.0182340632771
p.Thr456Glu,0.133855428339
p.Thr456Gly,-0.0404499220512
p.Thr456His,-1.46102074615
p.Thr456Ile,-0.191981802937
p.Thr456Leu,-0.906048239692
p.Thr456Lys,-0.183232895467
p.Thr456Met,-1.13746681638
p.Thr456Pro,-0.0759225800201
p.Thr456Ser,-0.548051143227
p.Thr456Ter,-0.155814996491
p.Thr456Val,0.113040406311
p.Thr459Ala,0.303504589455
p.Thr459Arg,-0.90257435049
p.Thr459Asp,0.0711516593922
p.Thr459Cys,-0.0994100473443
p.Thr459Gln,0.10203502786
p.Thr459Glu,-0.017896278933
p.Thr459Leu,-0.995966177778
p.Thr459Ser,-0.628462544404
p.Thr460Ala,0.313871822415
p.Thr460Arg,-0.202138755323
p.Thr460Asn,0.348826153622
p.Thr460Asp,-0.150600047874
p.Thr460Cys,-0.0335592798028
p.Thr460Gln,-0.0338797041351
p.Thr460Glu,0.0920704413703
p.Thr460Gly,0.503710377248
p.Thr460His,0.268280296787
p.Thr460Ile,-0.117322065989
p.Thr460Leu,0.226110564554
p.Thr460Lys,-0.0495451994706
p.Thr460Met,0.216851470965
p.Thr460Phe,0.277151369309
p.Thr460Pro,-0.404840668026
p.Thr460Ser,0.0902603028201
p.Thr460Ter,-0.220092241682
p.Thr460Trp,-0.155869873813
p.Thr460Tyr,0.64336497493
p.Thr460Val,0.0521805767288
p.Thr511Ala,0.486324329952
p.Thr511Arg,0.537072637153
p.Thr511Asn,0.961661365997
p.Thr511Asp,0.514195966435
p.Thr511Cys,2.05870428861
p.Thr511Glu,0.501053688088
p.Thr511Gly,0.5935168524
p.Thr511His,1.19096490238
p.Thr511Ile,0.346493783055
p.Thr511Phe,0.357432503334
p.Thr511Pro,0.807684117882
p.Thr511Ser,0.00940076729542
p.Thr511Ter,0.222157372673
p.Thr511Trp,0.733403457824
p.Thr511Tyr,0.545482649121
p.Thr511Val,0.53201630899
p.Trp285Ala,-1.3078336646
p.Trp285Arg,-0.56014997894
p.Trp285Asn,0.0347154514715
p.Trp285Asp,0.584669215507
p.Trp285Cys,-1.42268362606
p.Trp285Glu,0.825529567477
p.Trp285Gly,0.33315964414
p.Trp285His,-0.133968749695
p.Trp285Ile,-0.475138812397
p.Trp285Leu,-0.404989698441
p.Trp285Met,-0.0729091936948
p.Trp285Phe,-0.434781702623
p.Trp285Pro,-0.298964071354
p.Trp285Ser,-2.15710438129
p.Trp285Ter,0.127435878785
p.Trp285Thr,-0.109942090437
p.Trp285Tyr,0.481614936501
p.Trp285Val,-0.220391499901
p.Trp289Ala,-0.700103768607
p.Trp289Arg,-0.904460289033
p.Trp289Asn,-0.407186451835
p.Trp289Asp,0.057769641138
p.Trp289Cys,-0.768856693083
p.Trp289Gln,-0.476221201213
p.Trp289Glu,-0.104028265368
p.Trp289Gly,0.00279108098213
p.Trp289His,-1.42473458021
p.Trp289Ile,0.193502959451
p.Trp289Leu,-0.0606819388502
p.Trp289Lys,0.89802799241
p.Trp289Met,-0.204800011325
p.Trp289Phe,0.0991883385607
p.Trp289Pro,0.442875513232
p.Trp289Ser,-0.579065455618
p.Trp289Ter,-0.237597968001
p.Trp289Thr,-0.709525610954
p.Trp289Tyr,0.217758979407
p.Trp289Val,-0.401999795071
p.Trp431Ala,-0.25263078887
p.Trp431Arg,-0.259675784993
p.Trp431Asn,-0.16250019977
p.Trp431Asp,-0.413634824787
p.Trp431Cys,-0.291786166204
p.Trp431Gln,-0.353077597836
p.Trp431Glu,-0.108406803279
p.Trp431Gly,-0.239863520923
p.Trp431His,-0.0336457475884
p.Trp431Ile,-0.0827254315308
p.Trp431Leu,-0.227786671313
p.Trp431Lys,-0.402457043094
p.Trp431Met,-0.189121195755
p.Trp431Phe,-0.31039240829
p.Trp431Pro,-0.198909113619
p.Trp431Ser,-0.253903036378
p.Trp431Ter,-0.239558207504
p.Trp431Thr,-0.193548018899
p.Trp431Tyr,-0.341107069888
p.Trp431Val,-0.235421753923
p.Trp449Ala,-0.220878016643
p.Trp449Arg,0.0350212555007
p.Trp449Asp,-0.180291726958
p.Trp449Cys,-0.095232059325
p.Trp449Gln,-0.185641052856
p.Trp449Glu,-0.0506085120139
p.Trp449Gly,-0.220224031546
p.Trp449His,0.0962391457626
p.Trp449Leu,-0.241378353657
p.Trp449Lys,-0.0274749389243
p.Trp449Met,-0.212053818028
p.Trp449Phe,0.452453287049
p.Trp449Pro,-0.179827285609
p.Trp449Ser,-0.347925020258
p.Trp449Ter,-0.503101629185
p.Trp449Thr,-0.577588458076
p.Trp449Tyr,-0.0521996559301
p.Trp449Val,-0.299086515857
p.Trp502Ala,0.207113404163
p.Trp502Arg,-0.45658281588
p.Trp502Asn,0.624589244568
p.Trp502Asp,0.0384839604057
p.Trp502Cys,0.295415065976
p.Trp502Gln,0.491887014983
p.Trp502Glu,0.322568184256
p.Trp502Gly,0.366342391806
p.Trp502His,0.187503230057
p.Trp502Ile,-0.420101509559
p.Trp502Leu,-0.127211983087
p.Trp502Lys,-0.334234316467
p.Trp502Met,0.12982225872
p.Trp502Phe,-0.0244855068316
p.Trp502Pro,-0.276826732379
p.Trp502Ser,0.307020457913
p.Trp502Ter,-0.175121935131
p.Trp502Thr,0.252889045844
p.Trp502Tyr,0.0782457295805
p.Trp502Val,0.241117017709
p.Tyr329Ala,0.0583493233479
p.Tyr329Arg,-0.335950915053
p.Tyr329Asn,0.404345776722
p.Tyr329Asp,-0.084831037401
p.Tyr329Cys,-0.0219905669754
p.Tyr329Glu,0.161842790566
p.Tyr329Gly,0.842705095576
p.Tyr329His,0.216548507282
p.Tyr329Ile,-0.0824737403785
p.Tyr329Leu,-0.404629808583
p.Tyr329Met,-0.322465868497
p.Tyr329Phe,0.0266729223302
p.Tyr329Pro,-0.254066586925
p.Tyr329Ser,-0.00404664528109
p.Tyr329Ter,-0.190949984503
p.Tyr329Thr,0.0650071276069
p.Tyr329Trp,0.446989298926
p.Tyr329Val,-0.125583982326
p.Tyr338Cys,-0.508761953041
p.Tyr338Gln,0.130874847278
p.Tyr338Glu,-0.260606112739
p.Tyr338His,0.192336617029
p.Tyr338Leu,1.14516727345
p.Tyr338Met,-0.417521024221
p.Tyr338Phe,0.359696273031
p.Tyr338Pro,-0.451738716247
p.Tyr338Ser,-0.259608881213
p.Tyr343Arg,1.70788176894
p.Tyr343Asn,-0.166524197084
p.Tyr360Ala,-0.199181928309
p.Tyr360Asp,0.0590490744312
p.Tyr360Gly,-0.409893217899
p.Tyr360Ile,0.17799227999
p.Tyr360Met,-0.184511899598
p.Tyr360Ter,0.271020093341
p.Tyr360Val,0.0838233199758
p.Tyr379Ala,0.311156332266
p.Tyr379Arg,0.080195522568
p.Tyr379Asn,-0.216138254276
p.Tyr379Asp,0.147367607922
p.Tyr379Cys,-0.623324376151
p.Tyr379Gln,-0.904448501821
p.Tyr379Glu,-0.375034794643
p.Tyr379His,-0.142030363013
p.Tyr379Ile,0.502499431969
p.Tyr379Leu,-0.146214315894
p.Tyr379Lys,0.350009709569
p.Tyr379Met,-0.136232293086
p.Tyr379Phe,0.196634583102
p.Tyr379Pro,-0.15986296127
p.Tyr379Ser,-0.139416508486
p.Tyr379Thr,-0.0546612910614
p.Tyr379Trp,0.18946251482
p.Tyr379Val,-0.241179645445
p.Tyr385Ala,0.0298551959901
p.Tyr385Arg,-0.252424441235
p.Tyr385Asp,0.112611480808
p.Tyr385Cys,0.531645233312
p.Tyr385Gln,-0.705091248501
p.Tyr385His,-0.303817222606
p.Tyr385Ile,0.323921762465
p.Tyr385Leu,-0.784279402246
p.Tyr385Met,-0.345141367785
p.Tyr385Pro,-0.424843250128
p.Tyr385Thr,0.0718698657381
p.Tyr385Trp,-0.180179302823
p.Tyr385Val,0.146332927816
p.Tyr419Ala,-0.196006777465
p.Tyr419Arg,-0.158185513711
p.Tyr419Asn,0.0941231262603
p.Tyr419Asp,-0.156204909952
p.Tyr419Cys,-0.339742468459
p.Tyr419Glu,-0.222233818565
p.Tyr419Gly,-0.268764785397
p.Tyr419His,-0.156635007603
p.Tyr419Ile,-0.257362838411
p.Tyr419Leu,-0.262168771588
p.Tyr419Lys,-0.255245141788
p.Tyr419Met,-0.376854048743
p.Tyr419Phe,-0.511139081955
p.Tyr419Pro,-0.32549019152
p.Tyr419Ser,-0.331758727823
p.Tyr419Ter,-0.261192092284
p.Tyr419Thr,-0.238624955666
p.Tyr419Trp,-0.141283407782
p.Tyr419Val,-0.211593667604
p.Tyr439Ala,-0.209344797727
p.Tyr439Arg,-0.154137978746
p.Tyr439Asn,-0.209270518412
p.Tyr439Asp,0.118833561531
p.Tyr439Cys,0.0054174868613
p.Tyr439Gln,-0.107749649232
p.Tyr439Glu,-0.194704093294
p.Tyr439Gly,-0.425904236258
p.Tyr439His,-0.160326008446
p.Tyr439Ile,0.344247592872
p.Tyr439Leu,0.063951694872
p.Tyr439Lys,0.0482268470287
p.Tyr439Met,-0.0381392432299
p.Tyr439Phe,0.047997073346
p.Tyr439Pro,-0.348924816142
p.Tyr439Ser,-0.142916972389
p.Tyr439Ter,-0.195956240393
p.Tyr439Thr,-0.247758100897
p.Tyr439Trp,0.303921193643
p.Tyr439Val,-0.00368406979733
p.Tyr466Gly,-0.201426598618
p.Tyr466Leu,-0.334796656813
p.Tyr482Ala,-0.175349017602
p.Tyr482Arg,-0.0299241669922
p.Tyr482Asn,-0.275248206202
p.Tyr482Asp,-0.247847356251
p.Tyr482Cys,-0.0328479097681
p.Tyr482Gln,-0.062677278358
p.Tyr482Glu,-0.140200889132
p.Tyr482Gly,0.00660081307914
p.Tyr482His,-0.214565139101
p.Tyr482Ile,-0.0309984877696
p.Tyr482Leu,0.213545800999
p.Tyr482Lys,-0.0497097092822
p.Tyr482Met,0.130238113578
p.Tyr482Phe,0.0454133113528
p.Tyr482Pro,-0.133424213279
p.Tyr482Ser,-0.0247884743191
p.Tyr482Ter,-0.115625797689
p.Tyr482Thr,-0.250336654456
p.Tyr482Trp,-0.0116462847254
p.Tyr482Val,-0.129557532731
p.Tyr514Ala,0.0165297515851
p.Tyr514Arg,0.373958073102
p.Tyr514Asn,-0.918823250905
p.Tyr514Asp,-0.342598834131
p.Tyr514Gly,0.172285187756
p.Tyr514Ile,0.188410907988
p.Tyr514Leu,0.0657677265682
p.Tyr514Met,0.111871631066
p.Tyr514Ser,0.12732005534
p.Tyr514Thr,0.047108256925
p.Tyr514Val,0.10018393053
p.Val274Ala,0.0458912766492
p.Val274Arg,-0.127452795759
p.Val274Asn,-2.87836772014
p.Val274Cys,0.317834246471
p.Val274Glu,-0.782700968747
p.Val274Gly,-0.490695159847
p.Val274Ile,0.0249893001033
p.Val274Lys,-0.638900441119
p.Val274Met,0.284997899305
p.Val274Pro,-2.55425199977
p.Val274Ser,-1.1222989432
p.Val274Ter,-0.399833387105
p.Val274Thr,-0.254394338123
p.Val274Trp,0.0522657106717
p.Val284Ala,-0.528276035395
p.Val284Arg,-0.115916769181
p.Val284Asn,-0.200226484435
p.Val284Asp,-0.21789213969
p.Val284Cys,0.121853887472
p.Val284Gln,-0.33147482277
p.Val284Glu,-0.272347926445
p.Val284Gly,-0.367026312607
p.Val284His,-0.255936236481
p.Val284Ile,-0.441192441921
p.Val284Leu,-0.410754222437
p.Val284Lys,-0.269413289652
p.Val284Met,-0.0909843655297
p.Val284Pro,0.00813801428328
p.Val284Ser,-0.307611311527
p.Val284Thr,-0.149782725234
p.Val284Trp,-0.238592048985
p.Val284Tyr,-0.127483156951
p.Val295Ala,-0.922815981128
p.Val295Arg,0.745907529772
p.Val295Asn,0.222233709569
p.Val295Gln,0.0391642147958
p.Val295Gly,0.373007047818
p.Val295Ile,-0.149582787438
p.Val295Leu,0.128340275203
p.Val295Lys,0.544326943115
p.Val295Met,-0.032364157887
p.Val295Phe,0.0159964562481
p.Val295Ser,0.264965750148
p.Val295Thr,-0.00398753480617
p.Val295Tyr,-0.160533827241
p.Val316Ala,-0.284440245095
p.Val316Arg,-0.178180391976
p.Val316Asn,-0.250123061742
p.Val316Asp,-0.282199421433
p.Val316Cys,-0.372818212732
p.Val316Gln,-0.298070497847
p.Val316Glu,-0.373792845014
p.Val316Gly,-0.193516658659
p.Val316His,-0.156357347008
p.Val316Ile,-0.124024192729
p.Val316Leu,-0.415411177159
p.Val316Lys,-0.413440139208
p.Val316Met,-0.352778752144
p.Val316Phe,-0.318951955998
p.Val316Pro,-0.296494866665
p.Val316Ser,-0.1348826407
p.Val316Ter,-1.32493050149
p.Val316Thr,-0.12060590815
p.Val316Tyr,-0.350142734918
p.Val326Ala,-0.433124290107
p.Val326Arg,0.396114343869
p.Val326Asn,0.356278430126
p.Val326Cys,0.0752766165656
p.Val326Gln,-0.331602500165
p.Val326Glu,-0.222490956848
p.Val326Gly,0.0425559796829
p.Val326His,-0.0497829758835
p.Val326Ile,-0.497119165872
p.Val326Leu,-1.62258570883
p.Val326Lys,0.509765685195
p.Val326Met,-0.450849530714
p.Val326Phe,0.135908094167
p.Val326Pro,-0.309248870109
p.Val326Ser,0.114072213683
p.Val326Thr,0.0667451442115
p.Val326Tyr,0.333699421282
p.Val331Arg,-0.282146560931
p.Val331Asp,0.101856581644
p.Val331Cys,-0.916066212922
p.Val331Gln,-0.267358370004
p.Val331Glu,0.684677959479
p.Val331Gly,-0.139097464954
p.Val331His,-0.513115618773
p.Val331Ile,-0.537401013112
p.Val331Leu,-0.43926374983
p.Val331Met,-0.756634508608
p.Val331Pro,-0.433653708066
p.Val331Thr,-0.315965650596
p.Val332Ala,0.328697299085
p.Val332Gln,-0.0862191970799
p.Val332Glu,-0.217758283509
p.Val332His,0.346125691258
p.Val332Ile,-0.450004333687
p.Val332Leu,-0.248945490473
p.Val332Lys,-0.0247779749272
p.Val332Phe,0.301184767249
p.Val332Pro,-0.0655925255009
p.Val332Ser,-0.0697236902619
p.Val332Ter,-0.0634526209332
p.Val332Thr,-0.23763105175
p.Val332Tyr,0.0390502445795
p.Val340Ala,-0.0826940254836
p.Val340Arg,-0.284107851831
p.Val340Asn,-0.0988183822983
p.Val340Asp,-0.592363427386
p.Val340Cys,-0.0155171421786
p.Val340Gln,-0.287857742675
p.Val340Glu,-0.125882889295
p.Val340Gly,-0.202775450913
p.Val340His,-0.270311599961
p.Val340Ile,0.141766262988
p.Val340Leu,-0.160428473556
p.Val340Lys,-0.313143150391
p.Val340Met,-0.539984613568
p.Val340Phe,-0.254967471718
p.Val340Pro,-0.203253031521
p.Val340Ser,-0.183478648852
p.Val340Ter,-0.0220623253634
p.Val340Thr,0.275685799706
p.Val340Trp,-0.165927355499
p.Val340Tyr,-0.248044380465
p.Val367Arg,0.573314299038
p.Val367Asn,0.216509141692
p.Val367Asp,-0.0708121978095
p.Val367Gln,0.21262070288
p.Val367Glu,-0.121579644564
p.Val367Gly,0.128594928693
p.Val367His,1.53456109563
p.Val367Ile,0.15372185111
p.Val367Leu,-0.47702209445
p.Val367Pro,0.0327987708368
p.Val367Ser,0.387904955015
p.Val367Ter,-0.00923183333414
p.Val380Ala,-0.1622009687
p.Val380Arg,-0.26586238438
p.Val380Cys,0.0761914298979
p.Val380Gln,0.205176452999
p.Val380Glu,-0.207174375851
p.Val380Gly,-0.375943954825
p.Val380His,0.557887875902
p.Val380Ile,-0.019980151862
p.Val380Leu,-0.389617233776
p.Val380Met,-0.0317920901665
p.Val380Phe,-0.0145411771371
p.Val380Pro,-0.263883104409
p.Val380Ser,-0.260380738053
p.Val380Ter,-0.122171593336
p.Val380Thr,-0.780535315607
p.Val380Trp,0.888335102606
p.Val380Tyr,-0.351311029766
p.Val386Ala,-0.442572739241
p.Val386Arg,-0.523736951863
p.Val386Asp,-0.382496172971
p.Val386Cys,-0.0222855612996
p.Val386Gln,-0.279482993145
p.Val386Glu,-0.000784992552544
p.Val386Gly,-0.356434103087
p.Val386His,-0.19744216411
p.Val386Ile,0.821845097904
p.Val386Leu,-0.00311502148551
p.Val386Lys,-0.20408053465
p.Val386Met,-0.0949507397247
p.Val386Phe,-0.316815015666
p.Val386Pro,-0.376022692278
p.Val386Ser,-0.248707281784
p.Val386Thr,-0.136782406098
p.Val386Trp,-0.392896650532
p.Val386Tyr,-0.0916569074221
p.Val397Ala,0.326403528621
p.Val397Arg,-0.0102365159732
p.Val397Asn,-0.141959775603
p.Val397Asp,0.341686675425
p.Val397Cys,0.500878230073
p.Val397Gly,0.015345056855
p.Val397His,-0.137787467843
p.Val397Ile,-0.50314509037
p.Val397Leu,0.0702506512072
p.Val397Lys,0.274597436504
p.Val397Met,0.0303906623015
p.Val397Phe,-0.0754464038222
p.Val397Pro,-0.34496434402
p.Val397Ser,-0.0764286610508
p.Val397Ter,-0.0518312481625
p.Val397Thr,0.468755257594
p.Val397Trp,-0.0587808434224
p.Val397Tyr,0.125221715885
p.Val402Ala,0.15511585384
p.Val402Arg,0.365093411289
p.Val402Asn,0.522482901924
p.Val402Asp,0.630220997051
p.Val402Cys,-0.219258684592
p.Val402Gln,-0.13492177794
p.Val402Gly,0.824410551017
p.Val402His,0.356797534803
p.Val402Leu,0.33478245328
p.Val402Met,1.34655539454
p.Val402Pro,0.28573675461
p.Val402Ser,0.378566268019
p.Val402Ter,0.3042636128
p.Val402Thr,-0.344649352054
p.Val402Tyr,0.566291370765
p.Val405Ala,-0.199825099767
p.Val405Arg,-0.301957933189
p.Val405Asn,-0.307678715423
p.Val405Asp,-0.097398041719
p.Val405Cys,-0.237087286016
p.Val405Gln,-0.51501892144
p.Val405Glu,-0.336776843946
p.Val405Gly,-0.153885630399
p.Val405His,-0.221813141229
p.Val405Ile,0.118761717549
p.Val405Leu,0.252822452218
p.Val405Lys,-0.508223310326
p.Val405Met,-0.171643841777
p.Val405Phe,-0.156782962169
p.Val405Pro,-0.0698959909629
p.Val405Ser,-0.0556273258375
p.Val405Thr,-0.00872414433097
p.Val405Tyr,-0.263146233833
p.Val448Arg,0.412271208546
p.Val448Gly,0.370893611277
p.Val448Ile,0.50426240943
p.Val448Leu,0.157350381884
p.Val448Phe,-0.193867142224
p.Val448Thr,0.861805071778
p.Val448Tyr,0.979903049013
p.Val464Ala,0.0253364488773
p.Val464Arg,-0.222826145254
p.Val464Asn,0.11520542223
p.Val464Asp,-0.228491523985
p.Val464Cys,0.231320538832
p.Val464Glu,0.0973820865269
p.Val464Gly,0.249716163174
p.Val464His,0.202672048143
p.Val464Ile,0.0210222261368
p.Val464Leu,-0.042206361108
p.Val464Met,-0.443493178122
p.Val464Phe,0.0539140746519
p.Val464Pro,0.58678146069
p.Val464Ser,-0.0449924319827
p.Val464Thr,0.0560594137958
p.Val464Trp,0.649687755978
p.Val464Tyr,0.340469894635
p.Val470Ala,0.0502169405096
p.Val470Arg,-0.0639838258763
p.Val470Asp,0.156386528078
p.Val470Cys,-0.234386754609
p.Val470Gln,-0.429364483938
p.Val470Glu,0.383726239138
p.Val470Gly,-0.0221635644357
p.Val470Leu,-0.00575097533207
p.Val470Lys,0.261349502689
p.Val470Met,0.185787444519
p.Val470Phe,0.218282292147
p.Val470Pro,-0.0751041158563
p.Val470Ser,0.42944944434
p.Val470Ter,-0.0869925724133
p.Val470Trp,0.276500381364
p.Val478Ala,0.0967271726066
p.Val478Arg,-0.392791653235
p.Val478Asn,0.0423138899149
p.Val478Glu,-0.1585611868
p.Val478Gly,-0.237436263231
p.Val478Ile,0.248247551562
p.Val478Leu,-0.0285084086181
p.Val478Lys,-0.149947427168
p.Val478Met,0.229486430362
p.Val478Ser,0.200008012604
p.Val478Thr,0.0934063822899
p.Val478Tyr,0.238727112132
