,H,K,R,D,E,C,M,N,Q,S,T,A,I,L,V,F,W,Y,G,P,*
270,,,,,-0.09707389621723139,,,,,,0.09661332159650193,,,,0.09139199322859515,-0.06596044268674339,,,-0.08456667655531525,,
271,,-0.010648530885689844,,-0.030190200831639036,,,,,-0.016492879519987902,-0.026474646131452007,-0.0868462602680169,-0.031105500968854116,,,-0.029060873382179775,,0.01412870218827278,-0.027438695448763317,-0.009249998183902042,-0.08734186022214063,
272,,,,,,,,,,,,,,,,,,,,,
273,,,0.11911840703789878,-0.026068181275249014,,0.03624303259974582,0.020879488479319974,0.06401238318948321,,0.1580099051364967,0.15604142216542094,0.11813313511313339,-0.019395409792827056,0.010192411430800075,,,,,0.19264369871336173,0.12809737011648936,
274,,0.06413746018461985,0.0847853125282434,,0.06717864600415258,0.15412933550254548,0.04822622974688029,0.23116717029844702,,0.2143439104916136,0.0749118424549935,0.1024645270429203,0.03236548213799839,,,,0.17453922466532967,,0.3195105640233171,0.3419258447902198,-0.0936667168702846
275,0.11238408554506618,,,-0.029759139173546778,,-0.04894324443127229,0.02601937513470376,-0.014003539825774736,0.009336651679426655,0.02354237435027695,,0.11889167176421944,0.022089531040638377,-0.020510526524529782,0.11867866034494012,,,0.12332109360352206,0.1719864138112328,,
276,,,0.08558244955739358,-0.05181127002434227,-0.004954424199495211,,,,,,0.15129752221417858,,,,,0.12452295097283317,,0.004875684288706328,0.1499059811823793,,-0.10705561634463567
277,,-0.1038727177419454,-0.0949607134546907,-0.01488821019972053,,,-0.10075160891238455,-0.08925722653695178,-0.09188524801254683,-0.08842597219519222,,-0.03736698396023108,-0.12092616974444198,-0.10297691304565804,-0.09633134697766388,,,,,-0.026293858444421225,-0.10894143317150007
278,-0.005882350764959465,-0.060213414598192516,-0.056867823126995565,-0.0645645832836167,0.13748099049345885,-0.0317145055983461,-0.02525456325611053,-0.04671130215673358,,-0.021051832238071277,-0.07552867197032975,0.01960850723041707,-0.06992862041790349,-0.06700742785531866,-0.06937390403827315,-0.02871343238460433,,-0.036994163494896704,-0.05786182812024265,-0.1019720791491111,-0.11193912074841816
279,-0.10847976296461603,-0.10208446788800918,-0.11439542757162124,-0.10292801733837864,,,-0.11134499743965176,,,-0.09972253452042867,-0.10979025879178961,-0.09904353512341235,-0.10036307250360132,-0.09939440947655875,-0.09576072977032413,-0.10444660852650056,-0.10718444922435122,-0.10825863809786196,,-0.10885397486563508,
280,-0.044526242303674524,-0.09739340132883068,-0.10718684515836152,-0.0976937303351223,,,-0.024582730432253896,-0.04020522670947768,,-0.06785702408158423,-0.0805361146450132,0.003841872881660713,-0.08802361647373058,-0.0808788170941146,-0.07562859072868922,-0.03846121199534891,,0.0007406599383168455,-0.04874475886242702,-0.10829046562227407,-0.09995410350065104
281,-0.07335130607154683,,-0.10518150793305059,,-0.1272914608975948,-0.09825138683074086,,-0.10007920456362362,-0.09728946937488492,-0.0927375122948072,-0.10904904711472574,-0.09504580679662755,,-0.10657973134100185,-0.09926450101744333,,,-0.09150014791067651,-0.08268575501989828,,
282,,-0.09255940358503523,-0.10281161681123596,-0.10370864453133,,,,-0.1035474684772818,,-0.09428278163544312,,-0.05163754075033955,-0.10077790229435069,-0.10257096581822367,-0.09615819456865715,-0.09577253092632476,,-0.08721659966944006,,-0.11356838989387374,
283,,0.2557544422642848,,-0.03057280053883793,,,0.20652346859375292,,0.057395717349439934,,0.10876349324396006,-0.04193899416756075,,0.23684353431736982,0.26397905973702196,,,,-0.10077421568957101,-0.1064412970415447,
284,-0.09768137792321951,-0.09994391945152259,-0.10578103191645805,-0.09877765371853497,-0.09284479974523052,-0.08099643706182513,-0.09641566037618832,-0.10067110795232714,-0.08142984225915406,-0.08789963391887856,-0.09948373465403682,-0.02894859758077084,-0.0607244923752307,-0.0896179196479876,,,-0.0930504960788584,-0.107475816587286,-0.07172383035744478,-0.11068142842124928,
285,0.11200431875071182,,0.23606492836910187,0.010418832446694282,0.012999305149790974,0.24484831717725175,0.18764320812709823,0.212554439477608,,0.25597536942568544,0.31781774280632913,0.21301536847396907,0.17642345958422823,0.1526065931108267,0.2323899276394279,0.06015642547561084,,0.10494839710828252,0.05303488835553649,-0.1017677881386112,-0.11854279545015611
286,0.008810730231284314,0.06877091918077127,0.09910578727070751,0.10093851162246814,0.053813978627760495,-0.006170180297325745,,0.025760893825174547,0.02681770595263888,0.04684991966390273,-0.01183515692590964,0.01897255298908118,-0.06224181364902037,-0.01445325675739495,-0.053809160541700374,0.033313662779397735,0.03242586269000358,0.05323979013398139,0.23310865410066528,-0.0930869882239197,-0.10313893479450187
287,-0.08218872994628057,-0.09919819971458455,-0.09920387881680015,-0.08527006603909126,-0.0945362324988459,-0.06134126181109978,-0.06150705264676137,-0.08537644449987503,-0.0884328829422052,0.014129613540339037,-0.058880415083939375,-0.02041381024650679,-0.10921598846226488,-0.10202925764264337,-0.09638871337107724,-0.08609538760797142,,-0.07157352101805214,,-0.09530417684346892,-0.10092808224537664
288,-0.008993083968823479,0.03270408473163933,0.03634242336392157,0.006393409891545687,-0.0012810836885832622,0.014882548622818792,0.008582962509866121,-0.0035769895670765273,0.016221096147184477,-0.01301386404565652,,-0.000872828348520871,-0.009838806813208922,0.00536213279603448,-0.0012009627900186892,-0.011448037569059988,-0.005635171552719864,-0.014796741597589813,0.03798705733303054,-0.013634919890221475,-0.10555114495816309
289,0.15465868557955798,0.0688378390382951,0.09211103493314932,0.03194301979518244,0.06388336580196707,0.11887782713684558,0.030805460251918326,0.07944815125218874,0.07816114301382182,0.0180970588110263,0.08334400879722148,0.04436383747153405,0.018137581595038643,0.011173117788463749,0.06116920219103639,-0.025575162345280233,,-0.006695919890749691,0.013343783029877265,-0.05153459792487913,-0.11131442382106649
290,0.02991999640831322,-0.012996411511666972,-0.010876148084499215,0.10089950755398469,0.033856785569220005,0.008824617308796245,-0.005949313019076197,,-0.007139755361406985,0.022630174088908994,0.03701241191813853,0.0035602569098229786,0.04844055118287982,-0.009555302385804598,0.03535365992455208,0.12294382301293183,0.10666745987036652,0.04119586679094467,0.01630584923108014,0.0396075639073219,-0.10982756768156965
291,0.0035055997463984134,0.013794257315229874,0.03621998490868572,-0.007262447111503034,0.011189025226114868,-0.0075815072069302936,0.016656525067661576,0.03899448675960571,0.022441405483065058,0.020329651135394533,,0.03819255604583738,0.047670318990435945,0.03659191275587226,0.01890872636493457,0.05609846318990641,0.09842848515491509,0.038727219204345076,,0.10994695197011373,
292,0.04041514829206494,,0.009335222967465473,,0.00514235582444722,-0.0026212447214502,0.000807304024266875,,-0.03306480517313237,-0.0016123790296347362,,-0.018624211438060367,0.07056236924527814,0.02126184315449109,-0.004902342954037353,-0.00013399505214728435,0.05525074541285058,0.05488026878204977,0.014805133188773079,0.0394121285243787,
293,-0.0037723143427248473,0.02671832599713886,0.04968467058942405,0.10241777535391838,0.032999711960723044,-0.040242073864283245,-0.04015727487081677,0.051327996278156096,-3.1983957113235206e-05,0.0350793817630628,,-0.02870026463620201,-0.012281546023032774,-0.0501088140794137,-0.04957525909723981,-0.061437305065544234,0.0014197238766966436,-0.03145640957511531,0.06692006284281149,-0.04713695013635588,-0.10288781893598165
294,0.03326927337133356,0.02688351745612838,,-0.007423630782766866,-0.02299707422035291,-0.02049842074989283,0.021569322134658453,0.10781724065208165,-0.012178447205838605,0.017670705617921056,0.21450501626217955,0.05752150689799462,0.004908725056516516,0.064736491612579,-0.02144560615984803,-0.024382201868749842,-0.0233762247933611,0.006569657505646198,0.021387779480085856,0.048371672709618174,-0.10210491117117237
295,,-0.11132348005678927,-0.054891958971938326,,,,-0.020293272888437297,-0.08045158710606803,-0.09481977586887391,-0.010752843970360138,0.020542494470209727,0.029901887693953633,-0.04563023277564526,-0.05466305881724598,,-0.019914533419085334,,-0.02084790207372844,-0.05925713531167909,,
296,,,-0.10155502212149703,-0.10716673021437084,-0.10098956516329904,,,-0.10150021004287302,,-0.0679402274186659,,,-0.10291274510485837,-0.1050063490424068,-0.10113875050694499,-0.09197705435966363,,,-0.04879555838218064,,-0.10667046472548414
297,-0.08916699862876154,,-0.10381685708444055,-0.0981561340516739,,0.11679059375064771,,-0.06866506388385185,,-0.04245978045227061,0.010380407247525536,,,-0.021481073928157235,0.05191745982322771,-0.038132146546571155,,-0.05008626178613418,-0.049084883134921764,-0.10001601300634078,-0.11348131427322239
298,-0.09832026069166977,,-0.10297835076971618,,-0.09434599857940928,,-0.10165355450234637,,-0.094395208212814,-0.10249991225781896,,-0.1014002277945758,-0.09567969592511039,-0.10700978804555372,-0.09513159135075322,-0.09360921169828518,,,-0.09300756644706543,-0.09046669288311404,-0.11011339245328788
299,-0.009026754923836977,,0.0024745780374939574,-0.05452632306633076,-0.053847210719792815,-0.07484728007578478,-0.018376187224362184,-0.03327663724260854,,-0.057710347303274845,,-0.06970035261898933,-0.09454733351728573,-0.026005388975645305,-0.0797850165584798,0.09786341474991467,-0.06037927256489828,0.033507328740874254,-0.03559386594386704,-0.0992355224089092,-0.11195551267130066
300,-0.05512035757042577,0.09483963631332726,0.3041654874562649,-0.0439266441700954,-0.00874294436627987,-0.0058328832205964964,-0.059305298470915035,0.12826494615849082,-0.03575667446498065,-0.002002726810080402,-0.017283900264335905,0.045476598979513394,-0.0864377706206958,,-0.09130319948632404,-0.10061007119289167,-0.09896332758048265,-0.07774521547498525,-0.03219132555661153,0.04836152549397177,-0.10120267824412443
301,-0.09052026266602098,,-0.03711039546011197,-0.0995935102999127,-0.10005171809268465,-0.07829172793223993,-0.04595007681553054,-0.09419338606650651,-0.04946578580302696,-0.08980198543289519,-0.0854658906177499,-0.09022773158042519,0.0624202339356934,-0.0492291697467333,-0.050607070834023604,-0.09004122895237199,-0.09734330545049796,-0.08969795570930306,-0.08967719359949011,-0.10322725879964967,-0.11232492787915971
302,,0.04128578396054561,-0.0010657679676289167,0.06151833607975821,0.0031563449099527574,-0.041864889598357324,-0.023788479787244965,0.032320320520444534,,-0.0007180380056315272,0.0010069064118884974,0.0011150089502285354,-0.04262374513125233,-0.016732233562698706,-0.023078560465954245,0.04245439149621788,0.022525647707600793,0.1770106184127691,-0.0080308800765021,,-0.10788251997685272
303,,,,,,,,,,,,,,-0.04507524249143713,,,,,,,
304,0.018237326838088208,0.08825333928181989,0.19442176304496916,-0.0415274837020112,-0.03709417673335347,-0.025119813374109512,-0.001955708099593778,,-0.005724045842836922,-0.020591643565246676,,-0.014569054445066287,-0.07743824600093252,-0.07355990489286757,-0.06832617801493124,-0.05656345812593233,-0.022139030121231862,-0.032634545020587824,0.009679759363201867,0.02969667975829493,-0.11309505654306518
305,,,,,-0.06275207003648076,,,,,,-0.10410663991619717,,,-0.09758707893029528,,-0.09462031557902362,,,,-0.07443063115243309,
306,,-0.06590189616251552,-0.03416786858524201,,,,,-0.10272465789632146,-0.063045167093158,,,-0.0920949652120604,-0.08148212440656366,-0.05431978401818627,-0.06862266980950182,,-0.06471914179946114,-0.05380183687122031,0.0025242420378026598,-0.06888197321894118,-0.11858199281828191
307,0.014471453937707324,0.028198581449337734,0.019342546812505912,0.012273654529763478,0.0318305233205165,-0.006802117736747881,-0.029300295613883254,0.11793476925560498,0.03015722865359316,0.03338690432311586,-0.0031449823133236077,0.01915919487788842,-0.059375232954109514,-0.0478019074831022,-0.03392835436525665,-0.015395519924575884,0.0038612286756887215,0.017258368728983342,-0.03423705119240816,,-0.10874927981991378
308,-0.03125791280642609,-0.01048221988396314,0.00498161551877363,-0.006705400002972484,,0.02015606915096857,-0.0077207319417997855,,,-0.019645903852202995,-0.026307870755398977,-0.0018426975344516539,,-0.010832771835836752,-0.057740666775309535,-0.0322665071196937,,,-0.03866029116913827,-0.05604975163209425,
309,,,,,,,,,,-0.023095051493817076,,,,,,,,,,,
310,-0.1046858130641578,,,,-0.1018427776468287,,-0.07164521230070942,,,,,,,-0.08864150926195669,,,,,-0.06302798987380809,,-0.1069854785769988
311,,-0.08773111507014542,-0.09019343689318804,-0.09333303352474831,-0.08484819755895723,,-0.037523244869831274,-0.07352709034398786,,-0.09359443884341634,-0.09525367835910326,-0.0810148196224878,-0.048987789922913416,,,-0.03935582733208132,-0.026473843119610985,0.014405111424631745,-0.0865443805439986,-0.07848965033391786,
312,0.002036078242429795,-0.04676943590692706,-0.024592130101798837,-0.05827290172138577,-0.02510701041183805,-0.05712720005668204,-0.022491640844350957,-0.010782531738155132,,-0.05380458174163716,-0.052891287244600016,,-0.0712376320729593,-0.0521352574556565,-0.07403180067016824,0.0016635013705545987,-0.08438012557398633,0.03766934461893667,-0.008211450033744239,-0.09314866193230853,-0.113755510627786
313,-0.10147490746399901,-0.08990034803499725,-0.10175698837159342,-0.08398822370491821,,,-0.10120204675565181,-0.10007998489933023,,-0.0969929186581534,-0.09952236979101503,-0.09655816306209275,-0.10286075762983682,-0.09634509578352368,-0.10185836662233705,-0.09795032479885568,,-0.09188477555602914,-0.09766408472580423,-0.0905520397872992,
314,-0.10450288821249831,-0.09327843317682749,-0.09509376437048178,-0.09751194990188639,-0.09409888677455847,-0.08008445101427997,-0.08894626007636974,-0.09384604748407355,,-0.0649323467613826,-0.08889821482346505,,-0.08391797671018952,-0.10168288009706927,-0.08117831106819462,-0.10379513227753323,,-0.08433932415552814,-0.05193747682570671,-0.09273517491473793,-0.10507669064292857
315,-0.03300453477660814,-0.05871344840553083,-0.05306774105084833,-0.006986928316107477,-0.00015936904952984499,-0.021429970808805043,-0.04827464100879375,-0.01082929774375474,,-0.033956376931443266,-0.022944506548240984,0.00011568156540420205,-0.07482526269531686,-0.06421512745276159,-0.07822136250213829,-0.04920963872620843,,-0.0383389174471902,-0.03762602568135409,-0.09310116957329584,
316,-0.04417453757884893,-0.09714336024624359,-0.03723731108403405,-0.09023953358972736,-0.09537457427642027,-0.0016408603630182483,-0.04667274319835468,-0.07076336078742129,-0.09955889570698195,-0.06467259427321459,0.00073250369174227,-0.04527280913261511,0.04271778793564174,-0.031225309604385743,,-0.08485745726731697,,-0.07257901014027113,-0.09787716191184659,-0.10196520562838363,-0.03993448262453869
317,-0.07901501777177666,-0.10806686922770503,-0.10037332151428113,-0.10303892934373249,,-0.08286091040597254,,-0.07450597364267242,-0.08583626629210261,-0.08559965071720277,-0.09807806489003645,-0.08497008579212639,-0.099134533352497,-0.03888192014519176,-0.09774217993127321,-0.10548531046175369,-0.08414094959602669,-0.08965832391850259,-0.08418060563923369,-0.09515583113414416,-0.10386358777335836
318,-0.09527450384538061,,-0.08026470413470466,-0.05099431208923266,-0.07264804071858999,-0.0876461388339348,-0.059429356099467534,-0.06439489439779489,-0.0768866069891363,-0.06224088996684196,-0.058922513996279124,-0.07109827315304262,-0.09148551914763214,-0.0978128060688721,-0.09367600632119111,-0.11518655148627277,-0.09534101709717924,-0.086788988356155,-0.07773024825497765,-0.09722187305817376,-0.10942959656362083
319,-0.011489364901242416,,-0.029078894421498358,0.018104345041460856,0.01079040291672273,0.0011026022451812167,-0.02045045625585118,0.014343604759825102,0.0022703168666526885,-0.0039057017936949823,0.015907397687277225,0.012094560658730824,-0.036557826333627474,-0.0349316097770449,-0.02437496837772124,,-0.08028305203743058,-0.0416318881812503,-0.04116804527581808,,
320,-0.09264742074132692,-0.11648094354581107,-0.09998880658773102,-0.0960343958803479,-0.1010946550713947,-0.054847210728864115,-0.052312577988460895,-0.02521620944954317,-0.06949112140857627,-0.08735826007098779,-0.07270249742421253,-0.09742117263488637,-0.07024919983281797,,-0.07508913618696522,-0.035315654110678274,-0.11193716853406643,-0.0896119556805347,-0.0901914841107404,-0.09411982749895975,-0.11038813708808981
321,0.016804757196160924,-0.04978908481889177,,,,,-0.012877983665457782,,,0.05412124152454201,0.017805158194248438,-0.029528396799360035,,-0.06640626749946854,,-0.02299291258992575,-0.017279730493065637,-0.033377090397429754,0.055329847233966944,-0.07151612126677653,
322,,,,,,,,,,,,,-0.0860791267647919,,,,,,,,
323,-0.04268845850749914,0.0015944080074019595,0.013751313010116561,0.004667856145047278,,-0.04866350837071498,,-0.009160484287832116,,-0.016443552735142752,-0.04554903302268598,-0.05141693975853434,-0.04532644460066426,-0.05160783917695122,-0.03550620320058551,-0.044066985064449726,-0.037731533274350415,-0.041869897990540084,0.003809376423791422,0.004964769510278355,-0.10048808663293562
324,-0.005724787768564221,,0.03265298639665204,,,0.02156026195828553,-0.03532375015263689,,-0.01917932655074739,0.06556782185228904,0.0003821587170098617,0.019769234743335362,-0.075530084140494,,-0.03396753346061865,,,-0.011691763644520181,-0.04135055742325355,-0.07893060061618584,
325,-0.07056736341140124,-0.08077582836240527,-0.10392929853582888,-0.09875840057094754,-0.0963105004227669,-0.0293414447896716,-0.03929659751530723,-0.06545340309185932,-0.07881066299820894,-0.04625303733441832,-0.005589116678633266,-0.029299593502272403,0.0679108812172533,,0.03939255478727022,-0.09315855983631083,,-0.09900963979830435,-0.0910712378345816,-0.09692937582073868,-0.14251065205913804
326,-0.030008617335464116,-0.014654524281684456,0.12348557866662802,,-0.07708399224070295,-0.008711996151147927,-0.025539808843850542,0.02863265173993046,0.008067307334820528,0.005090270023224264,-0.027058177100871328,0.016476692177039842,0.0311829425824377,0.08785595176004124,,-0.06023926693588977,,-0.03919452755905972,-0.032568430529474224,-0.05408677877639345,
327,-0.013830472403263183,0.015153625450194275,-0.009502165273304719,0.145156026189857,0.08944242347683451,,-0.007890892886990297,0.021659273577854243,,0.03212550254130875,0.014511414443455495,-0.006718331042064429,-0.05266398837224029,-0.03590812063309512,-0.048733523673028856,-0.04623614592101677,,-0.03513111495875387,-0.030821416343413066,-0.027286318727777648,-0.09502270407564639
328,-0.09713454539172639,,,,,,-0.05280934595691744,-0.09827875077443848,,,,,-0.07137792249044428,,-0.09709340465792093,-0.11867959251539811,,-0.12791512867173782,,-0.08431652457053973,
329,-0.005529587540451519,,0.13584454648660582,-0.060656578191477184,0.0018382899156272892,0.0011877733167056093,0.025808837879951918,-0.021961961358803572,,-0.03090382886461196,0.008208504680234707,-0.00047522170267111363,0.09261476511589928,0.047829037500918714,0.032927405628690565,-0.009660431250538615,-0.014655893898224415,,-0.055825577556385286,-0.0952843774991935,-0.1082420909365015
330,0.04487918355181186,0.018236106792773432,0.02229419721975323,-0.08070522743981545,-0.06517979809249907,,-0.06956706400001089,-0.01084852180446405,-0.11597488645560006,-0.02515281428143723,,,-0.08153959152116752,-0.08125063835856006,-0.07860794041149577,0.03145925444872266,0.09386451348064817,0.011162080888127868,-0.05156170851711106,-0.09333616197899353,
331,-0.03436482585722933,,-0.0397056861366305,-0.06988559566799168,-0.06006742973778911,0.07683007892674398,0.12373528625553432,,-0.024895951392875704,,0.012540301628060302,,-0.053225680957833754,0.03572863897408474,,,,,-0.08514509617118038,-0.08794520921815008,
332,-0.05023147937777428,-0.0639742390415845,,,-0.08724052485638878,,,,-0.06711090045658574,-0.06790312445566804,-0.058507201059813774,-0.05045104538072498,-0.0037377568096625957,-0.03433917108694251,,-0.07202560575056771,,-0.03275350735028759,,-0.09310828681523109,-0.11808659182588904
333,0.015258628561242382,-0.07059481702373349,-0.05855190612657446,-0.07892932569698297,-0.03701574788222617,,-0.05969273294036692,-0.06942036747925606,-0.047494163335712214,,-0.04495414672853659,-0.08489546637048362,-0.08394515178108208,-0.07915699400677123,-0.06516032897548751,-0.06588170654398984,,0.013255393096917256,-0.07521714719317751,-0.07719500699179371,-0.09920032491312825
334,-0.007643210314360438,0.02998409546079106,0.01406920398241085,,,-0.024373432938469275,,0.0016799119394728113,-0.007258376316890747,-0.02127911899794932,0.006213736405516146,-0.00537853413275613,0.02285521365141463,0.03752341056110531,0.017028138610653887,0.03250982100083588,0.020662773354804598,0.049654297033383976,-0.0526753555112478,0.05500194994088936,-0.10969003922052711
335,,0.12106984064320425,0.15884369713176394,0.07144335980463756,,0.09886758663848694,0.2761364939084179,0.0595598244520823,,0.0590791309408889,0.04497125305012828,0.06948124701406888,0.1411917503044675,0.13633459701846773,0.05512672757984216,,,,-0.013938738612955692,0.03317670511711612,-0.1062607362252126
336,,-0.07449694740218626,-0.09053217166676097,,,,-0.08588512611180943,-0.10052023927971954,-0.08053163423076282,-0.08334874159269945,-0.08252404828494497,,-0.09382180345691049,,,,,,,,-0.11852509489418267
337,,-0.04692894629698685,,,,,-0.042510457090941145,-0.057754659627440086,-0.03777586341723582,0.03030828873739333,,,,,-0.03482085024126391,,,,0.022573352391273893,-0.09698204680882838,
338,-0.03043223834413511,,,,-0.02394672899723882,-0.03262741316058548,0.002254579369466825,,-0.08184208570918572,-0.08350521834779223,,,,0.022742091669281095,,-0.010601656892283096,,,,-0.08529614832399623,
339,0.01227373804218157,-0.1062129406841208,-0.09721959082381315,-0.09015999929161012,-0.09324605978232536,-0.07747793384204404,-0.08847925081053598,-0.08370522442497641,-0.060465394910617754,-0.09932357356205335,-0.08459512988470752,-0.07973339029416004,,-0.03450763794223555,-0.05519692225907891,-0.08739699748266738,-0.10608344893568389,-0.10304572654092192,-0.1065329755401766,-0.09327537975757305,-0.10363017012914644
340,-0.09620927163184745,-0.09804360894561026,-0.09684359899168127,-0.08631608627299825,-0.10514407797936032,-0.01914394495489824,-0.023566827868070517,-0.10006067384537498,-0.09764672586193313,-0.08187845841568031,-0.012925432920399382,-0.03369523295185717,-0.04313174522646834,-0.0554510091120205,,-0.09694057045647864,-0.10225154472370757,-0.101562549886273,-0.0872069802381844,-0.1067665169256925,-0.1145407391845169
341,,,-0.06230342004013356,,,,,-0.09215010881049146,,,,,0.03670197856763324,,,,,,,,
342,,,,,,,,,,,,,,-0.08100161371172543,,,,,,,
343,,,0.02736149295272705,,,,,0.021795857537176833,,,,,,,,,,,,,
344,,-0.047705797766192326,,-0.08391978945564549,-0.06156770750577645,,,-0.08014625363455119,,-0.05449751370667966,-0.07124097892819758,0.01952712556420977,-0.060763633591176536,-0.052436930425860506,,-0.0579196809016006,-0.09753267527236742,-0.038404168315019804,-0.06311038549048675,-0.10683239552297807,
345,-0.02397659953145692,,0.04433158636283974,-0.08434708230855004,,-0.019109866949537535,0.016729517669242355,-0.050951939491709064,0.06806895690974146,,-0.013122532544747711,,-0.017340656821847933,0.01861742627714169,-0.01947408399861983,,,-0.003623394602864538,-0.017018834998730137,0.007762814750157387,
346,-0.026284143428195073,,0.0027041280712905014,-0.051734164462901244,,0.0011767612390658488,-0.012363806404978028,,-7.448775996232726e-06,-0.011056872738120616,0.052842159953446544,-0.020982972779192144,-0.04973248253147,-0.019702261859804615,-0.031274527984508804,-0.01637989567976761,-0.011281660627487033,-0.0032519097783034745,-0.011313313551654769,0.04073896981507863,
347,,-0.035691128879837386,-0.028862646105710432,-0.06948673677166095,-0.08119373699388843,-0.03201564586981953,-0.054780606685403965,-0.013052724628780377,-0.06132251085730267,-0.033177959350289,-0.05502798348284932,-0.05079567851903222,-0.10003642071772767,-0.014265909172200164,-0.0959769251342929,-0.04278397045344473,-0.06968231018408133,-0.06961328238904008,,-0.09365318864643934,-0.10529512610925817
348,-0.08551013460323686,-0.08687725682820013,-0.09639886675731157,0.011728396995709822,-0.09346885213684708,-0.031510536561175195,-0.07669879035494487,0.015066062866246233,-0.05790883465989327,,-0.06163720277149487,-0.058056074649012746,-0.10292696867991791,-0.10231947481747705,-0.08626788518291173,-0.09694888451544226,,-0.10508302009999682,-0.09001203046839479,-0.07225456911119355,-0.10008717870526807
349,-0.09728389295215956,-0.09861923697610264,-0.09583736022757372,-0.1039892881752813,,-0.01768282582334635,-0.021326153609449783,-0.09261806626481328,,-0.04000598641659314,-0.041626476833489745,-0.020688991188771988,-0.023961602742792687,,-0.020516210663215073,-0.03312411639274693,-0.052264311509232386,-0.07666113250086981,-0.049161251887040125,-0.10414348012231178,-0.1031491460914884
350,,,0.031373369020938124,0.030605544742724033,,,-0.008619304616492185,-0.00010618193821709809,-0.004066073996386921,0.0334717806180207,0.014338062448170152,0.05286226451968323,0.010259173695187584,,-0.020864078603600955,0.024735527246191324,,0.0896206397339343,-0.01554160904257218,-0.07047816986214128,
351,-0.029601680578717593,-0.07120245592448282,-0.07321383590210795,,-0.03703300099316942,-0.03676543145264488,-0.05959307870180541,-0.03932326246816964,-0.030138501777126514,-0.03045253527403946,-0.04777372903633825,-0.04979512454724988,-0.07213394481901625,-0.06272284442056297,-0.06773460828111544,-0.0451816383213004,,-0.0878757231190389,-0.028417051540540417,-0.0705442523107116,-0.10414947349164094
352,-0.04544680450424843,,-0.06751455462339784,-0.057221361631974,-0.07489351483324036,-0.05061682301409842,-0.042088932780081745,-0.07157124261403236,-0.0517678029959211,-0.05900174554407722,-0.03160129216690555,-0.04233732274414104,-0.049423661121074325,-0.036025182887510665,-0.015148878932621956,,,-0.018889639207459563,-0.0794508803979207,-0.0622812689073351,
353,-0.0913203790690541,-0.09870357810791452,-0.09821719495543768,-0.08951987672746942,-0.07940764753685403,-0.022545705168273145,,-0.07524656492509685,-0.08711220113633611,-0.0567143176988284,-0.056321845181858454,-0.045784048683932266,-0.0035663320663523734,,-0.01609016241755734,-0.045463447300378323,-0.0646779805342198,-0.07296214478033802,-0.0919960100867615,-0.09813050581590899,-0.11102677647067805
354,-0.009496343283590836,,0.04030079105190354,-0.04521948625360239,-0.016220562630141044,-0.011371743464591022,-0.022238524823419148,-0.0010053140276724548,-0.014651055718350348,-0.046327715864527,-0.015200986845137265,-0.02808445379028246,-0.05677450932441774,-0.02862025153809533,-0.016614377778485734,-0.03724868413739113,0.0037665448338044527,-0.019366273914073417,-0.024546468037386582,-0.061901637077670046,-0.1183818294415
355,-0.01665177979115895,-0.05304660538499595,-0.041859821584139256,-0.06370064674165377,-0.04886801824606102,0.005694622193609611,-0.029592548227717952,-0.025573363134944405,-0.02457129606408892,-0.0002674689473087799,-0.0256801042590733,-0.019296856101626902,-0.04257302494071036,-0.040439767072584454,-0.040536706629875185,-0.006504158687766104,-0.021471916393409618,-0.0349752381206736,,-0.05147387667253733,-0.10808053619923363
356,-0.01167415376672265,0.001048506403329874,0.02205566029801842,-0.022957822486510127,,-0.012516941548067706,-0.006400708363672569,,0.053004045126555877,-0.007017905521489842,-0.016261474239771312,-0.014270435226019007,-0.027124122394932337,-0.024521988826680552,-0.008575217048901962,-0.017017029504933445,0.05243238195259137,-0.02538326042175898,0.007759133295214049,0.02006653896080679,-0.10902575404354153
357,0.016434844665700776,-0.006095851054090717,-0.022321297364948034,,-0.020566409612089,-0.009719373398055842,0.008671803269878042,-0.0170643952940146,-0.0090949856619702,-0.01978333781532937,,0.011928271706791671,-0.032902562758733156,-0.035574470062749164,-0.033131538991014065,-0.05837926990866027,,-0.022775839410019483,-0.005787936247366066,-0.02153159331118215,-0.10167241195788623
358,,,,,,,,,,,,,,,-0.010001792515103247,,-0.04250259168172432,,,,
359,-0.0031967558701626597,,,,,,,,,,,,,,,0.005622240400489975,,,,,
360,,,,-0.0067461013041805185,,,-0.006629103029677674,,,,,-0.010564611745481178,-0.052665813652344906,,-0.03982526938403019,,,,-0.006595774436944257,,-0.1271254796789043
361,-0.04783740674755266,,-0.05777441124558258,,-0.056486074732575164,,0.003648383135583133,,,-0.03944398510435443,-0.03930783092016776,0.005484577560134651,-0.02076971539592032,,,-0.02410887831045283,,-0.031861443269010525,-0.10829688874708898,-0.04920767123970493,
362,-0.0525104141871805,-0.03515466373526133,,-0.07057886720361028,-0.05696426341561589,,-0.0367584657862694,-0.055574088717673,,-0.055040948622442354,-0.06499244150680172,-0.05435186268772496,-0.06206579840811177,-0.04904774025563463,-0.04685559434004527,,-0.025947339097098565,-0.028130559584224946,-0.05956923237593015,-0.06185030771518951,-0.12317554927240287
363,-0.016323989952856888,-0.05003462086690824,-0.05262311609756021,-0.07555223311349468,-0.09040925359007934,-0.07119351265586593,-0.05768770531755063,-0.058183014326086524,-0.06964679281197561,-0.06432944830235388,-0.06013659173258634,-0.059702239484570874,-0.05458097522130656,,-0.04075979910202654,-0.06028214130927667,,-0.06866269809512382,-0.06075793774677685,-0.06620347004172866,
364,-0.016702647283173278,-0.05085912333209963,-0.04257408865983758,-0.08363929243925816,-0.06566064259582005,-0.07554803385972486,-0.04894304858436915,-0.03293554619667005,-0.05282323614388784,-0.044909165663653994,-0.04627640683766998,-0.060565486480912534,-0.07366070951167958,-0.07307340892505398,-0.06639149908265851,,,-0.05462631954883046,-0.030572325423451785,,
365,,,,,,,0.14130444649480456,,,-0.04149085809170683,,,,,,,,,,,
366,,,,,-0.08343547213645108,,-0.014647679309163664,,,-0.03634826454216489,-0.072580290588388,,,,-0.041302593767156726,,,,,,
367,-0.07849444592919497,,-0.008966652909983441,-0.09164431518492488,-0.056289474872712186,,,-0.028857644131615068,-0.058298541135277215,-0.033446612243831275,,,0.0007817149345539232,-0.007551137871343094,,,,,-0.057206141851552594,-0.08316646844843678,-0.10425629513521728
368,0.06755529301650798,,0.09736806263191511,,,,,0.05981248358023894,,0.04060036691040936,0.03724848522788271,0.08073698565561838,-0.0014942339939063576,0.016433132399831685,0.008529549553352833,0.07151592656228756,0.0407919553129652,0.06164241139840243,0.02994122893647333,0.024858991709552303,-0.1308190922842299
369,,,-0.04768698735826726,,,-0.028178407810487638,,,,,-0.050655999070713165,,,,-0.05346609043669981,-0.025109673321332737,,,,-0.10447279012128807,-0.11273874050356125
370,-0.0975846344544341,-0.10942985690462537,-0.10311491160520814,-0.10519406490521144,-0.08251230617124305,,-0.05382657906119104,-0.09255938515867224,-0.06869485793241825,-0.015153886435183006,-0.05009671480879052,,-0.07052024500788423,-0.06805665838994746,-0.046002254477254256,-0.09824611315714704,,-0.1060205483030019,-0.03504769121711582,-0.0987347026761366,-0.110460975551679
371,,,0.0409341837191155,-0.04508695759925452,,-0.044730950766743494,,,-0.02007074922470009,-0.027018366996970578,-0.030925737353084015,,-0.0505194038862089,-0.04844934856141481,-0.04465607958085793,-0.05717393296429296,-0.044580708964141236,,-0.008729830147471862,-0.10186804229664348,-0.09653265605141759
372,-0.025745896059963025,-0.0036203682139979154,,,,,-0.06224833432928267,,,-0.016544820880828093,,-0.04339092209363882,-0.08929560344056264,-0.11239913626889197,-0.07392754658170164,-0.08553131717110807,,-0.07119542152605651,0.087044502100186,-0.10515981812579556,
373,,-0.09197960362220214,-0.09036211472679956,-0.09454856871936657,-0.11766953543175668,-0.060072771612262765,,,,-0.09034748370479584,,-0.04290232336425004,,-0.061425875597793,-0.009068767041321424,,,,-0.11339014196974118,-0.108024316832949,
374,,-0.0617429421540624,-0.09011986476765066,-0.09256171642795097,,-0.019305596642758882,-0.09010273970096239,-0.06609062313352287,-0.12101619568107719,-0.019029557692703092,-0.04959017057809989,,-0.051359192329234915,-0.06603705177269492,-0.0550100898626128,-0.1123037060464841,,-0.08807175631858888,-0.04486354370832246,-0.10185956153849318,-0.0920866213667616
375,0.013432135348938612,,0.05472667463096448,,-0.025901485540481328,-0.003929734192266832,-0.047896821940719425,-0.010290908797975895,-0.030008074939571028,,-0.02855475626225168,0.001079974278888507,,-0.031443521934510166,-0.05901443570094911,-1.8639662336950025e-05,-0.11368719385311565,,-0.00525435670434482,-0.10036861307648415,
376,,-0.10212890184223211,-0.10183705531649967,-0.06423637476628419,-0.08990809194965854,,,,-0.09066628886425798,-0.06992311860244793,-0.08925707564587015,,,-0.10353324887204407,-0.08698904332976165,-0.08848127229423208,-0.10197467378587288,,,-0.10095360685885069,-0.09042190522575566
377,-0.07019252903962103,-0.09673359488662348,-0.10708741947032463,-0.08987967978302702,-0.057967759612151504,-0.020604634998736104,,,-0.051519870887300034,-0.04150589865740839,-0.06704160897907219,0.015345865532823133,,-0.06584283911325128,-0.02024727711159846,-0.07739092590758234,,-0.07564650299878584,-0.055763851507020123,-0.09967870586448058,
378,-0.04424521789516134,0.05077203227313709,0.028122543846428538,0.006629063391941914,,-0.004731696283738707,0.015883833837166073,0.029609885922588175,,-0.0038699932569030704,0.03672721772630161,,,0.048774628428147615,,,,0.00450694145603725,0.017647172287628576,-0.10074310741994608,
379,-0.013846742389024946,-0.052005607210740545,-0.07502073121026831,-0.060519568424171055,-0.03337356915091583,-0.05727267919375545,-0.05861104997007227,-0.0577073360227387,-0.0073247776952360955,-0.052405401277452635,-0.06544769135777129,-0.07250945958068145,-0.09502152584142687,-0.0631154207056338,-0.0661134545286225,-0.036448572566112114,-0.009075009538871193,,,-0.10447596368273282,
380,-0.0976423706028432,,-0.104313998286926,,-0.09097470844434807,-0.06625952177491101,0.05384128463072946,,-0.10253038078298182,-0.08316919258297606,-0.017887706808529247,-0.096915286648948,-0.037669134260641446,-0.07382015855000235,,-0.026412459042840286,0.00960334883247782,-0.094964048761773,-0.0907247392374605,-0.09752003697942158,-0.11288216857647904
381,,,0.1616013942008605,,,,0.14327296756458008,,,0.23599984881633462,0.21298928498308367,,,-0.0438520716133759,0.06954807527352314,,,0.09682517756770048,0.28939077267696733,-0.07895927139636116,
382,0.009470255128057214,0.013855323585289403,,-0.003566237106815029,,,0.01133686628776509,-0.009018407094142589,,0.026414367790684512,0.005079382381452113,-0.011350708367455775,-0.031100054562198665,-0.030662065154879237,-0.029610124080102995,,,-0.017556474448052972,-0.0009659649506987833,-0.0910452494934827,
383,,-0.019311756571656513,,,,,,-0.034460045222788116,,-0.06046610354367232,,,-0.08094653364735904,-0.08167480022093931,-0.04929306560042446,,,-0.09141990885915974,,-0.10071980419369464,
384,,,-0.00929475510631117,-0.041289842286932554,-0.05441697541524637,-0.019046582417577396,-0.025491668833262926,,-0.021324113800926803,0.012836303175448815,,0.008862982751355775,-0.1048134326526764,-0.04024711010461268,-0.06637461030672454,-0.035651980203381894,,-0.03793585228631979,0.03594797976826536,-0.040283477976418514,-0.1311884491329101
385,-0.05458854217059428,,-0.09316519061750206,-0.117971192429004,,-0.021801882643183834,-0.0077907862957844465,,-0.07645670484092759,,-0.003862127198643872,-8.027429083146131e-05,0.0789207203408786,-0.016148911830603963,0.1011590001667444,,-0.04247122097610134,,,-0.10471745209495376,
386,-0.09837973639453401,-0.10417647176501632,-0.09397075421579937,-0.09873691802927054,-0.1213636281973185,-0.016437531386813697,-0.07501144280378413,,-0.1003953641894425,-0.08920767150980902,-0.0635922169322859,-0.05857475961677672,0.007433888046290749,-0.04869513722572871,,-0.07964855693655437,-0.09978382512027195,-0.1077720651776426,-0.09084611793842667,-0.09578570662178554,
387,,,-0.09376238731545627,,,-0.09578186214257145,-0.08545766778653274,,-0.07416596670533959,,-0.09523979836338303,-0.10072339712030542,,-0.1025031800432693,-0.10304326819688159,-0.0804637847062849,,-0.09999576412968758,-0.08577837632446583,,
388,-0.0950665956764154,,,-0.10656317496182144,,,,-0.06554039716745674,-0.12094971179360586,-0.1092133868378713,-0.0925774331767939,,-0.06814076500071187,-0.09929419114694304,-0.054334642390895915,-0.08797088579303824,,-0.09762465010660915,-0.10874959449176214,-0.10008240977586891,
389,-0.09772838207549017,,-0.10021128818723479,,,,-0.08428329675537383,-0.08077817491821881,,-0.11243686980214607,,-0.1038607337963613,-0.07390088117245464,-0.09966881129428617,-0.0831701892648059,-0.09986447860911274,,-0.10839494743683253,-0.09184254949390613,-0.10634051098935116,-0.11880343765293716
390,,-0.09551856326112929,,,,,,,,-0.09096440362996483,,,,,,,,,,,
391,-0.07482013868995152,-0.08751391694218891,,-0.10003023731688532,-0.08475224362251188,-0.0880375771387607,,-0.11192320424607138,-0.0765003654884231,-0.09175754762321342,-0.08121910350836326,-0.09324275333191578,-0.11534012326988963,-0.10531172527843502,-0.09326290403645476,-0.09513903830218684,,-0.0970675816128671,-0.09687226399376414,-0.09504624051145172,-0.02332374263710646
392,,,,,,,,,,,,,-0.03782003444877424,,-0.05457627440093926,,,,-0.06897905301138241,-0.11848668084047176,
393,,-0.07709071603536977,-0.08397853955307877,0.023061212603287196,-0.009902911659160019,-0.03424979023646846,,,-0.08120919395013615,-0.050687589320488335,,,-0.05254737576207902,-0.09017150702038512,0.020718334142044048,-0.09781311917019586,,,-0.07050929070483769,-0.09342019559498249,
394,-0.11127332944599633,,-0.08811836071875123,-0.09655980732118497,,-0.10386406542115911,-0.06533073280666946,,-0.09428195548387874,-0.11781951705820032,,-0.10488183587275424,-0.1035196608521669,-0.10410296857064072,-0.09689252277435179,-0.0946795751179863,,-0.10386354187117197,-0.11447554786214265,-0.09061717435342442,
395,,,-0.10510201259234353,-0.10179037143996883,,-0.03605529383832362,-0.051472329733554756,,,-0.0939277786167918,,,,-0.07594759064925638,-0.04973287133217208,-0.09594091395337201,-0.10404429258574188,-0.10161933781456556,,,-0.10424252347462082
396,,-0.08623275332018543,,-0.10609409352562105,-0.09161771653709405,,,,-0.10455089276214435,-0.0926266624568105,-0.05023087919774194,-0.06119690123055477,-0.06786687901962174,,0.02264941596072667,,,,,-0.10256632197267068,
397,-0.08550126993418017,-0.09568769313713243,-0.10015918448544892,-0.13072147069943707,,-0.08047734302817822,-0.0945710800812164,-0.09535729855056718,,-0.08690047814637136,-0.09052864079388656,-0.08251596857089094,-0.013790802080575926,-0.06627747550699803,,-0.08370625234038487,-0.07832771665914806,-0.08885603996081615,-0.09451353747761859,-0.08979440304018138,-0.11931780461346914
398,-0.03977505389604308,,-0.05904603525238428,0.018379673109059746,-0.05283084935577664,,-0.04768171601117577,-0.0016383980780556584,,-0.0013747803138794978,-0.01290348232326921,-0.040156738561840655,-0.0603336771892955,-0.08283649739575005,-0.07819465628608091,-0.08544858488863638,-0.04350270613537788,-0.07757552922289579,,-0.09402435527155317,-0.10463861624456106
399,0.02581023465449972,,,,,0.016586868563075674,-0.024632917880188288,,,0.03213593740598242,-0.006119314473065796,,-0.0446823911513472,,-0.02438272972133193,,,-0.03786224638312019,,0.010227858570661663,
400,,,,,,,,,,,,,-0.11917721302173645,,,,,,,,
401,,,-0.045414010430803176,,-0.04371536900251671,0.004276367950912352,,,-0.0442637749471857,-0.02281461042048516,,,-0.05125689937979083,,-0.0526229416450108,,,,0.022069073942998507,,
402,0.01825016173169791,,0.01556860454430975,0.008901505412158173,,-0.01714590209902922,-0.05556136727903127,-0.061766359017945804,0.02454058405279813,-0.01875568015084661,0.011404493631485213,-0.01816469277271393,,-0.03148068705585616,,,,-0.04264033416031876,-0.040750431418655975,-0.09404634056846906,-0.1250368227223264
403,,-0.10187470842181945,-0.11402809055999585,,-0.0918016570772604,,-0.04551391198911792,,-0.08421101699056688,-0.03734050136585454,,-0.015416604251321298,0.014421062279807773,-0.0537243261111825,-0.008801958054264203,-0.060920869317678594,,-0.0653498433391857,-0.08457390321185398,,-0.09971895856761726
404,0.012179508964335284,,-0.006549880262490593,-0.1036505584551558,-0.06660055641149232,,-0.07463984108113952,-0.07636638697081011,-0.034475005284989146,-0.036625599675524034,-0.008207479220124103,,-0.05110558647271857,-0.06219712077729167,,,,-0.04377864677624688,-0.09666335780930291,-0.10447552136173865,
405,-0.0970383195486022,-0.10690138251287329,-0.09704330742489453,-0.11250622283192513,-0.09560011897870957,-0.07274831953142447,-0.07141049960918844,-0.10210946081948102,-0.078797978254046,-0.10359847030295666,-0.08100027944552979,-0.08518072693607048,-0.012664867339335029,-0.01917874522936769,,-0.11874468304580055,,-0.09788138580328165,-0.09982139707344495,-0.10621890486181407,
406,,-0.10745458210117331,-0.09396948111500669,-0.11585699891949985,-0.10669725223567361,,,-0.08111205649583064,,-0.05420956910588304,-0.09186853316406052,,-0.12221619214093637,-0.10032225125952854,-0.10095630290302815,,,-0.09559881737109233,0.005879472193377033,-0.09998291351045929,-0.10192540674075201
407,-0.07263527113102408,-0.08554405929496078,,,-0.09723743770287707,-0.09832899551562524,,-0.11825813548409347,,-0.12319337807818975,-0.08596881112255272,,-0.04879921454436209,-0.0983145100896401,-0.10142581516857119,-0.10320352944894473,-0.09677708604936885,-0.10921295735582659,-0.11086759948270242,,
408,,-0.10438827582604826,-0.0996913115809156,,,,-0.07342195145547126,-0.10129537613280826,-0.09091378866970878,-0.09497515025823855,-0.1101195877420329,-0.08668781418966276,,-0.09596087651460927,,,,-0.10205195677231527,-0.09695680359532322,-0.09879268483954884,
409,-0.08826686091052038,-0.09541398878030405,-0.10248395159645307,-0.10414308336766509,-0.09340315782542097,,-0.09525024768635515,-0.0947350232290407,-0.10461504590819137,-0.10463208797750101,-0.12116561128736936,-0.09962585346685748,-0.10595889219839705,-0.09854094652504963,-0.11137468062316114,-0.08846557418163037,-0.08193355918843426,,,-0.08400116629877019,-0.1023141912955895
410,,-0.1044259863755882,-0.10183738599736636,,-0.1018528410420485,,-0.057804673677688934,,-0.09982652667146397,-0.09022584108233567,,-0.08690632023039602,-0.09262034285047849,,-0.09598816605711225,,,-0.08491279015384257,-0.08770282619703051,-0.10509079880610561,-0.11170191194881629
411,-0.1334182444972214,,-0.10587943824157031,-0.09989431237593516,-0.08621229348311465,,-0.06657124942940218,-0.09808496607064654,-0.08855498188455269,-0.037337423077688836,-0.04123944698062587,,-0.10702937691562742,-0.09634617696313408,-0.0974186279481486,,,-0.09363206665361112,-0.0882000119886146,,-0.08201751522275735
412,-0.10182481243183328,,,-0.09766611779821988,-0.08886011473741284,-0.09105290960214452,,-0.09623009222128831,-0.07345814209600465,,-0.08763325357077922,-0.09625142908498574,,-0.09129745416854107,-0.08035349110097478,-0.08568353465562473,-0.08926301790202396,-0.09270340200378202,-0.1041472565207826,-0.09373238432603193,-0.10153896988529487
413,-0.0038331793786807733,0.17935117478116025,0.12597873171453555,0.006764209575944591,,0.0061036056609085065,0.038883571644588555,0.021659611592046435,0.10791789789311723,0.020344193193366555,-0.025209315522634945,,-0.019907976719643505,,-0.01561295081530134,0.041427145324790304,,0.07047901332457274,-0.021206598911677643,0.0804251034139809,
414,,,-0.0988406683846873,,,,,,,-0.04997525519993529,,,,,0.02618541444572986,,,,,,
415,-0.046817038826035606,,-0.04504125700143957,-0.034706415775539234,,-0.04162381898602119,,,-0.02890029623643553,-0.03648514622568344,,,-0.06766165434445448,-0.053482772959452696,,,,-0.06920686993084613,-0.09985804743545357,-0.023754625986302402,
416,,,,,,,,,,,-0.02679978233425384,,-0.048749992520008556,,-0.03927233117640183,,,,,,
417,-0.052026710564188394,-0.06259534597970495,-0.06022014411001053,,-0.026462790981148343,-0.04799830027033303,-0.050169533926868626,,-0.03396399037030151,-0.03469991300982955,-0.01802995140968422,-0.05658548215006154,-0.05957103425435828,-0.06759111682119723,,,,,0.08786465445474745,-0.10698646699401992,-0.10835517301960085
418,-0.0413348931668418,-0.07586282693860324,-0.06792223393209074,-0.052412262271444354,,,-0.035681679562540536,-0.03951473896257163,-0.024472619417219788,-0.04448621501145866,,-0.012512916739749969,-0.0122861277528028,-0.049387378200014265,0.05172413011655763,-0.032723684249846396,,-0.020135067315907085,,-0.06960666698447882,-0.10717277909101963
419,-0.09338724207169036,-0.09644701383750054,-0.09950638112388499,-0.09491814318432146,-0.09331847265931503,-0.09050860942688699,-0.09241810759566671,-0.11037224481186414,,-0.0910328496390127,-0.09390011348449157,-0.09787974573768976,-0.09244074785940914,-0.09486307899231483,-0.09558012237640645,-0.08215639682674669,-0.10408957093705884,,-0.09692089466990383,-0.09138722303433111,-0.11246759521979977
420,-0.010178856102295297,-0.06754645819275296,-0.038564144271506784,-0.06186398530924686,-0.04281506794336254,-0.008382618730951918,-0.007770519004991039,-0.053857916907583014,-0.019063560232650545,-0.04660386518848503,,-0.05974025038753439,0.03811789447825875,-0.012911858789073083,0.0062886176012049155,-0.02016512713330032,0.006552942863745415,-0.011193001491141219,-0.07845374683001816,-0.09344225487252378,-0.1031131002395349
421,-0.08961121763316415,-0.09544529822002112,-0.09608341297360834,-0.09114583307880775,-0.08494094781354689,-0.031000314687042785,-0.045172318222927554,-0.08614896772682412,-0.07244840692566523,-0.062006378700166564,-0.06631225408207753,,-0.07470920933761938,-0.07432506824440832,-0.060067160043768886,-0.08055236411878874,-0.09059657577772351,-0.100160882238983,-0.07425117999205422,-0.06084645749626583,-0.09714995840906848
422,-0.023284024466920794,0.003746135370167103,,-0.04969821695318566,-0.05014389616332138,-0.04260186167751434,-0.05232522538747253,-0.021049743571181168,-0.01764910679026821,0.05857823740033208,-0.01601206813587952,-0.02632185601926884,-0.06714588409619848,-0.056626769854468684,-0.06403517749333687,-0.07240303706847839,-0.058026548505051845,-0.06075914229390733,0.005888968400507899,-0.005455103013978668,-0.10179938539344802
423,-0.018848980314317476,-0.052267121777668235,-0.030000652997653532,-0.04382043625715415,0.008035501525125888,-0.028642596944898013,-0.02956521403197021,-0.04042980021777254,,-0.022313459029365434,-0.03755688160968784,0.0009402944423135828,-0.018853374903068598,-0.028262084366593054,-0.01135438440407266,,,-0.024139643104705177,-0.04634354970132515,0.03765810249574164,-0.10653819348872129
424,,-0.08337498906840668,-0.08755670683939576,-0.03254147168392141,-0.06325008063579107,,-0.08435666758270577,-0.0428654303068412,-0.04566265082523424,-0.04297721343444194,-0.061362532557505345,-0.0720658340845709,-0.08029656931005347,-0.10342634379995264,-0.082339936063345,,,-0.06649314462257461,,-0.05341104901116989,
425,-0.07191303593687537,-0.07962968520750957,-0.07941526561797818,-0.04394350420016946,-0.07844131056482795,-0.03507105060396021,-0.05055399397193017,-0.03651762741479425,-0.04207997356543469,0.09911958232906848,,,-0.08143653387586203,-0.06740574127614352,-0.07133554222242222,-0.0476730930660163,-0.05367956653811812,-0.06336990420734534,-0.015460780557833509,-0.09436033269562127,-0.11281486629861581
426,-0.057582626234856105,,-0.03142500988096586,-0.0847681298312013,,-0.012071512823974562,0.01629705736557807,-0.10062366192843475,,-0.0729801021024048,-0.032657734721930565,-0.03654626272628558,0.0820305976539224,0.0426975880536582,0.036748154189528925,0.03406763645248678,-0.003993594626424457,-0.09289451716134367,-0.08216011926688394,0.1395924080760378,-0.11858675772974969
427,-0.10150761449321455,-0.08858228189369888,-0.10025015395177905,-0.09858880915928492,-0.10415267064724854,-0.07255452212132951,-0.07127158933840205,-0.10631037868231363,-0.10782680680872858,-0.09746256214200666,-0.09817306865798103,-0.08828792432898325,-0.05001095703919556,-0.0681082959725473,-0.06340471360292033,,-0.06684012837472653,-0.09299588198649844,-0.09801901929890278,-0.09944781935680347,-0.11203689390600002
428,-0.10340649395634927,,,,,,,-0.1046222910238983,,-0.10689194897150578,-0.10497189649652183,,,-0.10650535277262851,,-0.10017917917851193,,-0.07425881913867316,,,
429,-0.11985344902976153,-0.10171516299708316,,-0.12248141579606736,,,,-0.13353247303059468,,-0.0915479792644065,-0.08177735641877004,-0.013605711037545376,,-0.03018715085475865,0.051787498567495316,-0.011116188589950893,,-0.0059423965507243715,-0.08719612444542257,-0.07858411044018454,
430,-0.08571997306593404,,-0.0330466493183057,-0.09201116264503284,,,-0.04974444089022656,-0.08586184382979922,-0.10020043092424002,,,-0.0633873370368585,,,,-0.0941564631170888,-0.11578506256309112,-0.09787611254486073,-0.08724658360916893,,
431,-0.09596712511387206,-0.09486822286677676,-0.09665469225086998,-0.09333988908090007,-0.10456710090073584,-0.09199661557256933,-0.10638596546813617,-0.09729691268547258,-0.0903324989399048,-0.09371447079243633,-0.09791180400913935,-0.09230995663408514,-0.10561204857927387,-0.10320315797989876,-0.10132493753718674,-0.08185052500375001,,-0.08661396327133353,-0.09902064039434022,-0.10397273978892896,-0.10791218767297373
432,-0.09410585595298626,-0.10676073346234893,-0.1051497949668797,-0.09678952101240035,-0.0970980524354883,-0.09453624615852729,-0.09958046010182775,-0.09868795481558434,-0.10240904038727294,-0.07196191594690993,,-0.09766057347542056,-0.10103676776034809,-0.09493079038734675,-0.09209709920978548,-0.10712309193807079,-0.10138747403009885,-0.1027196441888365,-0.09680970759911012,-0.09770720789064802,-0.11022702650201843
433,-0.10596885151756863,-0.06866027916575435,-0.09561845607551211,-0.03317010887384786,-0.0717315368746485,-0.03730860822284621,-0.09365521736308557,-0.1020055226533716,-0.09951744143772878,0.0015160592881859891,-0.10627411046416113,,-0.10894889724344059,-0.10358006851000401,-0.10172075205939246,-0.09595381600903707,-0.10010416858945215,-0.08763142474884777,-0.016204591494910048,0.09744747775622775,-0.11103265271447804
434,-0.05119439256316238,-0.07387980043001763,-0.014948549311373238,-0.10329405656873825,-0.07705723635737505,-0.06691903090107576,-0.050540089175450165,,,-0.006227488421248317,-0.05945972560522528,-0.05671661585591048,-0.034889834311830015,-0.053740250002419776,-0.04309985157695406,-0.05600977981385202,,-0.057728983707884374,-0.060564814383453736,,
435,-0.11050832786447429,,,,,,,,,,-0.10672752769496918,,,-0.095659410333369,-0.10830455078491952,-0.1023408362808167,,-0.09267743449253774,-0.08706214793202016,,
436,,,,,,,,,,,,,,,-0.07539341871111904,,,,,,
437,,-0.10980767331480734,-0.0761076450452366,,,-0.04943956831088703,,,,,-0.03889831062940985,,-0.10610648333728057,-0.07342872274199819,-0.08209707633412655,,,,0.042053912695144025,,
438,,-0.02964382485333128,-0.07840879036610682,,,,-0.016033499257353423,-0.016951387111127758,-0.044934071746035364,-0.05122756650470284,,-0.030188754573213572,,,-0.04700204294332466,,-0.0038972151593559268,,-0.025597327377691048,,
439,-0.03967933117994282,-0.029381996660457155,-0.011183302492650427,-0.040144043794646755,-0.03676332336025778,-0.033738135371167655,-0.021469456645766938,-0.03705578574834245,-0.02051175732242161,-0.041356300652810374,-0.024865016576413046,-0.05070945623802503,-0.045792727973468006,-0.045976587463530505,-0.04246758849259957,-0.03751029441614184,-0.02510388888571846,,-0.03658609893101561,-0.0847249139723395,-0.10246489300302875
440,-0.040498159162308145,-0.07906727131967672,-0.04644107398835873,-0.10302014533463111,-0.07274285233279643,-0.047636063012225005,-0.02993506288116432,-0.07211500276615879,-0.07527817657324165,-0.06120729157563787,-0.06679028033366763,-0.057718906687420746,-0.09366215502568687,-0.028734488265523828,-0.08937945784993939,-0.038336363506302984,-0.05969335096386108,-0.02028161853463062,,-0.10074928738280908,-0.10698261741548043
441,-0.042748654676115105,-0.03176637042637265,,-0.08511900290810548,-0.07240976945919753,-0.03549261243885904,-0.0633293337976073,-0.0705560835276483,-0.055607475536604944,0.0016372690712520566,-0.03214625653303793,-0.05682393694343313,-0.045975491828601944,-0.08192714070234353,-0.04943285108326778,-0.0702552380994812,-0.05547652636619804,-0.06761229337565544,-0.04930324874950953,-0.060335290699160216,-0.09563708857981768
442,-0.07974645360379018,-0.10225071239333394,-0.10396657266295728,-0.09485222022868722,-0.0860571266324035,-0.02947435167047452,-0.08189172843037196,-0.0067978893930606965,-0.07283482320248091,-0.041909158051232964,-0.063362337662624,-0.08490982813473802,-0.056104885515476544,-0.08410999216268478,-0.024767035376952462,,,-0.04087835955066277,-0.09677854811958142,-0.080776053446031,-0.11124138253029126
443,-0.012734470638205542,-0.034929043783177294,-0.020055286940011907,-0.08243946537047686,-0.0704720321022585,-0.018927411700504937,-0.005871076170880674,-0.044721452406498274,-0.008989591085724502,-0.018090047698751555,,-0.030050709777453388,,-0.013130901887569824,-0.019046114420357085,,-0.04992154676892979,0.023669694560881416,-0.030251759933116906,-0.09015188359128912,-0.10599950071949582
444,0.09714878309851205,0.11196376098552907,0.05017239201616541,-0.0004211465596171138,0.014816879059174504,0.0022681393799250937,0.011129229325725909,-0.003616720822068764,0.024597330348937962,0.019095337162079673,0.021665077746365835,0.0671896973290731,,-0.007354520636381423,0.0416011937621501,-0.01461449018471983,,0.07056491711140911,0.0053062842897961815,0.089775960920639,-0.11263659849279284
445,-0.010198290545101019,,-0.017967229317376487,-0.01990717936959374,-0.03451708958453903,-0.027330501178110866,-0.03979174322047685,-0.0049853823415664245,-0.004759605379169862,-0.00489564286036881,0.012626235015420706,-0.002718268105349697,-0.08075130325990532,-0.03945910186716306,-0.05901876038244658,-0.024625727666522712,-0.019712584938167854,-0.017394154199771306,0.00877348026605329,-0.02833279589122273,-0.11546157065612606
446,,,-0.11703943866235633,,,,,,,,,,-0.07632027970136634,-0.08420201583412412,-0.10457471415352682,,,-0.0753509054717092,,-0.09755526428051298,
447,-0.10133053496242805,-0.0934292596354459,-0.09515449067118753,,-0.04943357386158853,,-0.09404762008619116,-0.10235465061612414,,-0.09861926362413842,-0.10418130708618678,-0.09634337811241622,-0.09813883686911429,-0.10751040444312043,-0.10029538619311174,,,-0.09352904170731313,-0.09711015598430184,-0.09860326182481904,-0.09211513477270517
448,,,-0.06305656323903275,,,,,,,,-0.040874781344994116,,-0.0021697931334414555,-0.05337270706850261,,-0.10062418581408117,,-0.03633843069395093,-0.04764753763517571,,
449,-0.06984604995303834,-0.1098062967703678,-0.1062406623949278,-0.109274453210632,-0.10374883506293342,-0.10007712904549437,-0.10093160783019117,,-0.0996967155302817,-0.09640601662932502,-0.0815077560972518,-0.10063276575624469,,-0.09954253122863099,-0.10398152110484538,-0.03414166034681365,,-0.022812571929564873,-0.10265204370235548,-0.0994335216063611,-0.09376236969849772
450,-0.10011820694699414,-0.09924775416870468,-0.09786169690330138,-0.09956890906432192,-0.09747134059938645,-0.07441892922472215,-0.018666298834514317,-0.10803424940009543,-0.08257974565216997,,-0.03787941156575969,-0.07137701471519875,-0.07565024125352737,-0.0991544581294822,-0.09856938936392678,-0.09386776220050264,,-0.0977652038991692,-0.06525210363291845,-0.09958242782856463,-0.10716414850427869
451,-0.09571246279935652,-0.09561264965901528,-0.09695954751564384,-0.10292337504390148,-0.10090997566748783,-0.05449189041750857,-0.024322117171308832,-0.10465526718876017,-0.10310804628767167,-0.09374014113259199,-0.09455643613108344,-0.06109514869944366,,-0.032017777490753296,-0.07019940699674532,,-0.03801432431995222,,-0.10373135060899052,-0.10112068196915669,-0.10896022959804752
452,,-0.0826957748159195,,,,,,-0.09878678038373534,,,,,-0.11885322057045816,,,,,,,,
453,-0.08408148933416126,-0.09226989833433574,-0.09846155225665953,,,0.02667639116170495,-0.06514199083945482,,-0.09521226362070823,-0.10017899143679532,-0.048812277068556176,-0.09696918027995893,,-0.06723627600092119,-0.02128286019755432,-0.08463898946401138,-0.08799048124657938,0.0367769854614477,,-0.10604582088310588,
454,-0.09250791845901529,-0.09620865837999781,-0.1031753692801829,-0.10549565147926632,-0.09711779053782676,-0.05050269814034869,-0.03788665773610078,-0.09820827351366768,-0.06919764310617804,-0.07827667987510678,-0.07135586494101365,-0.06664876112960849,-0.06339962010968747,,-0.041579265850108404,-0.044315216165372595,-0.061110720006566366,-0.05636234174293431,-0.09029150011348652,-0.09881188408535047,-0.11497071860784214
455,-0.09312003235396049,-0.09558279363734656,-0.1019039269361025,-0.10182819284684663,-0.10401467961324706,-0.020081447227182636,-0.04138146551065258,-0.09238694931077318,-0.08226361933440418,-0.07940710364325076,-0.05968011447494892,-0.04037130480561846,-0.016114035769258628,,-0.036467251037537896,-0.03847018833295879,-0.07713027856667054,-0.08791441701323954,-0.08501873299918628,-0.1014785596985105,-0.11748117193573726
456,0.04866189951614608,-0.07734117224532899,-0.043106617324191854,-0.05014569864709273,-0.05006563836034372,0.0072686296868589295,0.06582597467621953,0.02904484526790263,-0.011973189779225901,-0.008400007395150455,,0.00048185857888283223,-0.010229372553570926,0.0027698556189195145,-0.01736735808284484,,,,-0.04195891424167719,-0.09877712693576979,-0.11099102972769448
457,,,-0.09146473089362905,,,-0.10913262202035612,-0.11518833575809567,,-0.10868923285994125,-0.10074418256685491,-0.09129291866388423,,,-0.1075509149165167,-0.10525190538380502,-0.11748455571237604,,,-0.09112474831348638,-0.11461331754758441,
458,,,,,-0.08967664533594832,,,-0.09163248641604227,,-0.06955006699618993,-0.06273172427353879,-0.045339656771018255,-0.039259248301159344,,-0.046232184041613555,-0.002224435854958573,,,,-0.10325722850340258,-0.10599112872245231
459,,,-0.05208130350582374,-0.10280037892050287,-0.06408739029154042,0.02473915831412521,,,-0.07494674605949936,-0.051752780743450244,,-0.029721258675849516,,0.005348638457182364,,,,,,,
460,0.028930508383416376,-0.059289807928181615,-0.0782719654026337,-0.04481142396037563,-0.04616754365324205,-0.041778132804200396,-0.04461048651853061,-0.04060033229224391,-0.02850484197290659,-0.03294589043677165,,-0.04196894317650379,-0.06705922769834394,-0.02182577466178426,-0.05858671532071402,-0.026179094746869636,-0.059355677470421586,0.006458327559493604,-0.032946625928506945,-0.09281164006781151,-0.09598368031332893
461,-0.049893013885866644,,-0.034251180672045134,,,,,,,,,-0.03996102387945255,,,-0.04496138561222929,,,,,,
462,,,,,,,,,,-0.09184726342215499,,,,,,,,,,,
463,-0.04006250582401183,-0.04258661319123669,,-0.08285429021648594,,-0.01911785823063794,-0.04286193598766408,,-0.021340556674386946,-0.016725193996440124,-0.009229926323295556,-0.02912524543291206,,-0.03178145959708756,-0.013409583798816849,-0.04916700327473267,,,-0.026760397709416406,-0.10414193581922127,-0.10782400012862092
464,0.03331956895333299,,0.02862003765156862,-0.021051039744875988,-0.01950288042078352,0.0033519230382583753,0.04835227937378783,0.009816517593554508,,0.044625089783205674,0.045971418834272804,0.0037950207410391013,-0.005870920452955453,-0.00954633592849996,,-0.018608069222176837,-0.035243545107502605,-0.012737636106378458,0.01022625213812689,-0.019453615032612337,
465,-0.10346541391456843,,-0.10788712553622759,-0.10652244693912971,-0.10736076919582371,-0.08557479140630375,-0.07367691603392146,-0.10845960395715981,-0.10511754088663139,-0.10380754899744571,-0.0776146230737107,-0.08569668321946977,-0.07075908260410946,-0.06693734469673795,-0.04732124157895301,-0.0980445899850495,-0.11177936334503069,-0.0981432326746643,-0.11307702473708969,,-0.10189913991424837
466,,,,,,,,,,,,,,-0.09457284285391543,,,,,-0.10478772152433835,,
467,-0.05687035529173057,-0.06165290746807017,-0.07231054529612746,-0.05717191891988471,-0.04989279102888511,-0.021738125754941384,-0.03955301940894285,-0.057836139542216,-0.03803577785214718,-0.0352660221149137,-0.05483128432501749,-0.014649675014953178,-0.061945309748558386,-0.04103535197015895,-0.032466488986213404,-0.050213522510161646,,-0.1176926782154964,-0.03570956284244442,,-0.08606892054094062
468,,,,-0.022009548252287958,,0.025288155713713234,,,,,-0.007235744909880326,-0.019061176950655234,,,-0.062229101170115375,,,-0.01241343001275963,,,
469,-0.04529965107255585,,-0.05402756888848681,-0.08337777300159921,-0.06570682043271658,-0.035258720703866375,,,-0.03955683710966018,-0.04677273175315522,-0.04770114957081817,-0.03938137903215244,-0.051819700562311666,-0.028893310388336202,-0.05678067613495308,-0.038364683189561655,,-0.036463821345312564,-0.08441816017806136,-0.08334344608399913,-0.10051753122494911
470,,-0.06299722312597367,-0.03176398048973317,0.024393198730759513,-0.01562233285763548,0.017662279092679256,-0.029583121745362595,,0.004614211649335509,0.03444279378384074,,0.005994214925234109,,-0.03817541329602081,,-0.03789205904824766,-0.04730708873794054,,0.08894225767472497,-0.06959382988155072,-0.10118353883023623
471,-0.025071376963714753,-0.028092433707378905,-0.06979544599102094,-0.10248154860507774,-0.09489240522331754,-0.09332976668447546,-0.05401732763743905,,-0.05613935791627134,-0.0771404725972229,-0.06622477378320235,-0.06703012884061132,-0.041512738310313324,-0.05959906712935992,-0.08329918185726692,-0.08463134852280696,-0.09725133137848929,-0.07631898655863023,-0.05805052242033648,-0.045107116890340304,-0.10622235061558383
472,-0.009609344125948605,,,-0.06554586680318641,-0.07595772844010151,-0.018709939317338664,0.009094340444341542,,0.04184952363755068,0.012636109156412667,0.006281578625035866,-0.020129189790086377,-0.04011305315190494,0.014750409581483659,-0.0014035428943477424,0.01517815829245417,,0.015768038878024804,-0.019216647474093573,0.005533438640326072,-0.11430970082294412
473,,,,,,,,,,,-0.016360780859939084,,,-0.05345806228459715,,,,,-0.05069989635837291,,
474,,,,,,,,,,,,,,,,,,,,,
475,,,-0.09274325399755257,-0.1029960365270115,,,,,,,,,0.0037051764449493874,,,,-0.05619491158344925,,,,
476,,,,,,,,,,-0.048649166987914993,,,,,-0.048774848563123196,,,0.0014493736517793288,,,
477,-0.009954016163347124,-0.017928276281129696,-0.014161332428235474,0.034975730950663975,-0.020599972943748934,,0.027545015868185363,-0.01678788569207379,,-0.0030850083168381115,-0.02292489356676608,-0.005611275539236127,0.05459656773576205,0.044983285435408416,0.03047673661812711,-0.0049586773944321205,0.08692668259167258,0.02397781798542109,-0.026222065078217893,-0.05041472537441738,-0.10889366043290372
478,,-0.10221510928573374,-0.08223885544383425,,-0.09519260702882859,,-0.05573570579470377,-0.06708621162198769,,-0.06474245845650528,0.030631649505959757,-0.02701932109531957,0.012166408292592301,-0.03880553792887231,,,,-0.07244998821607684,-0.09197191052860443,,
479,-0.0023092863540381536,0.007613949279907883,-0.039760900363915,-0.027972669684594775,,-0.016878909657399355,-0.059044991360415966,-0.021538254009664692,-0.030489076182037556,-0.0024542458893208607,-0.034404785167355234,-0.03428495819298272,-0.046311699815657414,-0.04996819659329543,-0.047866540261463975,-0.01403523083902991,,-0.006485276022771602,-0.05304383501429555,-0.006422046356718614,-0.10498111232062168
480,-0.0012860202100615226,-0.03812550839965145,,-0.03412965657963252,-0.02416245990813204,-0.008631108922178665,-0.006064102464323096,-0.06454839517150945,-0.026912930045924988,-0.0279321080434487,-0.025456280046156632,-0.018757656760788777,0.003763036150794319,-0.02259188567846282,-0.021727953929809196,-0.019788833685248086,,0.00020861625716528387,-0.026158983982950135,-0.07842571785005659,-0.08867414159157572
481,-0.05598258486423524,-0.06985753037745446,-0.07908396150718011,-0.04546879659684677,-0.06570640599328625,-0.061649406049262834,-0.08456992847780564,0.022160399923867313,-0.07153518856345964,-0.05716766681335961,-0.08172676957928104,-0.06776555547976659,-0.09725079287784522,-0.0802175598373267,-0.09899496224360083,-0.07575392259238034,-0.07378179916909999,-0.07414652351037887,,-0.09913515108654825,-0.1005982069730853
482,-0.04421416887720375,-0.06699893752567476,-0.06269611448259549,-0.07809258778841977,-0.06680830060953158,-0.05797939405221342,-0.03444555905923741,-0.05505535800827166,-0.0664997580362292,-0.07310119742074106,-0.07462376918042934,-0.053643025482158935,-0.06222024430024664,-0.037894469942173714,-0.0578474694440978,-0.02982683535808106,-0.04476670596050214,,-0.07181977958475627,-0.1008428581791726,-0.1079108133398875
483,-0.00395641692437021,-0.016713142856657814,,-0.09830743972187161,-0.08568143730649058,-0.03266706509738326,-0.028241720237583534,-0.051355173477172,-0.02339910053255756,-0.07132406399982893,-0.010723390936172139,-0.07403679339943614,-0.011966167941850125,-0.021469039815518398,-0.018115247067409967,-0.05126344780256886,-0.07168124718381097,-0.040705154341907246,-0.09421907317001654,-0.0993611533315828,-0.09841425153581596
484,-0.09384718740608744,-0.08234868041795895,-0.10136427776903523,-0.08452386682721569,-0.03834141963061044,-0.07412102157188805,,,-0.05178248915733341,-0.0567930405602618,-0.05856709370568891,-0.0695515263763975,-0.0017623348744046918,-0.017109631542129078,-0.05692701769259878,,-0.09875366420689746,-0.10021060763771139,-0.09630347881919366,-0.045267152321613935,-0.10237068826025952
485,-0.05397965449518938,-0.027197517961081497,-0.03215469723894682,-0.03056790156996758,-0.03399166026398448,-0.03588594891193808,-0.04248015067871114,-0.020715692332670343,-0.034655930036882276,-0.027730080392281087,-0.041064620521873874,-0.03375782244026193,-0.04547030556932685,-0.04173071179811938,-0.040261659612467415,,-0.05572201502532925,-0.05368797592539076,-0.030210910081122533,,-0.10583113779838638
486,,-0.02514315045116189,-0.02142855943613564,,-0.06520530993947515,,-0.07133931615236477,,0.011620097093044901,-0.0038456664251493855,0.0057804328705102215,0.003977739246651346,,-0.03246543446072758,-0.007385974832928355,,,,-0.040220808540092357,-0.03788290841641784,
487,,-0.07331553362402365,-0.08018692128866867,-0.05384306327422028,-0.02521701076461258,0.022209800678405944,-0.05844921973327166,-0.036950949333843575,,-0.03648747455699697,-0.06434767386540208,-0.03099473259758523,-0.012809174254782452,-0.04000846015895343,-0.03341881245130329,-0.05001832303690845,-0.07181648891275905,-0.03144121454455506,-0.051783958837085975,,
488,-0.020747226140322317,-0.02929315118179998,-0.030502315981065342,-0.033864145237910925,,0.008486905358008112,-0.01874138741011211,,,-0.004703521233317298,-0.00956587114015539,-0.019728745131380787,0.04806263835239055,,-0.02535316941181276,,,0.0023016114749019323,-0.06118140434052821,,-0.10538524041763775
489,,,-0.022109870593107983,-0.019203066796758206,,-0.026714598493889685,-0.03288273791440233,-0.031584944103814294,,-0.043900261254337325,-0.025295784210545236,,-0.029440318874196958,-0.0680893823373866,-0.05696996121048081,,,-0.029675620492204624,0.006671917641259739,-0.05294901784801309,
490,,-0.09971328572909077,-0.08709628790795909,-0.08077018887534326,,,-0.05402638688883743,,,-0.05818750971750353,-0.04474934174633827,-0.028655908374644046,-0.04352367877719576,-0.016120167767731175,-0.022544167881857202,,,,-0.08621150943756462,,
491,-0.060559219579945145,-0.04504388707534379,-0.059329770057411246,-0.07574977302421781,-0.07687817985860468,-0.05128385299246041,-0.060819827343953414,-0.05670216673799744,-0.07356160786170185,-0.05536881741092248,-0.059375914704188015,-0.059407394957947335,-0.06253138171007688,-0.06685303252651065,-0.06294543012749065,-0.057508976021003244,-0.0973238556363053,-0.059661499921932704,-0.0776897833939848,,-0.09980615446296748
492,,0.0379888715712291,,,,,-0.04106272200918015,0.0063712903346830885,,,0.01398929209004196,-0.0015008358097987617,,,-0.028072541140045315,0.001278665291814196,,-0.004741502180862334,-0.007085870002430328,-0.024429981893350217,-0.10833063410880217
493,,,,,,,,,,,,,,,,,,,,,
494,-0.09314565284694087,-0.10424160079019973,-0.0968906438466639,,,-0.07566571775109598,-0.0544786096052059,,-0.07955261897081978,-0.06960322152400478,,-0.019240909934225225,-0.05659494443122248,,-0.06552347511740675,0.013843658872411346,-0.06689335720398593,-0.03375833213424384,-0.07410222540487332,-0.09630951548274858,
495,,-0.03270629637066347,-0.02290702227674668,-0.0403850867846971,-0.05081238204603711,-0.03380378456882993,-0.04285769141745899,-0.03268443641993857,-0.030328990565472225,-0.028419803326338755,-0.06270721371972066,-0.022793328928147227,-0.07412261488238503,-0.07113670614863465,-0.07343847439575102,,0.06341453277764986,-0.05235960311601351,-0.022670602612276936,-0.09963720804962162,-0.11977886799114928
496,,,-0.010315859736241162,,,,,,,,,,,0.008339167970139894,-0.02067915362817163,,,0.003930290695631555,,,
497,,,,,,,,,,,,-0.03173172507426636,,,,-0.02027822397229273,,,,-0.05977955191567641,
498,-0.03366634117748735,,-0.103041792241511,,-0.056596597905592794,,,-0.06744775380572199,-0.027759292608411812,,,-0.030205401772941176,-0.011721574975282145,-0.054621527878872755,-0.04773376974909471,,,,,-0.06475613037033001,
499,0.012059462477748362,-0.061204847685718655,0.011904124677344807,,,,0.02023968210885352,,-0.00619359132786923,-0.022736475868568196,-0.04436574698554541,-0.010874563625393074,,-0.009426536195291435,-0.0254009644025599,,-0.00526776496807102,-0.00526467704447775,-0.01435717006841597,-0.09302471583535277,
500,-0.021568504675167688,0.0032005929917309217,-0.01780439369024034,-0.014830635862176589,-0.02318399493974921,-0.005791578845892209,-0.026426369484924717,-0.0963902534411969,,-0.013611135591239165,-0.014623625694514253,0.00858106732052466,-0.024649369281634304,-0.010084625483317122,-0.019876319525486963,-0.011085261791754064,0.00708820253971032,-0.011394547176950098,-0.026361853684054193,-0.08532301974336776,-0.10722066369723526
501,,,-0.10971270482388362,-0.10316991574944012,-0.09476302233087519,,-0.010383291841562059,-0.07051060022539868,,-0.03942175707728701,-0.023676585537715678,-0.028585291117510625,-0.053410046354260166,-0.05072989832064878,-0.04264155029090544,,-0.09712325562633972,,-0.06089567553804365,-0.09164779643995469,
502,-0.07148504568849268,-0.10040099377530842,-0.09275482228466336,-0.08725171091921458,-0.028468025127964536,-0.056673942855902104,-0.07481657923357066,-0.05217929964164181,-0.05101866801358512,-0.05945053852767568,-0.050134565526114505,-0.06573621408085362,-0.08860967989721669,-0.07457591872175451,-0.08989667346373298,-0.07385275648517231,,-0.07273516682173542,-0.07759458606475489,-0.10149286810536706,-0.10553347735893137
503,0.026128735162025185,,,-0.009056389676950216,-0.018639695837325165,-0.014995172833302872,-0.03766185034723546,-0.023247036446708336,-0.03149558248240103,-0.0036577391816985383,-0.026736961477951127,0.008749477924052007,-0.030327020215700662,-0.01774711166546905,-0.03253310101673179,-0.05017264470206606,-0.03722298878554775,-0.04529776561254417,-0.028556301936077944,-0.05882339341764109,-0.11404961938469005
504,-0.012433883024560277,,,-0.03497008325788098,,-0.03243889314215598,,-0.018601792821524743,,-0.029977589214058797,-0.00823147823233894,,,-0.04946074768066233,-0.01159107332662912,,-0.042566112729704786,-0.057502549598315356,0.02287801338016404,,
505,-0.005340143458346658,-0.01652516073160637,-0.005933292288106351,-0.010246893820038183,,-0.005056245035423679,-0.029444819579966808,0.01701346690738048,-0.004016576601228339,-0.005717891994478919,-0.023699961711830975,-0.013217347407737723,-0.02388350954804075,-0.01602910173337113,-0.0071642570905021685,-0.06661172084236966,0.038019317343893855,0.007216172364634232,-0.029718572226248074,-0.020177284042930843,-0.09246358744531669
506,,0.045629518277570114,0.021354191668499833,-0.028794938800452252,-0.023878558136370742,-0.022425303667634733,-0.005973478916143193,-0.005753251877083088,-0.007558857057744062,-0.017500760588371023,-0.01563584505126059,-0.02681546675440294,0.0010239761546886328,-0.011901818206084602,-0.01984005359796881,0.0156942542972498,0.013601926489054561,-0.026868826030840065,-0.008834338220248483,,-0.09831396371298451
507,-0.036555538575687496,,0.00663662519467767,0.01017623207504359,,-0.05868407842356704,-0.032570434792533964,-0.009583763025786007,0.02671803240459969,-0.025987187011942803,0.007222603678745054,-0.02988468894488916,,-0.027912083888997685,-0.05008814306057663,,0.007850912236198049,,-0.01662344599801302,-0.022888207886230916,-0.1020371006402061
508,0.04784615424543803,0.012242671905870361,0.004260720108441252,-0.06825952565640048,,-0.02724113101567971,-0.0027393793151602175,-0.01718185734152433,-0.011757813680127072,-0.02178914423341083,-0.02060269386164526,-0.005282150865732804,-0.019703338561379846,0.0034407143674353158,-0.025189592845014097,0.07282964009717263,0.03854471953163685,0.017171457585894334,-0.016138989925862157,-0.02070758228329561,-0.09883028446572717
509,-0.10920816510597064,-0.10256458376091515,,-0.11645624148093298,-0.09003927317520055,-0.09235907853400938,-0.10034507464217501,-0.10059875389314676,-0.0954540044991029,-0.10696133558627341,-0.10697103218389636,-0.10207564775139266,-0.10526817618305195,-0.12104879679459024,-0.10005111074428674,-0.10202787566185778,-0.09272604348163427,-0.09518753102539779,-0.10391789408805419,-0.07925466993730701,-0.10412244057097275
510,,-0.06738734029446714,-0.04810709301370353,,-0.03594295171236683,-0.05818800729283158,,,-0.050488748099734915,,,-0.07229390946671854,-0.05987958957291484,-0.05274656411968215,-0.053181056573817664,,,-0.12526122438122783,-0.038599541890236067,,
511,-0.004582748374296397,,-0.02774156063300537,0.048130007968598454,-0.011722602841200969,-0.028619492516852363,,0.0258827976732241,,-0.0012024147736040547,,-0.02902681738734514,0.0048968776744895415,,-0.009439034581600225,0.006701041350285486,0.016216188969905065,0.012720591123802194,0.007006086902894948,0.003039691636664177,-0.12982919036296925
512,-0.03786744230667827,-0.09616507195678847,-0.10012455902225403,-0.10051080815015467,,-0.053863326438872816,0.009942017098722111,-0.05653593675216284,-0.08873688380586287,-0.07303087916512618,-0.056666328361960616,-0.03246956712979032,-0.010916976859385086,-0.03399372344570484,-0.021324518949658255,,0.12137185647723259,-0.04071506936168179,-0.09746267179741053,-0.012986041790918001,-0.10398069570354995
513,-0.02277079597184084,-0.024286089985549486,-0.046747626877595705,-0.011943895579262565,,-0.027790017456411187,-0.04255647813467034,-0.0013757192881862501,-0.018191796355197187,-0.007856031294198429,0.008371253027426473,-0.03590871091478043,-0.041747866256131694,-0.03725632292751957,-0.019278444428048047,-0.023610245188198986,-0.00776758538622957,,-0.019635166853309904,0.005790430093085774,
514,,,0.06737329273962622,-0.027213851017960256,,,-0.005634436013773669,0.012771619299459136,,-0.007356603467004508,-0.007085099290453645,-0.025673453596249063,-0.004244035137291213,-0.003732657393767491,-0.013495755680513533,,,,-0.011962600013014413,,
515,-0.06446901255601523,-0.09075038831911464,-0.09905056360762099,-0.10183405412591884,-0.08798673986205374,-0.043522720460022146,-0.0282065705852379,-0.05880770404610591,-0.06259093414756411,-0.0593313904907965,-0.0295060354777692,-0.04157081340334412,-0.01542259177801264,,-0.04172842691442291,-0.05072415105142403,-0.07870481557751796,-0.05398638484986773,-0.06905427563027566,-0.09637627216908595,-0.09555878922246375
516,-0.005760863664638016,-0.018242246151523922,-0.0166183325868261,-0.050651305287259696,,-0.046898386635954914,-0.05683558407699063,,,-0.018003261334766485,-0.010643126432637429,0.0014388616996019454,0.06322628621293847,-0.036789263779981374,-0.015515404878283956,,,,-0.011804817078954866,-0.023660257759254844,
517,,,,,,,,,,,,,,,,,,,,,
518,,-0.0657263190001438,-0.05478885932652067,-0.06238980931098337,,-0.041477584287096025,-0.05697586533866639,-0.04406628187305173,,-0.05378859483164711,-0.037480645627856024,-0.038302471693366424,-0.04467269450104161,-0.030842987948720424,-0.056327615803064335,,-0.046025090910711164,-0.063413288980537,-0.05677872495010927,-0.07366601337584444,-0.09709149716475973
519,,,-0.0712737635065337,,-0.10241539956988333,,-0.014942826054749725,,-0.06969225571051751,-0.06580413597614887,0.006377512359092563,-0.03907035687785543,,,-0.05428506988184145,-0.022314300540720478,-0.0703978564285328,0.00235619542574117,-0.06014943204378986,-0.0718884582119741,
