,0
_sy,
_wt,
A296R,-1376.2748398068175
A296N,-1385.1534455843762
A296D,-1382.785503254834
A296E,-1386.0141310522147
A296G,-1383.9418864552931
A296I,-1346.4335286160112
A296L,-1387.4648918742641
A296F,-1125.6869969680615
A296S,-1386.7637667458246
A296*,
A296V,-1338.2660706106835
A309S,-1386.5047627932674
A314R,-1300.8679404709521
A314N,-1364.88153781107
A314D,-1366.1266829959175
A314C,-1371.5452003762323
A314E,-1361.2132115266277
A314G,-1380.9583382440087
A314H,-1300.8383226926273
A314I,-983.2795076159525
A314L,-1210.567955162655
A314K,-1328.9249469984002
A314M,-1357.6100716663216
A314F,-1294.9223891419088
A314P,-971.987325307646
A314S,-1383.7979065904676
A314*,
A314T,-1338.759614848159
A314Y,-1290.4567496176724
A314V,-1330.6846093908946
A330R,-918.6738146898665
A330N,-1353.7738695528237
A330D,-1364.3399516601526
A330Q,-1171.6601693976834
A330E,-1237.570021852581
A330G,-1374.5216159162503
A330H,-803.1275709196065
A330I,-1168.2367977418178
A330L,-1121.2668949230974
A330K,-970.234656693733
A330M,-1065.6519964106292
A330F,-628.3808402627005
A330P,-1075.099462469617
A330S,-1385.0691921701266
A330W,-546.9290440357192
A330Y,-675.3826402337843
A330V,-1322.7132305566918
A370R,-1319.2670134724642
A370N,-1314.8615843458736
A370D,-1344.66299117886
A370Q,-1310.5212309694869
A370E,-1317.2649863159356
A370G,-1383.2675004227738
A370H,-956.4052713283447
A370I,-1151.091434895793
A370L,-1281.7241633401684
A370K,-1246.6672634679414
A370M,-1256.4575584851086
A370F,-817.9167290420945
A370P,-1002.2758675508127
A370S,-1383.3788268986332
A370*,
A370T,-1313.646196877007
A370Y,-683.6992432689169
A370V,-1173.8826697520933
A371R,-1380.4072080391247
A371D,-1375.7581788098844
A371C,-1380.8681337467867
A371Q,-1376.2730459621118
A371G,-1383.1122247588435
A371I,-987.2079064258235
A371L,-1331.6994845658724
A371F,-1091.5058945018507
A371P,-1003.7924789048834
A371S,-1382.9312093086846
A371*,
A371T,-1379.8231129390956
A371W,-1071.739603032742
A371V,-1307.4509255925477
A374R,-908.4890896739201
A374N,-1321.826226522886
A374D,-1351.7868425321592
A374C,-1337.075109053056
A374Q,-1137.2712614882219
A374G,-1380.4853368825884
A374I,-1162.7741144059405
A374L,-1167.1945819162283
A374K,-986.5072234770612
A374M,-882.550181102058
A374F,-818.7308865780752
A374P,-1078.341877594818
A374S,-1381.872564396162
A374*,
A374T,-1370.6401698539164
A374Y,-806.0397414212576
A374V,-1326.881587785943
A378R,-1380.1265943230594
A378N,-1381.6657352040465
A378D,-1378.9824824317743
A378C,-1382.1417092783336
A378G,-1383.3859286171705
A378H,-1379.9386903526845
A378L,-1329.7757585827433
A378K,-1378.0914644840846
A378M,-1381.086335430654
A378P,-855.2281511344454
A378S,-1382.3336256758362
A378T,-1383.011043092103
A378Y,-1368.7138640758885
A392G,-1382.934792401106
A392I,-1331.3633318583175
A392P,-1336.5389615660781
A392V,-1337.546919663256
A393R,-1383.5256439319303
A393D,-1384.586675236179
A393C,-1381.8838612344355
A393Q,-1385.4989942150837
A393E,-1387.4156483379027
A393G,-1384.4907125844757
A393I,-1351.53000547499
A393L,-1384.1750199270075
A393K,-1384.0405587720588
A393F,-1385.7744045533534
A393P,-1287.08466328475
A393S,-1384.6107602782215
A393V,-1375.0686720454653
A406R,-1380.8982691745339
A406N,-1386.0408440034003
A406D,-1384.718185994839
A406E,-1383.170083719658
A406G,-1384.01258323179
A406I,-847.8200166614434
A406L,-884.8787072487168
A406K,-1377.9150529577325
A406P,-1165.8085717880967
A406S,-1385.892895017538
A406*,
A406T,-1363.6349003729679
A406Y,672.4084343456931
A406V,-1255.5438454043385
A411R,-1359.1592161856777
A411N,-1383.9996070101358
A411D,-1379.7977275760109
A411Q,-1377.9512935053883
A411E,-1376.9965655221934
A411G,-1384.3334798769272
A411H,-1378.1399644313833
A411I,-1376.6624418939236
A411L,-1360.704017226687
A411M,-1371.6236987376785
A411S,-1385.1347314618808
A411*,
A411T,-1384.7505409045339
A411Y,-1374.095861701873
A411V,-1377.7883622448678
A421R,-1385.2243621988862
A421N,-1387.9511937649117
A421D,-1385.3526421906754
A421C,-1384.842638344948
A421Q,-1385.4369658144726
A421E,-1383.8328648840736
A421G,-1385.5664493707627
A421H,-1385.741354521633
A421I,-1353.187961182147
A421L,-1385.1317862531112
A421K,-1386.4243124968627
A421M,-1385.2961854776847
A421F,-1385.1456291224708
A421P,-961.2570404719202
A421S,-1387.4104522953673
A421*,
A421T,-1377.2039790483536
A421W,-1387.041796545928
A421Y,-1380.9761355584176
A421V,-1345.7098363511436
A425R,-1386.5310000204045
A425N,-1387.7321213492544
A425D,-1388.8251173721608
A425C,-1384.3451363762847
A425Q,-1387.146656487384
A425E,-1388.65232566769
A425G,-1386.1168062075383
A425H,-1386.6116033264566
A425I,-1385.2841122938974
A425L,-1386.626854330344
A425K,-1388.0034316363272
A425M,-1386.2276896676292
A425F,-1385.834696381514
A425P,-1387.3931586787016
A425S,-1388.0966365037018
A425*,
A425W,-1385.0112748302583
A425Y,-1385.7684787129126
A425V,-1385.1196105750637
A433R,-1224.0220213686903
A433N,-1372.4619923915675
A433D,-1334.6548150841077
A433C,-1374.7845179660917
A433Q,-1379.5708676889346
A433E,-1380.0350259841207
A433G,-1381.934300949263
A433H,-1261.7191282749254
A433I,-1342.0590098299904
A433L,-1240.3498676561674
A433K,-1361.7214357001699
A433M,-1359.8523399819312
A433F,-1171.8404001134609
A433P,-1373.3922814750003
A433S,-1385.7891194917063
A433*,
A433T,-1379.6391724995342
A433W,-1018.934813365127
A433Y,-983.1326666295626
A433V,-1344.4872515287666
A436V,-1227.960520965452
A437R,-1313.1252792107969
A437C,-1366.4983882830618
A437G,-1382.044340477496
A437I,-1353.518079752377
A437L,-1346.0264351862286
A437K,-1334.1785347320997
A437T,-1369.2470231680807
A437V,-1364.9552140309574
R271A,-1384.2629742511044
R271D,-1382.8718152634399
R271Q,-1386.0103263695505
R271G,-1381.6947208806846
R271K,-1386.1337379432894
R271P,-1112.6656814725404
R271S,-1384.9200329358816
R271T,-1386.32279480018
R271W,-1382.991417340797
R271Y,-1386.653623561283
R271V,-1386.2061566648613
R294A,-1384.3093614197614
R294N,-1385.1740873259623
R294D,-1384.4340370281946
R294C,-1384.5643165991212
R294Q,-1385.9104838687897
R294E,-1386.0705744574348
R294G,-1382.3204606447905
R294H,-1384.0594617492718
R294I,-1385.5815411338067
R294L,-1387.6053153462199
R294K,-1385.1316730784467
R294M,-1385.3139689313243
R294F,-1382.7658002571952
R294P,-1378.9976999515707
R294S,-1385.4177432569395
R294*,
R294T,-1386.3080455239271
R294W,-1383.4558116854764
R294Y,-1383.2416935573544
R294V,-1385.8020814750469
R321A,-1383.660775918901
R321G,-1380.8803671428623
R321H,-1382.5771680560347
R321L,-1383.1997514304471
R321K,-1383.429861387054
R321M,-1380.2696883547223
R321F,-1382.1369255353427
R321P,-1191.4591742266573
R321S,-1385.1631564046588
R321T,-1383.9686008999167
R321W,-1378.8138454271075
R321Y,-1381.2109227821031
R362A,-1383.6392380079362
R362N,-1384.9241909286002
R362D,-1386.7524597061583
R362E,-1385.7630449832495
R362G,-1383.7593268690903
R362H,-1385.4387993334446
R362I,-1369.526756283457
R362L,-1383.950856403834
R362K,-1385.6593024669987
R362M,-1383.558549211811
R362P,-1266.562979884594
R362S,-1384.9520226078077
R362*,
R362T,-1385.2910076634646
R362W,-1381.7908760437408
R362Y,-1385.539047464781
R362V,-1365.5124750126724
R382A,-1385.418827023886
R382N,-1384.2627845374213
R382D,-1383.0730687116586
R382G,-1382.9084012931437
R382H,-1383.8046290980724
R382I,-1383.5011172865695
R382L,-1384.3507486457595
R382K,-1385.5042970840639
R382M,-1383.4219813009013
R382P,-1017.9151575250432
R382S,-1384.5641208185277
R382T,-1383.5673544527635
R382Y,-1382.9085525517446
R382V,-1381.142358533647
R388N,-1389.6346553067892
R388D,-1386.9696922161727
R388Q,-1384.1211238258884
R388G,-1389.3139513237047
R388H,-1375.3032325384447
R388I,-1376.968239438212
R388L,-1371.3793006616413
R388F,-1363.2955960357658
R388P,-886.5513724640995
R388S,-1379.84908253877
R388T,-1384.8458352955126
R388Y,-1355.912890376738
R388V,-1375.938688064804
R391A,-1386.7138300628076
R391N,-1386.2894946012266
R391D,-1383.572041812615
R391C,-1386.910334185289
R391Q,-1387.087500976313
R391E,-1384.5803714860845
R391G,-1385.01132495166
R391H,-1344.219603085603
R391I,-1368.598457598151
R391L,-1386.3956291621753
R391K,-1387.8166945366604
R391F,-1263.5560985470229
R391P,-1113.5507749335984
R391S,-1386.6240635852373
R391*,
R391T,-1382.4323431333883
R391Y,-1269.070837901811
R391V,-1376.9918825059683
R412A,-1389.0001877358377
R412N,-1385.3801647062353
R412D,-1386.5232808816615
R412C,-1387.369420268019
R412Q,-1387.3744105702506
R412E,-1383.337047655021
R412G,-1386.5816829971077
R412H,-1376.0041608746344
R412L,-1329.2596252484614
R412F,-1364.8093310312295
R412P,-1239.778155411736
R412*,
R412T,-1382.633282960557
R412W,-387.8224892098082
R412Y,-1362.965130778006
R412V,-1383.999614457592
R422A,-1384.0836637054715
R422N,-1386.063047619126
R422D,-1379.4048396636413
R422C,-1384.3877770490203
R422Q,-1382.809472685845
R422E,-1360.854409812033
R422G,-1382.7385048900233
R422H,-1350.9460556897727
R422I,-1317.35159276758
R422L,-1262.0330974521246
R422K,-1278.1219704936766
R422M,-1382.8896114541276
R422F,-833.7487051665457
R422P,-963.7215779854777
R422S,-1382.8962156439668
R422*,
R422T,-1380.4057425761869
R422W,-942.3901593845028
R422Y,-1144.9708903514927
R422V,-1325.8891916942428
R441A,-1384.5320569277117
R441N,-1385.201823723708
R441D,-1384.4019243165392
R441C,-1381.853325050148
R441Q,-1384.4357253448256
R441E,-1383.7899144597316
R441G,-1381.9898774884396
R441H,-1385.1590136384157
R441I,-1383.0107001032327
R441L,-1384.0659530599112
R441K,-1385.738770444258
R441M,-1383.0186503157345
R441F,-1383.7340095468899
R441P,-1312.7433458131613
R441S,-1383.625366697442
R441*,
R441T,-1381.3770957046008
R441W,-1384.209275454261
R441Y,-1383.8771641853536
R441V,-1382.0574915396694
R463A,-1387.7384407431664
R463D,-1385.801271838154
R463C,-1386.3096928047653
R463Q,-1387.4617320670814
R463G,-1385.9593655845824
R463H,-1381.735627958513
R463L,-1387.7152281339452
R463K,-1387.088010579731
R463M,-1386.2612357094304
R463F,-1371.0018424910363
R463P,-932.5334264357024
R463S,-1388.161304945443
R463*,
R463T,-1388.4694648604134
R463V,-1273.2127537734368
R472A,-1387.3867648590408
R472D,-1388.201593119423
R472C,-1385.7432681930568
R472Q,-1386.7958118566346
R472E,-1388.408986760533
R472G,-1386.3757402313415
R472H,-1386.2027482893373
R472I,-1386.271076294133
R472L,-1386.58159514904
R472M,-1387.5657125084958
R472F,-1384.7997061979574
R472P,-1367.2954585380542
R472S,-1388.7131242102334
R472*,
R472T,-1386.75490698417
R472Y,-1383.3006490842188
R472V,-1386.3387786248852
R480A,-1385.3693125994378
R480N,-1386.5507481410555
R480D,-1383.7829734069085
R480C,-1384.2360310950814
R480Q,-1386.1856226349012
R480E,-1384.018239773192
R480G,-1384.8297216661012
R480H,-1384.437800051027
R480I,-1346.9600221902178
R480L,-1384.8730647816253
R480K,-1386.1378780538294
R480M,-1383.92909156616
R480F,-1382.936182340709
R480P,-1085.9231684562942
R480S,-1386.2060611755835
R480*,
R480T,-1384.330312422008
R480Y,-1382.7951306771386
R480V,-1338.9531757235777
R483A,-1381.5077484828637
R483N,-1381.396316993505
R483D,-1377.6239571621888
R483C,-1379.502967243322
R483Q,-1383.3622112186715
R483E,-1381.592961307906
R483G,-1379.0029443576193
R483H,-1382.8689168019964
R483I,-1382.4836473661414
R483L,-1383.3878430854113
R483K,-1382.070787592891
R483M,-1381.345908696082
R483F,-1383.2089751426217
R483P,-1195.6873223245739
R483S,-1382.1253272227166
R483*,
R483T,-1382.0034741179315
R483W,-1374.3750644261843
R483Y,-1383.5872611304555
R483V,-1382.292961908089
R503A,-1384.6934342244324
R503N,-1384.3255909025725
R503D,-1382.8430139561756
R503C,-1383.228184656358
R503Q,-1384.6653745409099
R503E,-1382.2701036888673
R503G,-1382.5839702481599
R503H,-1385.528954345123
R503I,-1382.8049770397124
R503L,-1386.2757486870426
R503M,-1382.9502214535196
R503F,-1381.0613194646255
R503P,-1241.1623071354543
R503S,-1383.8173586301566
R503*,
R503T,-1381.8050429078478
R503W,-1376.616563554153
R503Y,-1380.0742537283074
R503V,-1382.505597774857
R509A,-1382.2271094276564
R509N,-1375.573104549317
R509D,-1371.97901763798
R509C,-1380.8850210292264
R509Q,-1384.286886536601
R509E,-1376.3987391078958
R509G,-1379.2235276537451
R509H,-1279.658531565567
R509I,-1319.355056349932
R509L,-1371.2936330577465
R509K,-1370.7777982766372
R509M,-1354.457031302658
R509F,-928.8730767255137
R509P,-1120.6440280715478
R509S,-1379.6304490971875
R509*,
R509T,-1375.0767276304541
R509W,-930.6975185513522
R509Y,395.33087589213704
R509V,-1328.2730134482501
N290A,-1385.5509978206592
N290R,-1364.6937238246703
N290D,-1383.738144295709
N290C,-1381.7457760455993
N290Q,-1383.4323938005825
N290E,-1355.163853962894
N290G,-1384.7632919481814
N290H,-1182.9213199322148
N290I,-1353.5960337198994
N290L,-1284.468261376602
N290K,-1384.481114802807
N290M,-1382.7406959876212
N290F,-607.506708435087
N290P,-788.574903647398
N290S,-1383.0927853594014
N290*,
N290T,-1378.6920586227664
N290W,-981.2748609695831
N290Y,-809.6655125808865
N290V,-1361.1802987206584
N384A,-1384.7496408565694
N384R,-1385.6640900509713
N384D,-1386.2605793201517
N384C,-1383.1257360771606
N384Q,-1385.3144032530142
N384E,-1385.7704714763786
N384G,-1385.1073003636825
N384I,-1371.4045950477534
N384L,-1384.303578332989
N384M,-1382.9867953124035
N384F,-1383.9241762940326
N384P,-954.9070439251615
N384S,-1385.547522532725
N384*,
N384Y,-1384.5808698068995
N384V,-1371.9557978299135
N394A,-1384.1281651500303
N394R,-1381.94132022484
N394D,-1380.250655154434
N394C,-1384.1207026120028
N394Q,-1383.7318890290596
N394G,-1381.442752367142
N394H,-1383.5216580064034
N394I,-1364.313424500277
N394L,-1381.0433726058432
N394M,-1383.6469119981687
N394F,-1380.9946361930934
N394P,-1185.7662435177847
N394S,-1383.2021139895846
N394Y,-1382.1677040457193
N394V,-1383.838316736416
N400I,-1371.090769434988
N417A,-1387.7176700962827
N417R,-1387.2951769245385
N417C,-1384.713432024619
N417Q,-1387.341666708017
N417E,-1389.0696184774306
N417G,-1387.3100334645626
N417H,-1388.3250952726148
N417I,-1387.2173548873338
N417L,-1387.5831974148796
N417K,-1388.9972392150776
N417M,-1386.5155484722281
N417P,-1387.8457019121147
N417S,-1388.122527788717
N417*,
N417T,-1388.3646776888963
N471A,-1386.6755601100895
N471R,-1386.5993835971885
N471D,-1387.4177843127
N471C,-1384.4602101949267
N471Q,-1385.5986511453452
N471E,-1387.2056840138978
N471G,-1384.8614791618127
N471H,-1385.529627235602
N471I,-1372.3022371427544
N471L,-1381.8035922633187
N471K,-1388.9391036470226
N471M,-1385.1527397823652
N471F,-1384.769104666006
N471P,-1386.2016906098456
N471S,-1387.0797914846728
N471*,
N471T,-1372.247501604491
N471W,-1387.1946871528642
N471Y,-1385.7511848675072
N471V,-1372.0768162198526
D351A,-1384.3004338264454
D351R,-1381.8457685439948
D351N,-1383.588199905393
D351C,-1381.2250519218446
D351Q,-1382.878737567031
D351E,-1382.8709918735867
D351G,-1381.9445865023724
D351H,-1385.6327294382784
D351I,-1378.7165773088134
D351L,-1371.8131448643417
D351K,-1382.2969941759857
D351M,-1381.3888986768172
D351F,-1381.569979044877
D351P,-1238.2199200776445
D351S,-1384.0743172629336
D351*,
D351T,-1383.9946900292093
D351Y,-1380.426094376644
D351V,-1379.998410142315
D368A,-1388.671100112234
D368R,-1387.9660054959106
D368N,-1388.0450822670446
D368G,-1386.3625463169253
D368H,-1387.9607625866254
D368I,-1388.0542936882105
D368L,-1388.3583176935917
D368F,-1388.417397188031
D368P,-1204.32155861965
D368S,-1388.7539807433127
D368*,
D368T,-1388.8337144546242
D368W,-1386.8587449875583
D368Y,-1388.8738841032775
D368V,-1385.1877178081593
D389A,-1384.9437940404146
D389R,-1378.567582272103
D389N,-1384.5438720806133
D389G,-1380.2596274368234
D389H,-1382.3242743494616
D389I,-1375.823551134911
D389L,-1381.1265616265086
D389M,-1378.6072094882156
D389F,-1379.4681182800805
D389P,-1047.3014047176137
D389S,-1383.0951635852234
D389*,
D389Y,-1379.727299974022
D389V,-1373.913084772482
D407N,-1386.1123708679731
D407C,-1381.3258206419662
D407E,-1383.3994267176122
D407G,-1381.1186437383858
D407H,-1386.2004763344926
D407I,-1370.2681119180615
D407L,-1376.6902685510634
D407K,-1380.430207194484
D407F,-1386.564568591453
D407S,-1383.3852924533396
D407T,-1379.8192908201363
D407W,-1384.0689161470054
D407Y,-1384.9612159189917
D407V,-1366.324372234766
D416I,-1367.9136884982759
D416T,-1380.1140721691424
D416V,-1368.3190064671737
D447A,-1378.3748717696749
D447R,-1279.838086139574
D447N,-1375.967573859788
D447E,-1341.17912937912
D447G,-1373.7976724454056
D447H,-1147.3889181808938
D447I,-1245.9058628284804
D447L,-1244.821301771803
D447K,-1248.0867053911861
D447M,-1130.4063273358852
D447P,-1155.0860805043376
D447S,-1377.2256190595442
D447*,
D447T,-1373.7475462280108
D447Y,-952.2170859543952
D447V,-1297.31421208404
D476S,-1384.9679450529275
D476Y,-1383.0650779343905
D476V,-1384.2573967811984
D496R,-1388.2820410500087
D496L,-1387.6819246008706
D496Y,-1387.02392453599
D496V,-1386.7961911572681
C280A,-1387.3053662723673
C280R,-1386.4412645358761
C280N,-1388.180001257018
C280D,-1387.972415700949
C280G,-1385.2986657909692
C280H,-1388.2397696574444
C280I,-1360.9482031127447
C280L,-1369.6507222510152
C280K,-1388.1372083161311
C280M,-1386.78855878995
C280F,-1387.1142675857614
C280P,-1383.1660300573749
C280S,-1387.8604713914779
C280*,
C280T,-1387.7509895872215
C280Y,-1387.7273802748348
C280V,-1388.7500651171003
C403A,-1385.7997854055664
C403R,-1203.8947781032705
C403Q,-1365.7692321441493
C403E,-1366.4183649559486
C403G,-1380.6712020565217
C403I,-1338.8605016616177
C403L,-1301.92733057114
C403K,-1323.8139520135144
C403M,-1222.2028426832812
C403F,-857.7236968170103
C403S,-1384.6631587988052
C403*,
C403Y,-877.3190513884125
C403V,-1354.728677032406
C486A,-1386.26878340996
C486R,-1387.6219808698686
C486Q,-1387.848294863644
C486E,-1384.3043584880202
C486G,-1381.6702735431331
C486L,-1278.0351709073777
C486K,-1388.1326939912205
C486M,-1386.8416444109648
C486P,-1382.952761333489
C486S,-1385.7633052517253
C486T,-1387.0703322376319
C486V,-1330.6405985387996
C490A,-1384.8229723795841
C490R,-1313.6519978980682
C490D,-1375.6872173046218
C490G,-1378.9209159109014
C490I,-700.7272527453694
C490L,-1289.8456944955549
C490K,-1309.3788687702192
C490M,-1238.0299918580947
C490S,-1383.881298055566
C490T,-1378.9192506044737
C490V,-1291.8953670732233
C499A,-1388.590134196702
C499R,-1388.1014519053163
C499Q,-1388.1132851588056
C499G,-1386.240537366201
C499H,-1386.3006486491838
C499L,-1390.35941716412
C499K,-1388.8230855213314
C499M,-1388.3020548355364
C499P,-1075.1464827290538
C499S,-1387.7982324180887
C499T,-1386.9788060573444
C499W,-1384.291829034727
C499Y,-1385.6887742413437
C499V,-1387.730524392958
C501A,-1385.7882913419087
C501R,-890.5510495713851
C501N,-1384.063700519202
C501D,-1382.9335924627605
C501E,-1348.4594726109763
C501G,-1381.513381269193
C501I,-1317.4899648332878
C501L,-1274.8817877202293
C501M,-1079.705187555224
C501P,-1114.6482960402927
C501S,-1384.0069526678526
C501T,-1382.5818866530208
C501W,-626.1437613828203
C501V,-1318.2087402546463
Q278A,-1384.857477455153
Q278R,-1382.564785412406
Q278N,-1381.5983531306574
Q278D,-1377.2669950479087
Q278C,-1383.4391751396258
Q278E,-1386.5560864268004
Q278G,-1381.8607557953403
Q278H,-1376.1710061620452
Q278I,-1382.8823021875714
Q278L,-1378.765953456943
Q278K,-1383.1053407063027
Q278M,-1382.7205496198376
Q278F,-1382.1837816778748
Q278P,-1250.8974785415971
Q278S,-1385.493655553173
Q278*,
Q278T,-1383.0009398760487
Q278Y,-1361.9669318790645
Q278V,-1383.9752438240964
Q312R,-1387.7730823683683
Q312N,-1386.2234734832734
Q312D,-1385.1979030103355
Q312C,-1384.550806436245
Q312E,-1386.3852995441214
Q312G,-1383.8442129149967
Q312H,-1385.313376450785
Q312I,-1385.9303109109544
Q312L,-1386.511989239944
Q312K,-1387.2162670835824
Q312M,-1384.4950956024281
Q312F,-1384.4989323126524
Q312P,-1139.4153673631904
Q312S,-1386.4882456036391
Q312*,
Q312T,-1386.2206908132437
Q312W,-1384.5109291502777
Q312Y,-1385.3827932817194
Q312V,-1385.0383454934265
Q315A,-1388.301292049658
Q315R,-1387.460471802735
Q315N,-1386.8047423599787
Q315D,-1386.8371808296677
Q315C,-1386.6094650291907
Q315E,-1387.205754513654
Q315G,-1385.6312465015094
Q315H,-1386.0622729297054
Q315I,-1386.4388785016492
Q315L,-1386.8895601422485
Q315K,-1387.7217642832247
Q315M,-1386.0327364345037
Q315F,-1374.44092208031
Q315P,-1093.7142926465622
Q315S,-1387.5981326191095
Q315T,-1386.764154099857
Q315Y,-1385.8600572072896
Q315V,-1383.3323519303979
Q327A,-1384.2224231459636
Q327R,-1381.8657421672033
Q327N,-1383.340236255083
Q327D,-1381.3824203023946
Q327E,-1382.0880176037392
Q327G,-1381.2245116345748
Q327H,-1382.5137692567164
Q327I,-1387.0583296293532
Q327L,-1385.4329353222447
Q327K,-1381.917765159994
Q327M,-1384.1946199900995
Q327F,-1381.7416499858978
Q327P,-1379.497758460004
Q327S,-1376.8042863346534
Q327*,
Q327T,-1386.5883908643518
Q327Y,-1382.0020332838042
Q327V,-1385.8614369860431
Q365M,-1385.0750903475523
Q365S,-1385.2901463777391
Q372A,-1381.1212089332791
Q372G,-1377.8581442075158
Q372H,-1379.4431816150473
Q372I,-1370.1674932002163
Q372L,-1379.1800907979282
Q372K,-1383.880420767428
Q372M,-1380.9618392888835
Q372F,-1379.8440400296226
Q372P,-1144.5390879714594
Q372S,-1380.2547242811456
Q372Y,-1380.6708876706145
Q372V,-1370.5766116843677
Q423A,-1386.4549555648698
Q423R,-1388.0825098557148
Q423N,-1385.7894583893894
Q423D,-1387.7418457514889
Q423C,-1386.7142200339078
Q423E,-1387.0307476383089
Q423G,-1384.4389563582124
Q423H,-1383.8639738378074
Q423I,-1387.3630671579017
Q423L,-1385.3579027030262
Q423K,-1387.642436995675
Q423M,-1385.9168982913923
Q423P,-1008.0492877384756
Q423S,-1387.4517880828625
Q423*,
Q423T,-1388.334973185945
Q423Y,-1383.456014023205
Q423V,-1380.6646634694887
Q477A,-1386.07924882628
Q477R,-1384.3151702768166
Q477N,-1382.8254852733196
Q477D,-1382.5507649400313
Q477E,-1385.3605826392516
Q477G,-1383.9954447410798
Q477H,-1376.463882724567
Q477I,-1384.310825689836
Q477L,-1386.8487873038212
Q477K,-1384.2283735619494
Q477M,-1383.1178606873736
Q477F,-1334.1918632763302
Q477P,-1157.8892162832635
Q477S,-1384.9641979177752
Q477*,
Q477T,-1385.4888443850111
Q477W,-1347.3324117888121
Q477Y,-1336.0369885121877
Q477V,-1382.955603491085
Q500A,-1384.7376061711175
Q500R,-1382.7372141261167
Q500N,-1383.3919054514452
Q500D,-1383.866989795704
Q500C,-1382.2250948336432
Q500E,-1384.9501132142627
Q500G,-1381.5242718630811
Q500H,-1382.5594023217582
Q500I,-1334.2155532101697
Q500L,-1385.30333416936
Q500K,-1383.4809489890024
Q500M,-1383.122516220568
Q500F,-1382.1731906463533
Q500P,-1081.1362911055187
Q500S,-1383.8303014724088
Q500*,
Q500T,-1380.7178393966187
Q500W,-1379.5288592813538
Q500Y,-1382.7112008783795
Q500V,-1335.0970405152455
Q516A,-1386.5778512499226
Q516R,-1384.9464008602008
Q516D,-1381.5219813153203
Q516C,-1383.481179770143
Q516G,-1383.3861434363312
Q516H,-1384.4343332287447
Q516I,-1254.7466850704607
Q516L,-1378.6962972472627
Q516K,-1383.523421875927
Q516M,-1385.7566360882347
Q516P,-1080.5729615811033
Q516S,-1384.5562869647779
Q516T,-1385.9675461724094
Q516V,-1375.579537993073
E273A,-1381.996033222624
E273R,-1384.102805670824
E273N,-1381.5358633891026
E273D,-1382.65307136014
E273C,-1381.6596110794933
E273G,-1378.2138446515125
E273I,-1372.5919399960326
E273L,-1383.6194139398917
E273M,-1380.3480396061286
E273P,-1174.5373419726675
E273S,-1381.7151490826916
E273T,-1383.3047555899218
E283A,-1382.871717612367
E283D,-1380.6526129216543
E283Q,-1386.1971352914916
E283G,-1380.4371130516513
E283L,-1379.5040343772735
E283K,-1381.7957789728448
E283M,-1382.9819112766097
E283P,-1238.4083917207004
E283T,-1384.2801847646945
E283V,-1381.6830106394468
E308A,-1384.8069589842448
E308R,-1384.300487697139
E308D,-1385.9745740764968
E308C,-1381.980124916179
E308G,-1383.7272265110776
E308H,-1383.9187105058152
E308L,-1385.4912502844265
E308K,-1385.7129563722879
E308M,-1383.5163211848314
E308F,-1384.1852166249828
E308P,-1354.703099560316
E308S,-1385.2725309344307
E308T,-1385.9413836346916
E308V,-1385.2513645965967
E313A,-1385.6586304986822
E313R,-1382.3356602367649
E313N,-1383.8545449512058
E313D,-1385.6309125689902
E313G,-1382.6270593357456
E313H,-1378.537053153831
E313I,-1385.383560936156
E313L,-1193.129338074085
E313K,-1381.4075104408485
E313M,-1383.6266363963978
E313F,-1233.0879064304265
E313P,-1174.3770163787024
E313S,-1385.2719765429483
E313T,-1388.0062334421502
E313Y,-1246.0071348011666
E313V,-1386.1433083335914
E323A,-1386.5096133568165
E323R,-1385.5485125972182
E323N,-1386.571602527452
E323D,-1387.3759888949228
E323C,-1383.112642283835
E323G,-1384.7110203378554
E323H,-1384.480608269788
E323I,-1383.7920590410358
E323L,-1384.3807828897422
E323K,-1386.874729211189
E323F,-1382.888099166622
E323P,-1363.252578504992
E323S,-1385.9443773272146
E323*,
E323T,-1385.0006720656772
E323W,-1383.4196038871394
E323Y,-1383.56819648414
E323V,-1383.9914273761228
E334A,-1384.985798580671
E334R,-1383.1972151970808
E334N,-1385.0327424101044
E334C,-1382.4785025233828
E334Q,-1386.184176068698
E334G,-1383.9343815571656
E334H,-1384.191864286336
E334I,-1383.0742092821906
E334L,-1385.2091838670642
E334K,-1385.3121988895618
E334F,-1383.483058369788
E334P,-1350.0742305040253
E334S,-1385.0284923763454
E334*,
E334T,-1384.417460228328
E334W,-1382.4978389481257
E334Y,-1384.3136911804431
E334V,-1383.473508515954
E335A,-1381.8837247600336
E335R,-1379.5119665939276
E335N,-1381.486444909186
E335D,-1382.1436172646688
E335C,-1380.8867110306005
E335G,-1378.652985488512
E335I,-1306.6741510728036
E335L,-1367.2331478627011
E335K,-1378.4957478583506
E335M,-1382.2849493523088
E335P,-1382.9743414197824
E335S,-1381.4067129392254
E335*,
E335T,-1381.7536789626822
E335V,-1308.3181295613563
E342L,-1378.9132762483432
E356A,-1386.2742608031162
E356R,-1385.3957548549404
E356D,-1387.5164804985209
E356C,-1383.0109082717643
E356Q,-1385.7848169047202
E356G,-1384.9148881683363
E356H,-1384.6500665216931
E356I,-1384.3660340783247
E356L,-1385.2703360489227
E356K,-1386.81010797562
E356M,-1385.0768751823998
E356F,-1384.2033434527298
E356P,-1387.5961165789797
E356S,-1386.735931011385
E356*,
E356T,-1385.2087824359667
E356W,-1383.5509113626508
E356Y,-1384.584607482358
E356V,-1384.102350716374
E381R,-1379.3628558289315
E381G,-1379.5123139226173
E381L,-1380.365811119422
E381M,-1382.3294721845605
E381P,-999.1552933684518
E381S,-1381.7499757982353
E381T,-1381.5974944900277
E381Y,-1375.4725937725032
E381V,-1367.1184274202799
E399C,-1383.302004581186
E399H,-1384.6820088000682
E399I,-1383.5491689957462
E399M,-1383.8767150300407
E399P,-1386.5007243955174
E399S,-1386.6837909864894
E399T,-1385.3453783802947
E399Y,-1383.9885965999094
E399V,-1383.8876267847925
E415R,-1381.8499363344827
E415D,-1383.5115482238425
E415C,-1381.761593059124
E415Q,-1385.6573120276412
E415G,-1381.2345270600085
E415H,-1381.7792834756715
E415I,-1381.1051728333703
E415L,-1384.6137498458531
E415P,-1119.9125876709118
E415S,-1383.1634841755226
E415Y,-1375.150273508124
E418A,-1386.3589021029097
E418R,-1384.8914175505993
E418N,-1387.2823992071462
E418D,-1387.9600940725988
E418Q,-1386.259633278506
E418H,-1386.4231290185458
E418I,-1275.3891096363834
E418L,-1385.1920695220097
E418K,-1385.9634324762224
E418M,-1384.376350756651
E418F,-1383.4609181794988
E418P,-1359.574607274931
E418S,-1385.7799146226776
E418*,
E418Y,-1383.9667560703165
E418V,-1277.4677570643478
E435G,-1381.4073305486556
E435H,-1383.4264325902795
E435L,-1383.8408606592566
E435F,-1382.7256751245934
E435T,-1384.3591746812688
E435Y,-1384.0615692590077
E435V,-1384.5645441178667
E457R,-1348.3681009933614
E457C,-1382.5363110723936
E457Q,-1385.2265531829585
E457G,-1379.0705312733157
E457L,-1377.3254875740151
E457M,-1381.269053217822
E457F,-1314.1570597749242
E457P,-1163.9183972106944
E457S,-1381.6942086614858
E457T,-1382.2338335557824
E457V,-1359.406313309645
E473G,-1382.8335003592151
E473L,-1387.2398336714673
E473T,-1383.58260608442
E479A,-1387.9709911816094
E479R,-1387.3172314188128
E479N,-1387.2591822775441
E479D,-1386.4424049789775
E479C,-1387.9323142931357
E479Q,-1386.083683095825
E479G,-1385.48270631371
E479H,-1385.373436759134
E479I,-1384.148979470434
E479L,-1385.4379612706487
E479K,-1386.282209934243
E479M,-1385.9704150308585
E479F,-1383.9448985788563
E479P,-1118.891711706183
E479S,-1387.8827155243762
E479*,
E479T,-1385.2245279354513
E479Y,-1384.5840027091228
E479V,-1378.3075645625092
E489R,-1385.9796642129586
E489N,-1389.0550715746795
E489D,-1388.7339666274931
E489C,-1384.5375184225081
E489G,-1387.3346728912577
E489I,-1373.3827183074914
E489L,-1385.0307234729603
E489M,-1384.6814496746968
E489P,-987.937353225814
E489S,-1387.313168984436
E489T,-1383.4662078521671
E489Y,-1386.4818076980903
E489V,-1373.6886642284624
E492A,-1386.2417640336423
E492N,-1386.0708516408986
E492G,-1384.3668454268927
E492K,-1387.4057249713787
E492M,-1384.863066648769
E492F,-1383.380345340527
E492P,-1385.944783902375
E492*,
E492T,-1385.9126645332442
E492Y,-1384.028273046112
E492V,-1385.032598612796
E505A,-1386.4945944747408
E505R,-1388.3203170252375
E505N,-1390.4382673071473
E505D,-1389.0188674914973
E505C,-1387.687995541059
E505Q,-1387.1621590673815
E505G,-1381.8140244861345
E505H,-1386.5136355088262
E505I,-1390.3848991656619
E505L,-1387.3525418649817
E505K,-1387.9607232923297
E505M,-1386.0603931297806
E505F,-1386.146107783621
E505P,-1352.7559921848
E505S,-1387.2707106277346
E505*,
E505T,-1389.529175068758
E505W,-1384.1716431119062
E505Y,-1386.237605352041
E505V,-1390.470562101461
E507A,-1386.9233745798913
E507R,-1387.5522375858566
E507N,-1387.7709668425312
E507D,-1387.4233477852774
E507C,-1384.0180056925158
E507Q,-1387.7498234391508
E507G,-1385.2706406280379
E507H,-1386.5510604659162
E507L,-1386.2924377738
E507M,-1385.8360223968125
E507P,-1368.1181657978998
E507S,-1386.9100628564363
E507*,
E507T,-1385.047380250319
E507W,-1383.580015056468
E507V,-1384.4356608141793
E508A,-1384.0482595885846
E508R,-1384.6522368416709
E508N,-1384.6054780596041
E508D,-1383.7743216439972
E508C,-1381.8060486750862
E508Q,-1387.4740646302885
E508G,-1382.5044267224164
E508H,-1382.4500907087452
E508I,-1379.0181975465844
E508L,-1384.580300402314
E508K,-1385.31290366519
E508M,-1382.6628168165862
E508F,-1381.0683057270548
E508P,-1126.45616048241
E508S,-1385.2935688462744
E508*,
E508T,-1385.6581685718536
E508W,-1381.6633785552
E508Y,-1382.0087802983528
E508V,-1370.5102089699647
E513A,-1382.4332457882665
E513R,-1381.7683218619554
E513N,-1383.1924286847302
E513D,-1384.056048443174
E513C,-1380.627193524273
E513Q,-1384.4033596792526
E513G,-1381.4994700321943
E513H,-1384.2735359824358
E513I,-1382.965621623379
E513L,-1383.369896078265
E513K,-1383.3146703695368
E513M,-1381.3568820282396
E513F,-1382.080328902412
E513P,-1283.8719628331044
E513S,-1382.8381760088928
E513T,-1382.5906524963214
E513W,-1380.5042028413186
E513V,-1382.866186417807
G277A,-1384.943183032615
G277R,-1352.4006261672
G277N,-1384.572010647329
G277D,-1384.7674567058011
G277Q,-1360.633884798093
G277I,-1340.9456400471888
G277L,-1271.7731754954098
G277K,-1359.7881845799595
G277M,-1359.9206537902764
G277P,-1032.1042710731208
G277S,-1385.5015835846657
G277*,
G277V,-1319.0670116983003
G279A,-1384.316814506919
G279R,-1381.2175884309165
G279D,-1386.4045171161151
G279H,-1383.2726238140444
G279I,-1382.9418304021785
G279L,-1382.1686297179685
G279K,-1384.2845835775875
G279M,-1380.5690014606546
G279F,-1382.9758550893969
G279P,-1208.032023209547
G279S,-1388.1812666488868
G279T,-1388.1685910026654
G279W,-1377.196726463528
G279Y,-1365.9525734689528
G279V,-1381.2975157948963
G282A,-1270.42827298626
G282R,-1112.0938655693226
G282N,-1252.855427362818
G282D,-1263.384764843527
G282I,-150.5258254579766
G282L,-1246.4273698374698
G282K,-1088.353910058716
G282F,-1262.5651638799932
G282P,-1075.0411714424936
G282S,-1270.169375621792
G282Y,-1258.5630284692857
G282V,-917.7302320493775
G287A,-1288.7763116708143
G287R,-631.3665227012157
G287N,-1227.1872220792798
G287D,-1266.101179015026
G287C,-1268.8071862639133
G287Q,-802.6142727677882
G287E,-993.0363820670566
G287H,-395.99779389233686
G287I,-967.6721820543405
G287L,-783.0849373059059
G287K,-380.2877087283657
G287M,-414.4703081495415
G287F,-952.5272971779915
G287P,-1048.9936569078732
G287S,-1281.708204474572
G287*,
G287T,-1183.6990108781658
G287Y,-71.3223256384409
G287V,-1160.931950856333
G291A,-1379.1886620747628
G291R,-1378.5447620816074
G291N,-1383.9573981940728
G291D,-1382.783761008579
G291C,-1376.9259019804563
G291Q,-1379.1119940907677
G291E,-1378.9795631975028
G291H,-1379.754961328706
G291I,-1365.208029709478
G291L,-1379.4389348932996
G291K,-1379.9134915004831
G291M,-1377.0449188734679
G291F,-1378.6325956201638
G291P,-969.1678375962712
G291S,-1382.8267979630302
G291W,-1375.4840811007246
G291Y,-1378.8852600182358
G291V,-1364.5260105645439
G303L,-1354.7357225401704
G347A,-1381.5196133228837
G347R,-1370.8828192673689
G347N,-1379.6207152368424
G347D,-1379.0456950585435
G347C,-1370.3189799269765
G347Q,-1375.4545887540025
G347E,-1366.085683240693
G347I,-1211.417400941591
G347L,-1324.1795705789245
G347K,-1378.6531633750596
G347M,-1368.1385372584036
G347F,-1340.3409088211297
G347P,-946.4057468031369
G347S,-1383.4342178466145
G347*,
G347T,-1365.5372109723353
G347W,-1322.756075477363
G347Y,-1340.7294402056712
G347V,-1279.302653931665
G355A,-1370.3513355080497
G355R,-1362.3657548340323
G355N,-1368.3097065590082
G355D,-1374.2831456242031
G355C,-1360.9302792458536
G355Q,-1365.3082584205076
G355E,-1361.696838408466
G355H,-1366.1231328210483
G355I,-1293.4183331102317
G355L,-1361.79218079022
G355K,-1367.681457173126
G355M,-1360.6546206794033
G355F,-1361.6658419334167
G355P,-849.1981401671981
G355S,-1379.2830324000981
G355*,
G355T,-1360.7472175011444
G355W,-1357.8805588652472
G355Y,-1364.0170820234478
G355V,-1291.1793920508676
G358W,-1119.939263754046
G358V,-1148.8047593216343
G376R,199.08513871799914
G376D,-1204.6122317856396
G376Q,-1138.1225042178662
G376E,-1140.8126056172005
G376L,-360.48084191734176
G376K,-843.834045689744
G376F,-300.73400051270806
G376P,-973.2250021560842
G376S,-1349.6970089628173
G376*,
G376T,-1228.789621305598
G376W,597.2337522529983
G376V,-982.7513796166855
G398A,-1379.2972463101926
G398R,-1369.6389493869162
G398N,-1354.09326946644
G398D,-1350.1632986638272
G398E,-1371.5911790528942
G398H,-774.1906470434947
G398I,-1259.3905015725109
G398L,-490.99477926592755
G398M,-1371.4289625537153
G398F,-348.9278857100724
G398P,-1170.1466892404276
G398S,-1383.2237216139652
G398*,
G398T,-1374.8354555716298
G398W,-1246.4641203516671
G398Y,-157.85892892886997
G398V,-1262.7215820077565
G409A,-1372.8645066543595
G409R,-1359.6744958847257
G409N,-1372.8655519855033
G409D,-1366.746054296719
G409Q,-1367.621975748634
G409E,-1374.2356775440257
G409H,-1366.0861620301964
G409I,-1361.5945530089487
G409L,-1368.1103550245944
G409K,-1370.413493468317
G409M,-1364.1005908881582
G409F,-1207.5957992973083
G409P,-818.5263874001615
G409S,-1371.4791295650414
G409*,
G409T,-1375.6334906392476
G409W,-1352.846136282233
G409V,-1366.8668851808618
G424A,-1359.6864566844092
G424R,-1191.372217214681
G424N,-1364.1159332709703
G424D,-1364.4067053190179
G424Q,-1214.4292887604436
G424E,-1208.8411286513738
G424I,-1208.502631014206
G424L,-526.5374905798154
G424K,-1201.1302051501266
G424M,-1351.0452949789876
G424P,-776.666282309533
G424S,-1358.4242970775306
G424T,-1217.7819622619022
G424Y,-1099.0632387216735
G424V,-1216.9139755109438
G440A,-1368.9542384157307
G440R,-1005.0405293498275
G440N,-1382.3407582486072
G440D,-1380.331986683421
G440C,-1255.2200441133539
G440Q,-790.0694952855523
G440E,-1028.82581727832
G440H,-1215.8505649055357
G440I,-1051.5934872815703
G440L,-1156.796413920216
G440K,-1270.8407904758444
G440M,-1354.6283452563298
G440F,-1076.6870138445768
G440P,-966.2322005500788
G440S,-1380.248362873014
G440*,
G440T,-1308.5198799431882
G440W,-1195.8011245717605
G440Y,-992.0722503076241
G440V,-1274.5715074558434
G452N,-84.52117138481226
G452I,284.7655322647592
G452K,56.63041533697607
G462S,-1365.5101255400405
G468A,-1387.3889439055442
G468D,-1389.9600324456944
G468C,-1386.4110728562473
G468T,-1389.2523486553935
G468Y,-1389.1251234383012
G468V,-1387.3727652058653
G481A,-1362.286078271764
G481R,-1358.2749115460667
G481N,-1374.3085340986954
G481D,-1369.6674660485571
G481C,-1354.1423392628353
G481Q,-1358.4103035759479
G481E,-1350.1407302485068
G481H,-1357.982599964259
G481I,-1339.9952858987758
G481L,-1350.6702148543482
G481K,-1357.4874195733432
G481M,-1356.931180110529
G481F,-1357.118617526604
G481P,-979.7982509846969
G481S,-1372.6891323160753
G481*,
G481T,-1355.0750610140406
G481W,-1355.1424410527788
G481Y,-1351.6932409343653
G481V,-1339.6278196836545
H322I,-1274.8433566078093
H387A,-1382.5963628430047
H387R,-1246.1770160025305
H387C,-1382.049070208937
H387Q,-1304.0999538991596
H387G,-1379.5786605184749
H387L,-1282.282416365556
H387M,-1371.5950853890731
H387F,-1132.8268546250547
H387T,-1379.3964845755859
H387Y,-1042.5086553159747
H387V,-1317.1371395520837
H495A,-1385.8272875780744
H495R,-1384.1375160314703
H495N,-1385.3646395371027
H495D,-1383.8841948135716
H495C,-1382.9764974039965
H495Q,-1380.9314131233643
H495E,-1381.6532120783263
H495G,-1382.5285776754997
H495I,-1169.6480607933504
H495L,-1384.4086449098052
H495K,-1385.0695739621049
H495M,-1383.290842197539
H495P,-1092.4571291597038
H495S,-1384.661907038906
H495*,
H495T,-1384.0317083411617
H495W,-1385.540556818995
H495Y,-1387.930095734127
H495V,-1334.9025444516292
I297R,-1223.6702267567248
I297N,-1377.0252714280325
I297D,-1375.1554907155041
I297C,-1378.5681579482414
I297G,-1372.2991338329184
I297H,-1255.7979662506832
I297L,-1348.8039666539446
I297F,-1076.5932193626718
I297P,-1228.2119919075146
I297S,-1377.7341759007236
I297*,
I297T,-1381.0525816261504
I297Y,-974.517693858975
I297V,-1384.9607860568779
I337N,-1378.6754454005045
I337Q,-1379.5005140538806
I337G,-1375.365866342824
I337K,-1367.342792354898
I337M,-1365.3272433435527
I337P,-1347.9472020358428
I337S,-1378.4448589468836
I337V,-1384.9186597645505
I339A,-1379.8394229762164
I339R,-1366.439707666353
I339N,-1379.0152604990546
I339D,-1377.6165087210975
I339C,-1379.846651618683
I339Q,-1380.4692642627651
I339E,-1380.0624642378077
I339G,-1374.2717756007924
I339H,-1343.2286290677177
I339L,-1372.7162790356235
I339K,-1375.5794117853136
I339M,-1365.517875415586
I339F,-1132.4392370756475
I339P,-1046.452919146968
I339S,-1380.5614237897394
I339*,
I339T,-1382.5211907392795
I339W,-1227.020146437844
I339Y,-1063.7003005896922
I339V,-1385.636230365397
I373A,-1379.8765718474801
I373R,-1197.8517163099175
I373D,-1378.3020592186992
I373C,-1379.068920096875
I373E,-1375.4611602795553
I373G,-1375.879489085314
I373L,-1350.253921551063
I373K,-1340.0482264086556
I373P,-1115.698396829213
I373S,-1378.1473033352843
I373V,-1384.8982916778223
I395R,-1244.617636045955
I395D,-1375.2951982004802
I395C,-1379.823074466611
I395L,-1288.528175959629
I395M,-1356.3327580526718
I395F,-1338.533238431025
I395S,-1377.5596542127018
I395*,
I395W,-808.6857893801163
I395Y,-1300.1384645645676
I395V,-1386.233377681391
I414R,-1368.2422273439154
I414S,-1378.372656585763
I414V,-1385.0655232763531
I429A,-1383.8831784097513
I429N,-1380.0196642417075
I429D,-1380.1276752058939
I429G,-1380.852119490144
I429H,-1349.5198792086676
I429L,-1378.1692434303056
I429K,-1371.0862397626313
I429F,-723.1535924255885
I429P,-1209.300964179181
I429S,-1382.5438353222198
I429T,-1382.2026263616847
I429Y,-588.3538229480984
I429V,-1385.6753566881468
I444A,-1383.790005411525
I444R,-1380.291925996852
I444N,-1380.866349260584
I444D,-1380.4018339949243
I444C,-1380.872663126496
I444Q,-1380.821009230921
I444E,-1380.8771108251744
I444G,-1380.9720450744462
I444H,-1377.1191556183303
I444L,-1261.672722735606
I444K,-1382.1956557653275
I444M,-1379.6261894370389
I444F,-1323.8365303789942
I444P,-1304.3877885266202
I444S,-1383.2871585975618
I444*,
I444T,-1383.147971242867
I444Y,-1312.9558493098361
I444V,-1384.0689867789629
I453A,-1382.203668121022
I453R,-1355.985170605782
I453C,-1381.1408439816034
I453Q,-1375.4107916565317
I453H,-1381.1100375545795
I453L,-1382.7589119383247
I453K,-1373.983821448076
I453M,-1380.8641528724454
I453F,-1369.221669767647
I453P,-1197.5678521098816
I453S,-1380.5646707912533
I453T,-1382.8594871277262
I453W,-1369.3824604856195
I453Y,-1357.5024737090691
I453V,-1386.1130535735538
L270E,-1379.5029271760222
L270G,-1374.4895156554574
L270F,-1206.1686654004536
L270T,-1380.7004283743677
L270V,-1357.8714448372154
L276R,-1379.8153080257346
L276D,-1380.879114999663
L276E,-1381.9962351217541
L276G,-1379.1123569759698
L276F,-1090.0172804425
L276*,
L276T,-1379.9927491987864
L276Y,-748.3898424190506
L300A,-1379.6385084429885
L300R,-1371.0060188224977
L300N,-1381.0707284121559
L300D,-1380.0115720609233
L300C,-1379.9313166240418
L300Q,-1382.849186690711
L300E,-1382.2217184262443
L300G,-1377.4319155743353
L300H,-1381.400531242799
L300I,-1377.4899574267363
L300K,-1376.6260563313524
L300M,-1383.3538425470733
L300F,-1377.1882562862154
L300P,-1133.3491659109827
L300S,-1379.9032094728248
L300*,
L300T,-1373.2301271566814
L300W,-1376.6458330798168
L300Y,-1377.1677364401069
L300V,-1375.5889752828932
L311A,-1384.837570420245
L311R,-1384.3257875713437
L311N,-1384.4963213776487
L311D,-1383.7015376665393
L311E,-1385.6661086309896
L311G,-1381.910798276712
L311I,-1385.1437142819761
L311K,-1384.8278149895993
L311M,-1387.0564312941044
L311F,-1382.2439642966572
L311P,-1132.7231109304714
L311S,-1384.7845788623656
L311T,-1384.8810509443424
L311W,-1383.0143840079581
L311Y,-1382.1037619062258
L320A,-1380.1034274780252
L320R,-1290.1983697664602
L320N,-1380.134977796865
L320D,-1377.432667313712
L320C,-1381.1251606176525
L320Q,-1382.3719787653806
L320E,-1380.4197087125458
L320G,-1375.4099802451424
L320H,-1349.9662810195816
L320I,-1380.631620132136
L320K,-1371.2062226520954
L320M,-1382.157660979155
L320F,-1295.0424278198059
L320P,-1131.6209581707599
L320S,-1379.315298524186
L320*,
L320T,-1374.939875375099
L320W,-491.0988345953458
L320Y,-1253.1510917580758
L320V,-1379.0265360406381
L325A,-1378.842927229971
L325R,-1229.3525517030882
L325N,-1378.4247139481308
L325D,-1376.9109261215697
L325C,-1378.8790530711692
L325Q,-1380.966138226151
L325E,-1378.8246793875614
L325G,-1375.391902100886
L325H,-1376.4780532649213
L325I,-1324.4770225552425
L325K,-1348.5098105488473
L325M,-1344.7136257496854
L325F,-881.0292133544294
L325P,-1132.3984990161869
L325S,-1375.1659933726694
L325*,
L325T,-1379.8981588299152
L325Y,-878.1688432258029
L325V,-1326.2346105880126
L328N,-1381.287507189852
L328H,-1382.373673271333
L328I,-1385.2474413034324
L328M,-1385.215938620383
L328F,-1380.8913805398608
L328P,-1367.6021303836264
L328Y,-1199.014028249863
L328V,-1384.8719365458146
L349A,-1380.7385508724637
L349R,-1258.090843879259
L349N,-1378.678039361911
L349D,-1378.0219805769286
L349C,-1378.0539386661258
L349G,-1376.0146030712401
L349H,-1316.1347792450563
L349I,-1333.7929533765623
L349K,-1367.9606232218537
L349M,-1363.8602642907586
L349F,-1070.4156093337895
L349P,-982.8004866950743
L349S,-1378.0025998423198
L349*,
L349T,-1377.5790913242195
L349W,-970.0277905312294
L349Y,-758.6710848030868
L349V,-1356.0341793630669
L350A,-1383.3125656617183
L350R,-1380.0296771355027
L350N,-1382.8911239097492
L350D,-1382.4294412938505
L350Q,-1385.3865658609043
L350G,-1380.7098683853512
L350I,-1381.8656176937575
L350M,-1382.4978876735022
L350F,-1374.4223015445384
L350P,-1339.135911275603
L350S,-1382.2520734591994
L350T,-1382.6527941872162
L350Y,-1374.6328669385593
L350V,-1382.1428796014957
L353A,-1378.7351737509805
L353R,-1210.571951364018
L353N,-1379.1251429159274
L353D,-1376.801108694263
L353C,-1379.363929076499
L353Q,-1376.664212680624
L353E,-1377.0409350008838
L353G,-1374.8920490077185
L353H,-1319.9280104503746
L353I,-1292.9473468983067
L353K,-1323.6032497986296
L353F,-1136.9035912385002
L353P,-1049.1782307322514
L353S,-1377.461597233595
L353*,
L353T,-1372.9128866053984
L353W,-1052.598893991408
L353Y,-970.4855409356655
L353V,-1291.9185297047052
L361A,-1381.3282264252507
L361R,-1248.9371060520034
L361E,-1380.8015268452396
L361G,-1377.4601813855995
L361H,-1353.2826672119897
L361I,-1370.9387982943917
L361M,-1376.457352202619
L361F,-1096.6889938448123
L361P,-966.7087552856073
L361S,-1381.459921704816
L361T,-1382.6498739860222
L361Y,-997.0648489198252
L363A,-1383.1336511411796
L363R,-1374.0030276148145
L363N,-1374.695008754516
L363D,-1374.6572178621839
L363C,-1372.7792499773402
L363Q,-1374.999451930399
L363E,-1375.3033587093846
L363G,-1373.6344923678566
L363H,-1371.1879139355617
L363I,-1376.1716102163693
L363K,-1372.1051298778664
L363M,-1372.1162963844754
L363F,-1183.6973067242275
L363P,-1359.290825260305
L363S,-1373.3533791528496
L363T,-1376.3727478304086
L363Y,-897.8281887420294
L363V,-1374.9468643619941
L366E,-1381.6341437388373
L366M,-1383.9234061174157
L366S,-1380.301470858439
L366T,-1378.4141902127412
L366V,-1363.4056220949315
L390K,-1346.0971618743752
L390S,-1378.289706494755
L396A,-1382.6928278443718
L396D,-1381.0928789342076
L396Q,-1384.4779754193708
L396E,-1383.371064501655
L396I,-1290.726079885415
L396K,-1384.0185489137805
L396P,-1227.8826557101158
L396S,-1382.04419612999
L396T,-1382.5337294062317
L396V,-1377.2804953785526
L401R,-1385.3357492471753
L401C,-1383.004843968334
L401Q,-1384.7784262189537
L401E,-1382.9754703397189
L401G,-1385.1238667019459
L401I,-1371.630139336989
L401S,-1384.9343469640592
L401V,-1371.2900046480947
L410A,-1381.743107531249
L410R,-1378.2080440718594
L410Q,-1382.1514449877702
L410E,-1381.54197062923
L410G,-1379.7032686017212
L410I,-1383.7937333331593
L410K,-1379.5985814066562
L410M,-1381.8584454011145
L410P,-1220.8646761617938
L410S,-1380.7234013798152
L410*,
L410Y,-1302.6148213170004
L410V,-1382.5468797909855
L413R,-1382.3523990265785
L413N,-1384.1017348280998
L413D,-1381.1477196950564
L413C,-1382.0015583764025
L413Q,-1382.6896173959974
L413G,-1379.6181686237092
L413H,-1378.9068449427893
L413I,-1363.6906840873598
L413K,-1383.0393020097083
L413M,-1381.3536643335033
L413F,-1326.6614722318857
L413P,-1175.3409417526705
L413S,-1381.539930438149
L413T,-1379.6236970896553
L413Y,-1304.1404999409838
L413V,-1265.2595235348626
L438A,-1385.8047084286839
L438R,-1386.4641242149237
L438N,-1385.5837082711566
L438Q,-1386.290774199812
L438G,-1382.38704878183
L438K,-1386.2359619638441
L438M,-1386.170062512734
L438S,-1385.1643424521442
L438W,-1382.3166916464056
L438V,-1385.8975246761192
L454A,-1381.656770643906
L454R,-1160.5955296920988
L454N,-1379.8677796966604
L454D,-1378.2032549391029
L454C,-1379.2980938137218
L454Q,-1380.5571170347887
L454E,-1379.4428329312145
L454G,-1378.8966599725059
L454H,-1374.8818337279886
L454I,-1312.0940170163362
L454K,-1354.043169955545
L454M,-1379.2435581638324
L454F,-1193.3588834472514
L454P,-907.3302656323539
L454S,-1379.8407121968814
L454*,
L454T,-1381.874051880019
L454W,-1186.075137640702
L454Y,-1197.2690427457715
L454V,-1371.6656696819014
L455A,-1380.5081009094781
L455R,-1314.3335992674058
L455N,-1380.4922979986486
L455D,-1377.9405099634837
L455C,-1379.8874132171
L455Q,-1380.7901442295363
L455E,-1379.9196293033915
L455G,-1376.7124961380352
L455H,-1310.2567749325237
L455I,-1369.6639117754048
L455K,-1371.8511736931068
L455M,-1379.2230803989623
L455F,-1159.0971432230988
L455P,-1109.136252089728
L455S,-1379.034273580902
L455*,
L455T,-1375.1506002851072
L455W,-984.0830597712447
L455Y,-954.9811089369
L455V,-1367.9419339214637
L458A,-1380.5189105702545
L458N,-1381.335402464273
L458E,-1379.7302348210826
L458I,-1291.509434070082
L458F,-1322.20940333449
L458P,-1200.1758978370747
L458S,-1379.1740984237554
L458*,
L458T,-1376.9014239564917
L458V,-1294.834454896864
L475R,-1384.4539323123806
L475D,-1379.9823815386967
L475I,-1355.1601545151536
L475W,-1381.1065344837566
L494A,-1381.014423371317
L494R,-1374.7875978765069
L494C,-1380.3235296883536
L494Q,-1381.6563797065965
L494G,-1377.0264637429723
L494H,-1357.6105239654532
L494I,-1381.7304028960261
L494K,-1377.8812589401618
L494M,-1384.8222338878682
L494F,-1203.214654780778
L494P,-1311.135260855053
L494S,-1379.6622530646282
L494W,-1015.8455173424701
L494Y,-957.4316516544512
L494V,-1380.7149600739676
L497A,-1381.9706420364837
L497F,-1368.9836383551876
L497P,-1058.2380605326223
L515A,-1381.5859317602838
L515R,-1175.715589198603
L515N,-1381.8895791074037
L515D,-1379.1678155154982
L515C,-1381.2945474943301
L515Q,-1376.9782353335543
L515E,-1378.9723548339082
L515G,-1376.8301997440296
L515H,-1366.4627291508086
L515I,-1381.2811178938723
L515K,-1342.9946265115605
L515M,-1360.3601744198913
L515F,-1319.984722524428
L515P,-1108.5957984028391
L515S,-1379.4635057646253
L515*,
L515T,-1377.3219354532187
L515W,-1123.9252575255398
L515Y,-1290.1227992377192
L515V,-1379.1438035077888
L519A,-1379.686769039025
L519R,-1274.236188415983
L519Q,-1379.9642523939194
L519E,-1377.971622706018
L519G,-1375.3454130992593
L519M,-1332.706479695401
L519F,-1328.7759988300586
L519P,-1193.3681436624586
L519S,-1378.3639582592457
L519T,-1378.3350474080428
L519W,-1066.8143532955414
L519Y,-1295.6485935201044
L519V,-1341.8087097872556
K275A,-1383.1205590994905
K275N,-1382.294074625485
K275D,-1378.3203842749724
K275C,-1383.3429302811653
K275Q,-1384.5065998393088
K275G,-1379.912550175986
K275H,-1379.9699618608884
K275I,-1305.2341413898844
K275L,-1383.6860905688686
K275M,-1383.9656061196047
K275S,-1382.7764629489914
K275Y,-1066.0006473314604
K275V,-1304.999050658234
K298A,-1382.9725276408244
K298R,-1385.3046854414433
K298Q,-1383.948453089909
K298E,-1380.8764171911705
K298G,-1378.75984690109
K298H,-1383.2051524057001
K298I,-1385.8167857164242
K298L,-1381.840304633396
K298M,-1382.9387688231623
K298F,-1369.7799248236224
K298P,-1217.3442363916608
K298S,-1382.7132341731358
K298*,
K298V,-1386.7448574697753
K301A,-1385.6261129923005
K301R,-1386.7402893604233
K301N,-1386.3206492880772
K301D,-1385.2134956925672
K301C,-1384.4630329023173
K301Q,-1385.8515099552124
K301E,-1385.404748249984
K301G,-1382.6393379662827
K301H,-1387.5785428950983
K301I,-1385.559922991565
K301L,-1387.1324064252856
K301M,-1386.0848058754027
K301F,-1384.0371737093428
K301P,-1123.8802401669964
K301S,-1385.9862508266078
K301*,
K301T,-1384.5347356719597
K301W,-1384.6994848987993
K301Y,-1383.9365332305256
K301V,-1385.4460102337782
K318A,-1388.2998448413016
K318R,-1387.0905265363992
K318N,-1385.7315949153358
K318D,-1383.4847396116209
K318C,-1382.8499765949982
K318Q,-1387.4776545653262
K318E,-1386.204622181717
K318G,-1384.4631219677958
K318H,-1386.7689696425707
K318I,-1372.876597188361
K318L,-1389.51465550822
K318M,-1386.8253228326598
K318F,-1387.7825013597503
K318P,-1104.5437283031763
K318S,-1385.4181112970996
K318*,
K318T,-1384.1106664941797
K318W,-1385.7936080902468
K318Y,-1387.7146949844396
K318V,-1376.779592400786
K319A,-1386.625739121444
K319R,-1385.8511498969206
K319N,-1386.990775487646
K319D,-1386.3389069622024
K319C,-1384.3292910206037
K319Q,-1386.8722778140611
K319E,-1386.7088334658515
K319G,-1384.9894171852468
K319H,-1386.371716259995
K319I,-1382.622805265151
K319L,-1386.7188999672796
K319M,-1385.745615989462
K319S,-1387.072933197723
K319T,-1386.733622521936
K319W,-1383.9454541743198
K319Y,-1385.3452024751566
K319V,-1382.6306726548287
K324A,-1384.9667943543823
K324R,-1384.158810039562
K324C,-1384.34104838179
K324Q,-1383.474293874778
K324G,-1383.115904975289
K324H,-1385.9058760098537
K324I,-1123.1205389158267
K324M,-1385.0928736520107
K324P,-1326.1242788647078
K324S,-1384.0019955659784
K324T,-1384.0913939252207
K324Y,-1384.8818078016309
K324V,-1339.4879472739628
K346A,-1384.479284973629
K346R,-1385.9119962471098
K346D,-1383.672895591245
K346C,-1383.6471556737938
K346Q,-1386.0249126300419
K346G,-1382.5259287420495
K346H,-1385.1946600154993
K346I,-962.4441036059235
K346L,-1386.8974875654446
K346M,-1385.3748378255218
K346F,-1373.5909438777808
K346P,-923.6538184571218
K346S,-1384.1949178617076
K346T,-1382.181033143884
K346W,-1382.945083306459
K346Y,-1385.575587757972
K346V,-1229.0397237552556
K354A,-1384.735748004703
K354R,-1388.503646000357
K354N,-1384.9936069330936
K354D,-1385.813956723932
K354C,-1384.2087177062658
K354Q,-1385.6326762100803
K354E,-1384.0443993920685
K354G,-1384.135426045264
K354H,-1382.6050602512803
K354I,-1378.1070419623406
K354L,-1370.4878985751836
K354M,-1385.1192132085969
K354F,-1218.7577306027526
K354P,-1099.854317840711
K354S,-1386.2958401935748
K354*,
K354T,-1386.3850866916125
K354W,-1100.0442256938295
K354Y,-942.537905214376
K354V,-1370.800081568581
K359H,-1385.012295164002
K359F,-1383.1549006381172
K404R,-1379.4025935074344
K404N,-1377.9390211152295
K404D,-1370.999021831229
K404Q,-1382.349040922922
K404E,-1375.3915235173542
K404G,-1376.9049912505939
K404H,-1352.6171735589535
K404I,-1267.7535900658968
K404L,-1373.8024099478876
K404M,-1382.5004031844628
K404P,-1111.1547631161066
K404S,-1379.7589669416075
K404T,-1376.7567453731924
K404Y,117.67297884524741
K426A,-1383.199605200887
K426R,-1383.0364716236202
K426N,-1383.5023995126962
K426D,-1381.3533806024013
K426C,-1382.7238573097356
K426G,-1379.6434830002988
K426H,-1382.98385715147
K426I,-1368.8206100598054
K426L,-1358.3659687613938
K426M,-1380.717839244756
K426F,-1382.2722562451045
K426P,-1371.1815255465801
K426S,-1382.192978975513
K426*,
K426T,-1381.8004019873763
K426W,-1362.0968319454378
K426Y,-1382.1448901703234
K426V,-1383.7512837489396
K430A,-1382.1936255290502
K430R,-1380.9731839736096
K430N,-1379.8717666852901
K430D,-1378.446739805028
K430Q,-1382.9792809452101
K430G,-1378.9010003349906
K430H,-1316.6476536245984
K430M,-1383.4878946341864
K430F,-1263.4107985676487
K430W,-1217.5342457275337
K430Y,-1145.0177357271511
K445A,-1385.057848543302
K445R,-1382.242776524532
K445N,-1384.871731528592
K445D,-1382.548014046331
K445C,-1383.0008728604375
K445Q,-1383.6638597101899
K445E,-1380.4384106843975
K445G,-1381.7512062500593
K445H,-1385.070264792437
K445I,-1280.2574493613488
K445L,-1201.9935478981092
K445M,-1385.4624763795432
K445F,-1386.2062096631746
K445P,-1228.6328869118747
K445S,-1383.5569241658231
K445*,
K445T,-1382.4917663416838
K445W,-1385.5281827374984
K445Y,-1387.1193081497536
K445V,-1307.0860119463116
K461A,-1384.5273547455747
K461R,-1385.7683899228498
K461H,-1386.260235727242
K461V,-1361.7231278340912
K504N,-1386.3798938677894
K504D,-1388.4158787341792
K504C,-1384.3748004946221
K504G,-1385.2272711348994
K504H,-1385.8178948663706
K504L,-1385.2091803602982
K504S,-1387.1679045649998
K504T,-1386.7540593645188
K504W,-1384.7170744978528
K504Y,-1385.5458631832216
K504V,-1386.2623601746004
M286A,-1385.755801271792
M286R,-1383.4254034464984
M286N,-1382.8934676034598
M286D,-1380.3603655084194
M286C,-1384.8059733113716
M286Q,-1384.8494431345764
M286E,-1386.3902795458184
M286G,-1381.6295231263696
M286H,-1380.5206852260428
M286I,-1380.253239439459
M286L,-1355.2233387833855
M286K,-1384.602710483584
M286F,-1378.142889625585
M286P,-1002.2520347915674
M286S,-1383.633727624506
M286*,
M286T,-1382.647715029842
M286W,-1351.431602888991
M286Y,-1375.852738895052
M286V,-1381.5369049569488
M305E,-1380.3959646316896
M305L,-1373.4769779411067
M305F,-936.6988060908309
M305P,-1029.1631295859393
M305T,-1382.131301663681
M317A,-1384.4364470561309
M317R,-1374.0368554063573
M317N,-1380.9172531162296
M317D,-1380.3758815494516
M317C,-1383.5383348683872
M317Q,-1382.5362608799767
M317G,-1380.542557306753
M317H,-1375.4485509844608
M317I,-1385.7029790505442
M317L,-1380.6991367141115
M317K,-1381.0264501348863
M317F,-1269.709804642525
M317P,-1070.0545818895225
M317S,-1382.3507642249178
M317*,
M317T,-1383.1403762217535
M317W,-1242.9778710147832
M317Y,-1262.8411768903238
M317V,-1385.2728536145094
M344A,-1384.0606164182711
M344N,-1381.0638746964485
M344D,-1379.0811462134657
M344E,-1381.9985840502459
M344G,-1380.9123554590115
M344I,-1245.0367805596345
M344L,-1359.2882382788473
M344K,-1374.155132177439
M344F,-1132.5864311374335
M344P,-1291.1213464120565
M344S,-1382.6827767529205
M344T,-1381.548554524074
M344W,-670.3932500235294
M344Y,-794.0625439385121
M369R,-1296.6338932667848
M369C,-1380.2965833737226
M369F,-1102.1179996655528
M369P,-1112.2566471405628
M369*,
M369T,-1377.5096572028156
M369V,-1334.2201254388794
M377A,-1381.4859417891232
M377R,-1175.6568555902043
M377D,-1380.153251699746
M377C,-1381.951178383047
M377Q,-1378.477737953822
M377E,-1380.7994473600008
M377G,-1377.231762416924
M377H,-1322.7792520534629
M377L,-1366.128959776641
M377K,-1334.3842831154466
M377F,-1163.4132405858709
M377P,-1140.2162399482488
M377S,-1379.7140775409625
M377T,-1375.7759114851626
M377Y,-1135.847470301288
M377V,-1316.3596077122595
M383N,-1383.1237149833046
M383I,-1341.1345470884753
M383L,-1385.4637953586216
M383K,-1382.3321528290962
M383P,-1110.9868327885538
M383S,-1382.24537486177
M383Y,-1190.8001164246798
M383V,-1342.6207142732842
M469A,-1385.7905592012755
M469R,-1385.993845376053
M469D,-1384.033655991854
M469C,-1384.7450303005037
M469Q,-1385.8074124001755
M469E,-1383.8300233089233
M469G,-1382.7109814932721
M469H,-1387.0030417182802
M469I,-1385.5375821467728
M469L,-1384.2939767257271
M469F,-1386.9637253845638
M469P,-1242.87724424811
M469S,-1386.184899063512
M469*,
M469T,-1385.9759742935046
M469Y,-1387.3100328167864
M469V,-1386.5643763379335
M484A,-1382.234099971566
M484R,-1379.0257475263716
M484D,-1381.6886756194754
M484C,-1380.9284457364124
M484Q,-1386.157213371316
M484E,-1386.1227736080225
M484G,-1378.3454587181525
M484H,-1383.3614594796622
M484I,-1377.0436843322805
M484L,-1385.4827947284653
M484K,-1378.001602225535
M484P,-1385.6666306483708
M484S,-1382.3665825612925
M484*,
M484T,-1381.592510737008
M484W,-1373.3449483491647
M484Y,-1376.9230197769164
M484V,-1379.0392235081924
M498A,-1383.3034607482803
M498R,-1359.5549724057814
M498N,-1377.2126702758135
M498Q,-1383.446769228324
M498E,-1380.196790120197
M498H,-1237.0903045742061
M498I,-1369.4069334636567
M498L,-1361.9178859147164
M498P,-1010.1689132420123
M498V,-1367.765599064038
F281A,-1377.8722275475163
F281R,-1377.3884084436183
F281N,-1381.7285104358502
F281C,-1379.1654277210544
F281Q,-1379.224588307232
F281E,-1379.113861870249
F281G,-1376.0424874555736
F281H,-1383.4075966197263
F281L,-1358.0427921532946
F281S,-1379.6621482951452
F281T,-1381.6309956290675
F281Y,-1376.4806467548858
F281V,-1381.0172389507188
F310E,-1368.058092889101
F310G,-1374.2562414832112
F310H,-1381.5281379720218
F310L,-1312.3879564285544
F310M,-1380.7094822635645
F310*,
F352A,-1380.2912615294752
F352R,-1373.7066806076007
F352N,-1380.3079746001183
F352D,-1379.10055130158
F352C,-1378.2200759564123
F352Q,-1379.5273601534238
F352E,-1378.4906998647361
F352G,-1376.4526408407144
F352H,-1383.9646986074656
F352I,-1310.9667026025777
F352L,-1349.8052785158054
F352M,-1377.3065734913698
F352P,-1112.4690990655768
F352S,-1379.3618593661192
F352T,-1380.8009411564883
F352Y,-1383.2590850778445
F352V,-1356.5783477528798
F408A,-1385.0323585814544
F408R,-1326.114298254848
F408N,-1383.2887357628347
F408Q,-1384.1339475653742
F408G,-1382.1539731623366
F408L,-1297.402033307317
F408K,-1338.815187115338
F408M,-1385.209601418056
F408P,-1387.139646543031
F408S,-1384.51619570291
F408T,-1382.807379314736
F408Y,-1276.576771810583
F427A,-1379.3977229001175
F427R,-1213.457995097836
F427N,-1380.2396844785883
F427D,-1378.8766663885183
F427C,-1380.101690148173
F427Q,-1376.5439392820153
F427E,-1375.1018672465452
F427G,-1374.3119418421368
F427H,-1382.2145392757805
F427I,-1148.8557830119134
F427L,-1246.0864921557093
F427K,-1364.4415534398481
F427M,-1380.251392328009
F427P,-1098.7063098096764
F427S,-1378.7359390500967
F427*,
F427T,-1380.1877817444513
F427W,-1354.065039019003
F427Y,-1377.2725815946892
F427V,-1356.690889265134
F442A,-1382.4505212614372
F442R,-1378.5776859129533
F442N,-1382.4676085625056
F442D,-1380.5442640229276
F442C,-1381.352821735177
F442Q,-1383.3751546198705
F442E,-1383.054248564009
F442G,-1379.8400570963652
F442H,-1383.6155333550807
F442I,-1363.1223135594316
F442L,-1380.259930250815
F442K,-1381.869794638378
F442M,-1382.8082048842539
F442P,-1178.397022610549
F442S,-1381.3842219131598
F442*,
F442T,-1379.5650077759929
F442Y,-1377.5525692334093
F442V,-1361.425026623271
F451A,-1377.7773165398326
F451R,-1299.7451821000059
F451N,-1376.2320547119748
F451D,-1375.8923795779924
F451C,-1375.4532094906815
F451Q,-1376.7024381197423
F451E,-1376.919701356558
F451G,-1373.6101966863162
F451H,-1381.122037896762
F451L,-1378.5453019713889
F451K,-1374.0799956305948
F451M,-1381.1446915466806
F451P,-906.6937109877201
F451S,-1376.3231339112906
F451*,
F451T,-1377.6191788738934
F451W,-1303.29210043708
F451V,-1342.2402013975411
F512A,-1377.3852750367528
F512R,-1238.4265056520967
F512N,-1379.7286428382238
F512D,-1374.345569134341
F512C,-1376.3947013342918
F512Q,-1371.7414278529347
F512G,-1374.5165190694024
F512H,-1380.4350439674295
F512I,-1319.8189789728758
F512L,-1266.515402758354
F512K,-1354.8051669829824
F512M,-1366.3004840575584
F512P,-1365.7675604215115
F512S,-1375.7393721751384
F512*,
F512T,-1352.2147485801743
F512W,-1269.00185947648
F512Y,-1348.7987392978534
F512V,-1341.2823092274516
F518A,-1382.987483083065
F518R,-1378.8680461032611
F518N,-1380.7826612947113
F518D,-1379.8616494389478
F518C,-1380.0937213716547
F518G,-1379.3928538453692
F518I,-1373.3411400792068
F518L,-1372.2407225565432
F518K,-1380.224964054525
F518M,-1378.6803513716518
F518P,-1043.2915705697583
F518S,-1381.743404743923
F518*,
F518T,-1382.2874932878954
F518W,-1382.6027755216567
F518Y,-1385.4266566937479
F518V,-1377.5989264783784
P302A,-1382.0657730109092
P302R,-1379.1080143049182
P302N,-1372.5214209932606
P302D,-1371.6062224790815
P302C,-1375.70392513858
P302E,-1375.3234290250955
P302G,-1379.31037246059
P302I,-1372.2394839322142
P302L,-1370.6991101863218
P302K,-1380.0953841887776
P302M,-1377.6375016794566
P302F,-1324.7041873585351
P302S,-1381.518031019045
P302*,
P302T,-1378.1616542337385
P302W,-1350.1008989001346
P302Y,-1328.5113804181697
P302V,-1372.0962639461497
P307A,-1384.7209173612737
P307R,-1381.5728817070408
P307N,-1383.122618937565
P307D,-1384.14665151535
P307C,-1382.3767618552433
P307Q,-1382.2451802431456
P307E,-1382.4304126532677
P307G,-1382.6581425121647
P307H,-1383.9106404799647
P307I,-1380.4768112075376
P307L,-1219.903444665761
P307K,-1383.4461912935267
P307M,-1382.0832968291097
P307F,-1381.9488885430962
P307S,-1384.3631164577096
P307*,
P307T,-1384.4274225687072
P307W,-1382.419070233697
P307Y,-1383.3979947250264
P307V,-1382.7040550506606
P336R,-1343.769139991165
P336N,-1305.2108392098824
P336Q,-1377.228051305317
P336I,-1339.9300740434996
P336K,-1339.5984918580477
P336M,-1370.7910442619548
P336S,-1382.1673711858718
P336*,
P336T,-1375.875112732231
P364A,-1386.225979869329
P364R,-1385.4912829355449
P364N,-1384.7273842773375
P364D,-1383.7688114988389
P364C,-1383.7615953961135
P364Q,-1385.885721358633
P364E,-1387.098559326441
P364G,-1384.489356090854
P364H,-1385.6375405678325
P364I,-1384.534159513935
P364L,-1385.0822052623837
P364K,-1386.8248458146038
P364M,-1384.8490486862513
P364S,-1385.798925193207
P364T,-1384.9850208026005
P364Y,-1385.8773838383136
P364V,-1384.9726320075572
P428N,-1384.2494784408514
P428H,-1382.583449525913
P428L,-1384.1963545444391
P428F,-1382.834968627882
P428S,-1382.759936414383
P428T,-1381.2768511846266
P428Y,-1382.5274373231762
P434A,-1383.394215733068
P434R,-1374.940577634452
P434D,-1382.3258966165408
P434C,-1379.4674386959543
P434E,-1378.1730337915517
P434G,-1380.461316811888
P434H,-1383.4973904501223
P434I,-1376.1592825634634
P434L,-1363.4524361971576
P434K,-1380.6009933207501
P434M,-1375.577914427539
P434F,-1361.3035484562442
P434S,-1382.6035662499407
P434T,-1381.1344236099906
P434Y,-1377.2096284162874
P434V,-1381.196396102129
P465A,-1382.7815477296226
P465R,-1243.8193773684743
P465N,-1370.4154436306817
P465D,-1369.4529966295686
P465C,-1379.0968304852454
P465Q,-1358.0588274416016
P465E,-1374.2167920482286
P465G,-1377.9262586031896
P465H,-1354.2285640988928
P465I,-1369.6773679697242
P465L,-1312.0500799876372
P465M,-1333.724331504985
P465F,-1184.785039660847
P465S,-1380.0507314422987
P465*,
P465T,-1379.0810585722002
P465W,-1209.8822074821564
P465Y,-1039.2220990850835
P465V,-1373.9860080588303
P467A,-1394.7837951964607
P467R,-1391.9549957013314
P467N,-1392.6176525274532
P467D,-1394.1409505928068
P467C,-1391.4864633881773
P467Q,-1393.5061130434947
P467E,-1394.2680965185702
P467G,-1393.0349033864916
P467H,-1393.0907291070369
P467I,-1392.6277403024483
P467L,-1392.3931309819993
P467K,-1392.6451769979901
P467M,-1391.6137042898808
P467F,-1392.3361224003345
P467S,-1396.0549067868008
P467*,
P467T,-1394.009917659752
P467Y,-1393.1085306329146
P467V,-1391.613588922056
P485A,-1382.909756101095
P485R,-1382.4846796299475
P485N,-1383.149863199164
P485D,-1384.840539346556
P485C,-1381.5065782049264
P485Q,-1382.8166855317463
P485E,-1383.4770142300433
P485G,-1382.3713795657986
P485H,-1384.0609264395393
P485I,-1380.8774740396968
P485L,-1382.1099122792514
P485K,-1383.4625320520254
P485M,-1381.8155150686855
P485S,-1385.2532151693163
P485*,
P485T,-1383.8114649110844
P485W,-1379.6617259092495
P485Y,-1381.7148596756822
P485V,-1381.4794021357852
P487A,-1381.2345496030516
P487R,-1372.0379282404058
P487N,-1376.3402859443715
P487D,-1377.2004424770994
P487C,-1377.7709114025754
P487E,-1379.548988058821
P487G,-1378.1878193436496
P487I,-1011.4193902931347
P487L,-1262.4268938444657
P487K,-1365.160245896449
P487M,-1379.1779370978616
P487F,-1197.7735384108416
P487S,-1379.8898660680734
P487T,-1372.5985921560796
P487W,-1150.0428041290984
P487Y,-1227.7187348000077
P487V,-1279.2609313543776
P488A,-1382.9133620865605
P488R,-1381.525675847527
P488D,-1383.685107227349
P488C,-1379.869478224934
P488G,-1380.9779253118022
P488H,-1381.2425311291101
P488I,-1379.9411998200478
P488K,-1382.4394275640047
P488M,-1380.492305220262
P488S,-1383.2037167010287
P488*,
P488T,-1382.0091986320915
P488Y,-1380.2789052483995
P488V,-1380.5672614852851
P491A,-1381.6955258942328
P491R,-1376.89141383857
P491N,-1381.116094287343
P491D,-1382.9784119347935
P491C,-1377.163506816409
P491Q,-1380.0085438084836
P491E,-1380.3009428427795
P491G,-1379.7042198584031
P491H,-1381.7282741767506
P491I,-1373.57161981805
P491L,-1348.0894380074717
P491K,-1379.5995293217204
P491M,-1378.9863511424064
P491F,-1365.1506074000722
P491S,-1381.3989537079442
P491*,
P491T,-1379.8238844808452
P491W,-1375.2210401893485
P491Y,-1364.2472378548184
P491V,-1373.2304341605889
P506A,-1383.825690620907
P506R,-1381.1003828524688
P506N,-1380.3008941839983
P506D,-1379.8786128416832
P506C,-1379.4057476637472
P506Q,-1382.573456273703
P506E,-1380.7991940459635
P506G,-1381.6539863880996
P506I,-1367.0061860761784
P506L,-1353.4860057522446
P506K,-1382.4756055526473
P506M,-1377.4016465453822
P506F,-1371.7091192156768
P506S,-1382.3148440468433
P506*,
P506T,-1363.752390767303
P506W,-1358.2977119141262
P506Y,-1373.9587223245567
P506V,-1366.6704847634785
P510A,-1380.3991802861183
P510R,-1376.1918688255762
P510C,-1378.3180070854673
P510Q,-1377.455013625991
P510E,-1376.2276844017117
P510G,-1377.6874488039093
P510I,-1236.764984922316
P510L,-1371.8469619781097
P510K,-1374.576518229944
P510Y,-1364.5813517076326
P510V,-1375.7313470365436
S306A,-1385.8498984725752
S306R,-1385.0492509647
S306N,-1387.1456089670555
S306Q,-1385.2184404825584
S306G,-1382.3344838943467
S306I,-1379.3773152007084
S306L,-1380.8456812370798
S306K,-1385.5087898649124
S306P,-1374.5858289634762
S306*,
S306W,-1379.5207755717627
S306Y,-1379.993432035567
S306V,-1379.709161055682
S333A,-1385.2868394589814
S333R,-1381.3046592640635
S333N,-1381.431403721455
S333D,-1380.1779112019
S333Q,-1379.604078761029
S333E,-1378.41017055248
S333G,-1382.5770521071395
S333H,-1379.8863596567535
S333I,-1380.8469783305409
S333L,-1383.705743903624
S333K,-1381.6445119038108
S333M,-1379.9123761368467
S333F,-1365.971771474126
S333P,-1383.411716347219
S333*,
S333T,-1382.45073663443
S333Y,-1377.747599258161
S333V,-1381.2949761578698
S345R,-1386.256084386519
S345N,-1386.413367192343
S345D,-1387.0850543461388
S345C,-1384.1787711421282
S345Q,-1386.542554358352
S345G,-1385.1996949325087
S345H,-1385.2995828101853
S345I,-1384.4327759699281
S345L,-1386.6968156730848
S345M,-1386.328787671968
S345P,-1365.4402287298728
S345T,-1385.9826561683446
S345Y,-1384.5890280286767
S345V,-1383.4944150146127
S348A,-1383.8914292338202
S348R,-1385.4153778425225
S348N,-1381.88640679836
S348D,-1379.3863971232863
S348C,-1382.2289309360087
S348Q,-1384.0340130266106
S348E,-1381.2630252473134
S348G,-1381.5338298112777
S348H,-1382.5882456881805
S348I,-1342.8229155308888
S348L,-1372.5682500303085
S348K,-1382.815550671565
S348M,-1384.2179795560921
S348F,-1362.0036938450278
S348P,-1365.283788984648
S348*,
S348T,-1387.9560960536583
S348Y,-1295.200950115242
S348V,-1354.0131065619546
S375A,-1389.2976714302197
S375R,-1387.513666953581
S375N,-1385.7463514516012
S375C,-1386.379772692053
S375Q,-1388.4136922422156
S375E,-1388.990951317062
S375G,-1386.1397424466898
S375H,-1387.1512712717617
S375L,-1382.1388772141963
S375M,-1385.9959434045993
S375F,-1351.8374870743135
S375P,-987.1468975880016
S375T,-1387.7645091021016
S375W,-1386.14100092683
S375V,-1330.4585553788418
S446R,-1363.8482733516933
S446I,-1359.4409948967664
S446L,-1262.1579365677612
S446P,-1056.9890653286031
S446Y,-1106.5812150359004
S446V,-1386.360271062653
S450A,-1389.461053263822
S450R,-1320.3110079691298
S450N,-1346.4072807177872
S450D,-1320.6858973184637
S450C,-1371.9403454122778
S450Q,-1378.040990174691
S450E,-1369.2693725267034
S450G,-1385.381489513977
S450H,-1238.2743756384464
S450I,-1101.1879127238662
S450L,-1091.8570531472083
S450K,-1369.9110054971447
S450M,-1373.754348627747
S450F,-1169.1642611947282
S450P,-1109.0779055487355
S450*,
S450T,-1355.81937089011
S450Y,-1156.4684684064728
S450V,-1294.7719912384537
T288A,-1384.0251324331894
T288R,-1382.7562183622545
T288N,-1379.0864915017023
T288D,-1377.9410250033686
T288C,-1382.8140329390844
T288Q,-1379.9788051625833
T288E,-1380.9582677271778
T288G,-1379.711879070342
T288H,-1377.8714488337794
T288I,-1384.2270541457997
T288L,-1381.6883051955883
T288K,-1382.838253181892
T288M,-1383.8263083497102
T288F,-1376.4719892806543
T288P,-1205.0140411955372
T288S,-1384.492895225107
T288*,
T288W,-1378.2481963532675
T288Y,-1377.0323263751327
T288V,-1387.3165023919123
T292A,-1384.0177385833847
T292R,-1385.686134511921
T292C,-1384.3577409693428
T292Q,-1385.4104473005693
T292E,-1383.813357471229
T292G,-1380.951958181235
T292H,-1385.4758661657033
T292I,-1383.5781873069739
T292L,-1323.58316405004
T292M,-1383.117127868987
T292F,-1384.0687822446157
T292P,-1055.6209928688666
T292S,-1385.4388809808056
T292W,-1383.0234706856052
T292Y,-1384.9993519480736
T292V,-1384.1104203429497
T293A,-1384.7522749304023
T293R,-1382.4137077037533
T293N,-1383.5151263094772
T293D,-1381.3291986307224
T293C,-1384.83439218341
T293Q,-1386.8444373527884
T293E,-1383.4574716315376
T293G,-1379.5910122116518
T293H,-1381.2088573853423
T293I,-1360.2741463232553
T293L,-1316.2909641679692
T293K,-1383.2495405825364
T293M,-1383.8118281306977
T293F,-1358.213574220078
T293P,-1159.681791129465
T293S,-1384.682996487103
T293*,
T293W,-1379.350727532518
T293Y,-1358.4347626151355
T293V,-1387.9364218299756
T299A,-1384.8897244361615
T299R,-1385.512599068739
T299N,-1383.3229596618787
T299D,-1378.3295633694502
T299C,-1385.317065906766
T299E,-1386.4451260266287
T299G,-1379.8224636222185
T299H,-1228.9428385657677
T299I,-1388.8018181480509
T299L,-1364.7359338245628
T299M,-1386.4663318190123
T299F,-981.6136669641585
T299P,-1223.913019300633
T299S,-1385.1126228572475
T299*,
T299W,-1154.9512718669066
T299Y,-741.694233333664
T299V,-1386.8937848316016
T304A,-1384.6376693482432
T304R,-1320.1987136369573
T304D,-1381.2216988578616
T304C,-1383.9670878815043
T304Q,-1360.2203814754314
T304E,-1370.7173400756424
T304G,-1381.0099288072468
T304H,-1252.0078703557087
T304I,-1362.9634324674773
T304L,-1352.0656697011166
T304K,-1351.0106080084229
T304M,-1366.9020278141481
T304F,-1067.1969847459445
T304P,-1081.0206262948668
T304S,-1383.4264564580365
T304*,
T304W,-1012.05578887725
T304Y,-900.6081520416413
T304V,-1378.2632585650292
T341R,-1384.095054632839
T341N,-1378.2164328503854
T341I,-1360.2733476758128
T357A,-1386.917597249978
T357R,-1385.096561711745
T357N,-1386.4857958233752
T357C,-1383.5620541298922
T357Q,-1387.6621375604877
T357E,-1386.2152857884646
T357G,-1384.5340769262787
T357H,-1384.8302351331631
T357I,-1387.0690332553886
T357L,-1386.950906997693
T357K,-1384.885743840237
T357M,-1384.885032214654
T357F,-1383.5360510168305
T357P,-1371.5247117901947
T357S,-1386.1949992460584
T357*,
T357Y,-1383.412968252209
T357V,-1386.4144577579398
T420A,-1386.4749160951153
T420R,-1386.7524486740865
T420N,-1386.4970431665402
T420D,-1380.2372254235827
T420C,-1385.2341906622592
T420Q,-1385.8882837530823
T420E,-1383.89452566734
T420G,-1384.6776824234526
T420H,-1383.583236414076
T420I,-1386.5735982609033
T420L,-1383.2793831346926
T420K,-1384.974033255535
T420M,-1385.9136107833167
T420F,-1075.8721480585025
T420P,-1156.1461214698209
T420S,-1386.8502025877065
T420*,
T420W,-1122.4075742706887
T420Y,-1080.0115579298442
T420V,-1386.6312668117835
T432A,-1384.0394510887088
T432R,-1328.8210529920343
T432N,-1381.1080699450965
T432D,-1380.0454850162814
T432C,-1384.9865418867173
T432Q,-1369.1272036931196
T432E,-1328.2644870301517
T432G,-1377.9374447585412
T432H,-1342.036007063477
T432I,-1348.8028952908578
T432L,-1248.3856021580236
T432K,-1341.4929430134516
T432M,-1354.5831720320405
T432F,-1294.2290608459855
T432P,-1120.5798194130557
T432S,-1383.2543976771888
T432*,
T432W,-876.0299919367947
T432Y,-1289.5220630225317
T432V,-1387.6349377807148
T443A,-1385.0009716965988
T443R,-1382.8071454117755
T443N,-1387.9941017674719
T443D,-1388.57166509798
T443C,-1385.7665449004478
T443Q,-1384.8219496834433
T443E,-1385.8551810974457
T443G,-1384.7284662407442
T443H,-1380.7525194265083
T443L,-1384.8343591421676
T443K,-1383.808210278709
T443M,-1384.862696123095
T443P,-1195.774887959943
T443S,-1387.1935512222544
T443*,
T443W,-1382.8269387325836
T443Y,-1366.9979384649987
T443V,-1375.7969588093708
T456A,-1386.1113477948552
T456R,-1382.010187428735
T456N,-1380.050647320599
T456D,-1380.1690769710074
T456C,-1385.9567804161088
T456Q,-1380.9344681873395
T456E,-1380.8961886894022
T456G,-1382.5481192285652
T456H,-1356.3256403090904
T456I,-1370.5306346903901
T456L,-1309.2943356226963
T456K,-1381.0902278109418
T456M,-1382.298597421718
T456P,-1126.8433378332825
T456S,-1384.3958689293006
T456*,
T456V,-1388.082985100038
T459A,-1385.7287510689564
T459R,-1325.5633503103857
T459D,-1385.234871076728
T459C,-1386.7091743735843
T459Q,-1387.2177102664614
T459E,-1386.624334626378
T459L,-1286.2615041248882
T459S,-1385.186742829529
T460A,-1385.6960535135113
T460R,-1383.6200159706511
T460N,-1383.1415993405697
T460D,-1383.7840921580555
T460C,-1383.941368780184
T460Q,-1386.859814150181
T460E,-1386.9630972409284
T460G,-1384.1055524241335
T460H,-1136.6961062929042
T460I,-1274.3854558435103
T460L,-1333.7137858069486
T460K,-1382.1024856369431
T460M,-1381.9634193065335
T460F,-640.5829210229859
T460P,-1004.2978020893954
T460S,-1385.49384296164
T460*,
T460W,-815.1953786259941
T460Y,-543.7744227015125
T460V,-1338.622846297702
T511A,-1385.2523677022518
T511R,-1385.0718541571011
T511N,-1384.203309344015
T511D,-1385.518306059454
T511C,-1382.3841475674628
T511E,-1383.9318001705674
T511G,-1384.277392625386
T511H,-1383.8100797063896
T511I,-1355.2220738844776
T511F,-1380.328156119032
T511P,-1382.5904754310802
T511S,-1388.3119181355594
T511*,
T511W,-1378.4520456873809
T511Y,-1380.6297468964417
T511V,-1367.953704838546
W285A,-1379.458505967548
W285R,-1308.2595979134767
W285N,-1378.5051373521037
W285D,-1376.075178632926
W285C,-1378.3280519373734
W285E,-1374.3539704207653
W285G,-1374.84422584619
W285H,-1383.648078066381
W285I,-1098.6086986461492
W285L,-1308.3774554726315
W285M,-1372.1823303051142
W285F,-1382.0201115962718
W285P,-1176.3777410267587
W285S,-1378.4780518214695
W285*,
W285T,-1376.1224286914535
W285Y,-1376.3010311365078
W285V,-1341.8543374276073
W289A,-1381.8213904506345
W289R,-1366.122264449942
W289N,-1381.6437790437988
W289D,-1380.0604833353157
W289C,-1380.3323483726351
W289Q,-1380.143598041847
W289E,-1375.5649702214357
W289G,-1376.7177970273121
W289H,-1382.1919410739504
W289I,-1300.419645528536
W289L,-1337.3885873617796
W289K,-1364.5683430612817
W289M,-1373.771470268415
W289F,-1374.4660827716448
W289P,-964.4954531892145
W289S,-1380.9216500896373
W289*,
W289T,-1377.8249216401973
W289Y,-1378.7868385219426
W289V,-1316.6419884172426
W431A,-1380.5563007913156
W431R,-1376.0838983333308
W431N,-1382.8899023483955
W431D,-1382.782396659987
W431C,-1380.462719615186
W431Q,-1381.0119197611
W431E,-1380.5969489163283
W431G,-1379.8185289194012
W431H,-1384.2806459993678
W431I,-1370.1734799863511
W431L,-1384.7964438393738
W431K,-1373.9083847407453
W431M,-1382.0247570897068
W431F,-1386.004500862287
W431P,-1149.6258291313065
W431S,-1381.6685033223891
W431*,
W431T,-1383.0180759614777
W431Y,-1386.390672945632
W431V,-1369.1638756710008
W449A,-1378.7931788258077
W449R,-1361.3676875859708
W449D,-1375.6898979776852
W449C,-1377.2445654801681
W449Q,-1375.9759471913544
W449E,-1375.222016517371
W449G,-1376.569638727083
W449H,-1381.4277079333572
W449L,-975.5821428188981
W449K,-1374.842998780726
W449M,-1378.178041874655
W449F,-1385.7253229939085
W449P,-1081.024488342545
W449S,-1377.4220272636994
W449*,
W449T,-1378.5957063245664
W449Y,-1385.9689703667061
W449V,-1358.090861830791
W502A,-1380.1132281506439
W502R,-1374.6086133465078
W502N,-1381.7474573257693
W502D,-1379.084646091591
W502C,-1380.0153332784337
W502Q,-1380.1701191369223
W502E,-1379.398788272257
W502G,-1378.1780403932123
W502H,-1381.4059621111403
W502I,-1330.312997938814
W502L,-1382.934942080137
W502K,-1375.9120271770091
W502M,-1382.4588879866417
W502F,-1378.9437793973725
W502P,-948.2556005248571
W502S,-1379.452138508251
W502*,
W502T,-1376.3648296131087
W502Y,-1358.1302764624875
W502V,-1337.9040564871398
Y329A,-1380.6341501414836
Y329R,-1378.5019378060636
Y329N,-1382.031115926858
Y329D,-1380.0211865618546
Y329C,-1380.2955668627071
Y329E,-1379.8159211458271
Y329G,-1376.1437052226972
Y329H,-1384.026010702059
Y329I,-1313.9711326967713
Y329L,-1280.9781680866258
Y329M,-1378.3790004689204
Y329F,-1386.7454590139994
Y329P,-1185.9275808515347
Y329S,-1379.4501719788325
Y329*,
Y329T,-1381.4293044530857
Y329W,-1263.4295431405046
Y329V,-1317.490610338038
Y338C,-1378.8680429347999
Y338Q,-1377.1476171694217
Y338E,-1376.5639397625296
Y338H,-1384.099756700208
Y338L,-1363.6345354718558
Y338M,-1380.4738723809621
Y338F,-1386.523046525265
Y338P,-1082.2348801048024
Y338S,-1379.7985302115067
Y343R,-1366.9485325085607
Y343N,-1381.9126009605131
Y360A,-1384.6187187518542
Y360D,-1387.9118867840418
Y360G,-1384.8103472189068
Y360I,-1385.273265232055
Y360M,-1384.908592892347
Y360*,
Y360V,-1384.8531215539335
Y379A,-1385.9324822315107
Y379R,-1383.9355851516987
Y379N,-1384.6391492024263
Y379D,-1384.2622757974232
Y379C,-1383.208889991424
Y379Q,-1385.836809700024
Y379E,-1385.8125180037487
Y379H,-1385.6956069446135
Y379I,-1383.7932328434556
Y379L,-1289.1806214929022
Y379K,-1385.260408725523
Y379M,-1384.2614795798158
Y379F,-1382.7768568374572
Y379P,-1117.8209774432546
Y379S,-1384.3933708280833
Y379T,-1385.1880895698687
Y379W,-1379.9876245757962
Y379V,-1383.8197715189426
Y385A,-1381.80427458321
Y385R,-1377.683899171401
Y385D,-1378.7749598629275
Y385C,-1381.503582087052
Y385Q,-1376.1837860614214
Y385H,-1383.7883703327313
Y385I,-1258.9558768100524
Y385L,-1335.3831124112191
Y385M,-1375.9917785737803
Y385P,-1124.4427462612562
Y385T,-1366.4077048779857
Y385W,-1353.096058109646
Y385V,-1282.913758310551
Y419A,-1380.2205167237273
Y419R,-1379.5559725990736
Y419N,-1379.7923405413612
Y419D,-1378.0457377268224
Y419C,-1378.619469467809
Y419E,-1379.4289528709521
Y419G,-1377.0410706742045
Y419H,-1383.4925789575066
Y419I,-1332.237274475852
Y419L,-1314.989143288146
Y419K,-1378.1838496188332
Y419M,-1374.2581095969988
Y419F,-1386.4992560363955
Y419P,-1251.3736677130205
Y419S,-1378.7695537243333
Y419*,
Y419T,-1376.1752518709534
Y419W,-1369.2019588769247
Y419V,-1369.6379648123254
Y439A,-1383.2949828756346
Y439R,-1383.1178992340656
Y439N,-1384.8826898423167
Y439D,-1382.5545737912478
Y439C,-1382.587924192127
Y439Q,-1383.5311396883721
Y439E,-1383.7839098580569
Y439G,-1380.8781108039068
Y439H,-1386.1512755515557
Y439I,-1367.4108965847363
Y439L,-1383.6140652013758
Y439K,-1384.7020513244174
Y439M,-1381.812898103137
Y439F,-1386.3505748025607
Y439P,-1088.6223415408663
Y439S,-1383.0985328011877
Y439*,
Y439T,-1384.6054551088998
Y439W,-1383.6975751394975
Y439V,-1350.96020059669
Y466G,-1378.5749292823446
Y466L,-1379.7482118251457
Y482A,-1377.1851769542366
Y482R,-1382.3902129065887
Y482N,-1383.6946196184415
Y482D,-1383.3482313520951
Y482C,-1382.664133714221
Y482Q,-1383.7315245688976
Y482E,-1383.770051633482
Y482G,-1381.8262681434817
Y482H,-1384.8314463770926
Y482I,-1383.8753663887837
Y482L,-1379.6833765966066
Y482K,-1383.6557953549247
Y482M,-1382.6503510006714
Y482F,-1386.1295329683169
Y482P,-1280.6440206848781
Y482S,-1383.9897810535404
Y482*,
Y482T,-1384.2852501638633
Y482W,-1383.3222407233477
Y482V,-1385.1129655010345
Y514A,-1382.2616916137117
Y514R,-1380.6597927983732
Y514N,-1381.3092666048517
Y514D,-1383.3344871857767
Y514G,-1380.520527959563
Y514I,-1383.0386009997146
Y514L,-1381.513326740732
Y514M,-1382.032562641492
Y514S,-1381.9476676756835
Y514T,-1383.0419602813058
Y514V,-1382.4360853463515
V274A,-1384.302021297648
V274R,-1385.7249822829676
V274N,-1384.1126300993042
V274C,-1383.7021307997056
V274E,-1386.1762307271315
V274G,-1380.1279854831632
V274I,-1385.0006985090265
V274K,-1386.62465711639
V274M,-1384.1897628221448
V274P,-1123.6646423020925
V274S,-1385.2054607312689
V274*,
V274T,-1386.2198344654375
V274W,-1383.4395175765187
V284A,-1384.0017065853524
V284R,-1385.1854306036382
V284N,-1384.1064451132495
V284D,-1383.4476202447995
V284C,-1383.0958481085222
V284Q,-1385.234030227742
V284E,-1385.3284923676893
V284G,-1379.6097636991158
V284H,-1384.0407117317013
V284I,-1387.194499998477
V284L,-1387.484107995606
V284K,-1385.6014360106442
V284M,-1384.9165932492951
V284P,-1202.2004955132059
V284S,-1384.406964778009
V284T,-1385.8211886650865
V284W,-1380.852030169683
V284Y,-1377.8657870951379
V295A,-1381.15526874524
V295R,-1314.6963533952348
V295N,-1380.4475448356454
V295Q,-1379.5499142242938
V295G,-1377.23836243801
V295I,-1343.2941136517152
V295L,-1260.6953140261596
V295K,-1277.6361609764024
V295M,-1328.8778378771476
V295F,-1028.4907966856886
V295S,-1380.2955403135607
V295T,-1383.1900183327703
V295Y,-913.331904649019
V316A,-1385.8534617026598
V316R,-1386.0804273607623
V316N,-1385.5470435985992
V316D,-1383.8004683316956
V316C,-1383.1502196346992
V316Q,-1385.3198741285132
V316E,-1384.2837666852613
V316G,-1383.1667659528316
V316H,-1384.5554404295904
V316I,-1387.3440917168573
V316L,-1385.9811800108748
V316K,-1386.8372792599853
V316M,-1384.1063629036955
V316F,-1382.8130363539594
V316P,-1233.9026063975814
V316S,-1385.4601535106442
V316*,
V316T,-1387.2905464942467
V316Y,-1383.6989320118207
V326A,-1383.2821108449718
V326R,-1296.7374928676015
V326N,-1376.3287095467424
V326C,-1383.5200779094234
V326Q,-1353.9243403129174
V326E,-1369.6232820830724
V326G,-1378.6024283763284
V326H,-1000.8626413725906
V326I,-1316.172228319558
V326L,-1358.6605508133437
V326K,-1333.899534581929
V326M,-1350.8794643507747
V326F,-808.5154941858516
V326P,-1079.600006203916
V326S,-1382.2035773905016
V326T,-1383.0652662650725
V326Y,-780.7450341831948
V331R,-1366.0498051648444
V331D,-1375.8976011090915
V331C,-1381.5677399528236
V331Q,-1373.5722058812335
V331E,-1370.903512863093
V331G,-1376.138222667427
V331H,-1357.0875899368357
V331I,-1378.1288514857613
V331L,-1372.2259550738868
V331M,-1369.5401795868456
V331P,-1232.3249867015413
V331T,-1383.4252461085737
V332A,-1381.735388452614
V332Q,-1362.2024245558496
V332E,-1373.6159417792294
V332H,-1379.3419952315246
V332I,-1338.8033452834834
V332L,-1358.2172166748173
V332K,-1244.2145239136705
V332F,-1251.702805988877
V332P,-1117.557844781564
V332S,-1381.0707898706542
V332*,
V332T,-1383.8773868799976
V332Y,-1368.0651872989458
V340A,-1379.4621844389449
V340R,-1225.8487720958406
V340N,-1377.710783248744
V340D,-1377.3328860351685
V340C,-1381.2561287325805
V340Q,-1353.905688232818
V340E,-1364.6468074738036
V340G,-1373.1158813550267
V340H,-1303.2844553880236
V340I,-1378.6804530695133
V340L,-1358.0649066815215
V340K,-1267.0834135840682
V340M,-1296.2998755871308
V340F,-1162.3377488034164
V340P,-1173.3864691583872
V340S,-1379.185648776946
V340*,
V340T,-1382.9943904784975
V340W,-1126.813943179734
V340Y,-1122.4588138347526
V367R,-1315.8561165615288
V367N,-1378.4055894309392
V367D,-1377.6097305898131
V367Q,-1362.6315443096128
V367E,-1361.0911831511396
V367G,-1376.7447477220321
V367H,-1358.7340895927164
V367I,-1367.238452353683
V367L,-1346.6437726765796
V367P,-1115.7294877020897
V367S,-1379.8076264615027
V367*,
V380A,-1382.7982048493402
V380R,-1256.7044621262867
V380C,-1382.8481352971778
V380Q,-1382.5575343166274
V380E,-1381.8168016984398
V380G,-1379.387548466959
V380H,-1347.7212114512488
V380I,-1388.8226228426188
V380L,-1370.2203484690772
V380M,-1384.8692182780364
V380F,-1211.610216178707
V380P,-1096.263038548884
V380S,-1381.8693684687744
V380*,
V380T,-1384.7431680175328
V380W,-1117.5024348144636
V380Y,-1187.3742618469173
V386A,-1383.303630813402
V386R,-1375.9477325168798
V386D,-1379.2381758558438
V386C,-1382.1734696627016
V386Q,-1382.452244495154
V386E,-1380.7729427290215
V386G,-1378.8731335404714
V386H,-1296.120016317425
V386I,-1384.013072647939
V386L,-1263.6443884983464
V386K,-1373.416678810738
V386M,-1380.4455842153664
V386F,-1016.9216692809512
V386P,-1272.5351118429699
V386S,-1382.427382605585
V386T,-1385.1098299715668
V386W,-1339.8417820184832
V386Y,-1209.4126145265434
V397A,-1380.1674203863565
V397R,-1287.8992073764914
V397N,-1377.8507394808705
V397D,-1377.1152300499848
V397C,-1382.1292850203847
V397G,-1375.3970105820936
V397H,-1272.2106688179938
V397I,-1353.0755590600443
V397L,-1367.2193794714356
V397K,-1256.2322999088178
V397M,-1322.5827541841886
V397F,-933.0031059376639
V397P,-1229.24160267849
V397S,-1380.2204274292474
V397*,
V397T,-1383.299811193736
V397W,-974.8810156838166
V397Y,-857.2695422500485
V402A,-1385.829610593941
V402R,-1385.4566760340851
V402N,-1385.126804322872
V402D,-1385.8679534225687
V402C,-1385.5534531804547
V402Q,-1386.1309707298758
V402G,-1382.9121782307584
V402H,-1379.8647729563547
V402L,-1385.6819503784536
V402M,-1384.8165673911446
V402P,-1141.2962302015617
V402S,-1386.0953718218195
V402*,
V402T,-1386.7335493919256
V402Y,-1212.8772184619224
V405A,-1380.7711667187652
V405R,-1274.0737860095442
V405N,-1378.5899740066905
V405D,-1376.6942518252165
V405C,-1382.0428358456445
V405Q,-1373.5042651526933
V405E,-1373.3078572048692
V405G,-1376.0540756418623
V405H,-1208.5160297049247
V405I,-1320.995561758934
V405L,-1356.0535194590254
V405K,-1301.6524251337282
V405M,-1356.6406824731207
V405F,-1080.6862785115018
V405P,-1122.9665413425528
V405S,-1380.4540437183798
V405T,-1383.2059816018584
V405Y,-965.2322451883739
V448R,-1236.559149678128
V448G,-1378.2408262820181
V448I,-1372.9295850718586
V448L,-1326.5839977478706
V448F,-872.3518136021172
V448T,-1382.6147433115325
V448Y,-1168.5170758256836
V464A,-1386.0187721568934
V464R,-1385.498205866962
V464N,-1386.534060671418
V464D,-1386.4808034422601
V464C,-1386.411606585261
V464E,-1388.671131628943
V464G,-1383.2467852064185
V464H,-1385.6401700974927
V464I,-1387.2707001419235
V464L,-1385.8100745383979
V464M,-1385.5199488194733
V464F,-1383.3605817263592
V464P,-1383.7174335737404
V464S,-1387.2384950431235
V464T,-1387.6767137381169
V464W,-1384.084213893376
V464Y,-1384.057804510077
V470A,-1387.2601343355486
V470R,-1386.8682327438853
V470D,-1387.9462056995633
V470C,-1384.9489448533684
V470Q,-1387.3008322823532
V470E,-1388.3212693634682
V470G,-1384.9621992284474
V470L,-1387.2155471464769
V470K,-1387.1262890216406
V470M,-1386.0046012743173
V470F,-1385.8247929608092
V470P,-1385.728324091196
V470S,-1386.9605821830748
V470*,
V470W,-1385.3685454636698
V478A,-1385.0895301914281
V478R,-1381.3300795637579
V478N,-1385.3371783826324
V478E,-1382.20174384707
V478G,-1382.533117929594
V478I,-1382.029168284635
V478L,-1385.5900662967701
V478K,-1376.357557800823
V478M,-1378.8338054505866
V478S,-1384.5412164846502
V478T,-1386.4209806339395
V478Y,-1122.495010450698
