nan,nan,nan,nan,-3.179682389674783893e-01,nan,nan,nan,nan,nan,5.545085771712262579e-01,nan,nan,nan,5.309887600048356360e-01,-1.778156404544183333e-01,nan,nan,-2.616286450977880484e-01,nan,nan
nan,7.134050545675635346e-02,nan,-1.668623254343271078e-02,nan,nan,nan,nan,4.501425250928195454e-02,5.072806553214903591e-05,-2.718971799150535773e-01,-2.080926223296503119e-02,nan,nan,-1.159910274414063802e-02,nan,1.829511820368031894e-01,-4.291895513156757103e-03,7.764028802730912893e-02,-2.741296425160091310e-01,nan
nan,nan,6.558842152462300845e-01,1.881675753330619427e-03,nan,2.825666383700977113e-01,2.133605430474497799e-01,4.076555051639488836e-01,nan,8.310735272666096574e-01,8.222063662086243063e-01,6.514459930359413065e-01,3.193961392560322465e-02,1.652199013346414558e-01,nan,nan,nan,nan,9.870837291365537336e-01,6.963305451974894922e-01,nan
nan,4.082189227178827373e-01,5.012285321087880385e-01,nan,4.219181443343745785e-01,8.135932460314783121e-01,3.365457383443084538e-01,1.160615241512802376e+00,nan,1.084833760839897021e+00,4.567528365467101725e-01,5.808657170800353153e-01,2.650999571948023936e-01,nan,nan,nan,9.055309346176958485e-01,nan,1.558563871029939651e+00,1.659534978040057229e+00,-3.026203754264961132e-01
6.255490210024290398e-01,nan,nan,-1.474448694319699382e-02,nan,-1.011605512795984985e-01,2.365135006613890978e-01,5.622764694599335922e-02,1.613650752305466063e-01,2.253556876556384037e-01,nan,6.548628712880741887e-01,2.188112593786992743e-01,2.691649723942777378e-02,6.539033473350135406e-01,nan,nan,6.748154933935075483e-01,8.940316301652524444e-01,nan,nan
nan,nan,5.048192883035945711e-01,-1.140797612630492508e-01,9.698998366394920301e-02,nan,nan,nan,nan,nan,8.008371567571210825e-01,nan,nan,nan,nan,6.802293389888207642e-01,nan,1.412703541132377949e-01,7.945688686240448551e-01,nan,-3.629315540207230795e-01
nan,-3.485939778486180085e-01,-3.084492681784315460e-01,5.224259104036979573e-02,nan,nan,-3.345347377749829931e-01,-2.827575361010822297e-01,-2.945956317464868413e-01,-2.790130962269068426e-01,nan,-4.901452433692568555e-02,-4.254123744122009221e-01,-3.445587666554325024e-01,-3.146233770624087267e-01,nan,nan,nan,nan,8.650980965446974924e-04,-3.714263399931551080e-01
9.281007739762453523e-02,-1.519277743083903842e-01,-1.368573374058486003e-01,-1.715278999335732024e-01,7.385996805734038606e-01,-2.355256365548749620e-02,5.546671651890294763e-03,-9.110662045506873197e-02,nan,2.447815003800055816e-02,-2.209163587963837161e-01,2.076353243885643574e-01,-1.956905581275330541e-01,-1.825318540318237037e-01,-1.931918016983643072e-01,-1.003403191095844638e-02,nan,-4.733513002140010695e-02,-1.413348982976992962e-01,-3.400324262561883470e-01,-3.849296209138571845e-01
-3.693467161710214386e-01,-3.405386887250826389e-01,-3.959942166097326632e-01,-3.443385127249383171e-01,nan,nan,-3.822533533796470540e-01,nan,nan,-3.298992044692854453e-01,-3.752499308475567563e-01,-3.268406070111989914e-01,-3.327845499581743027e-01,-3.284211436204461654e-01,-3.120529943086408631e-01,-3.511791066463355593e-01,-3.635118902038592115e-01,-3.683506446599918993e-01,nan,-3.710323783001366893e-01,nan
-8.126387458268569119e-02,-3.194074707642623467e-01,-3.635226828462468918e-01,-3.207603225330117880e-01,nan,nan,8.572986809661564678e-03,-6.179957554083520543e-02,nan,-1.863589161315464815e-01,-2.434727137852111811e-01,1.366134826114002998e-01,-2.772006584069076629e-01,-2.450164395150237207e-01,-2.213664494174893971e-01,-5.394354651497895725e-02,nan,1.226438648662636077e-01,-1.002664599755336838e-01,-3.684940138377730268e-01,-3.309423221765939171e-01
-2.111082708472552527e-01,nan,-3.544895093752630233e-01,nan,-4.540852472108561910e-01,-3.232723229080921579e-01,nan,-3.315058481456791828e-01,-3.189393024395937859e-01,-2.984347122799809737e-01,-3.719110940807893728e-01,-3.088325767358349738e-01,nan,-3.607878987113789515e-01,-3.278359624191368171e-01,nan,nan,-2.928609230002567898e-01,-2.531559102877627421e-01,nan,nan
nan,-2.976324098782917593e-01,-3.438141788919439890e-01,-3.478548992763343950e-01,nan,nan,nan,-3.471288711364235446e-01,nan,-3.053954796946450889e-01,nan,-1.132971863179244587e-01,-3.346531780440019643e-01,-3.427301506604790715e-01,-3.138434006436129353e-01,-3.121061533922930842e-01,nan,-2.735653981149511749e-01,nan,-3.922687709760318553e-01,nan
nan,1.271370225782959551e+00,nan,-1.840967809735394312e-02,nan,nan,1.049606065771217622e+00,nan,3.778502985491959398e-01,nan,6.092398247681002355e-01,-6.960944512762348713e-02,nan,1.186184796707904887e+00,1.308418556321083059e+00,nan,nan,nan,-3.346365714902141963e-01,-3.601643123012989722e-01,nan
-3.207046802808783958e-01,-3.308964474572435588e-01,-3.571901046037263550e-01,-3.256429267294730368e-01,-2.989179956593053245e-01,-2.455462663982883598e-01,-3.150031723133953632e-01,-3.341721159039079403e-01,-2.474985686252073602e-01,-2.766421708312429839e-01,-3.288235147594755770e-01,-1.109334900959629833e-02,-1.542299577810152811e-01,-2.843823019512603523e-01,nan,nan,-2.998445683277592977e-01,-3.648243736604832588e-01,-2.037771994146095333e-01,-3.792642630772569134e-01,nan
6.238383364908057782e-01,nan,1.182677514986170575e+00,1.662398296979285262e-01,1.778637387691799909e-01,1.222242867768576602e+00,9.645586902874212498e-01,1.076772970920484962e+00,nan,1.272365406717217429e+00,1.550938446480191857e+00,1.078849255911050964e+00,9.140185947816150680e-01,8.067339527403525334e-01,1.166123232405598786e+00,3.902860899421327634e-01,nan,5.920544732137191790e-01,3.582066574288763627e-01,-3.391121839582268427e-01,-4.146763080913706823e-01
1.589960274648044569e-01,4.290906436208041796e-01,5.657360527904871095e-01,5.739916802156360687e-01,3.617161208197360311e-01,9.151353033156542360e-02,nan,2.353491545960407216e-01,2.401096343563191571e-01,3.303460590223074034e-01,6.599527038546904034e-02,2.047706266663629759e-01,-1.610648312897495771e-01,5.420186743874154389e-02,-1.230793905481087913e-01,2.693710992787781144e-01,2.653719453639993286e-01,3.591296509712322838e-01,1.169360783038281282e+00,-3.000089495961594244e-01,-3.452886042831920799e-01
-2.509170281422820059e-01,-3.275373038381682589e-01,-3.275628857277504968e-01,-2.647971093064096504e-01,-3.065371657844409015e-01,-1.570082362847430302e-01,-1.577550520120570288e-01,-2.652762980820965177e-01,-2.790442261415140290e-01,1.829552872821470777e-01,-1.459231902927918822e-01,2.735216207715320674e-02,-3.726630923645526394e-01,-3.402899905423180105e-01,-3.148817877559156875e-01,-2.685148246148080231e-01,nan,-2.031001211058319766e-01,nan,-3.099964216110842052e-01,-3.353296735143689311e-01
7.879757501259637698e-02,2.666252148559462021e-01,2.830143506066642445e-01,1.481070489487800457e-01,1.135367876798754339e-01,1.863469328999420027e-01,1.579700327778808255e-01,1.031947285928977165e-01,1.923765082921206904e-01,6.068570661246988629e-02,nan,1.153758007200228197e-01,7.498796081639934330e-02,1.434615934199920673e-01,1.138976975389495438e-01,6.773907499860894188e-02,9.392351242211691154e-02,5.265461737677129550e-02,2.904227125279024713e-01,5.788811969875044122e-02,-3.561545636748568722e-01
8.159777382815489588e-01,4.293920885219584260e-01,5.342277306717782004e-01,2.631969477760134901e-01,4.070743378532841739e-01,6.548005072531730697e-01,2.580727359685524025e-01,4.771869379865110172e-01,4.713895246991018917e-01,2.008269055388691993e-01,4.947360846229663656e-01,3.191473382169770501e-01,2.010094430856183834e-01,1.696375576475333269e-01,3.948482092916065778e-01,4.102511961163221588e-03,nan,8.914530174236687254e-02,1.794154620446765380e-01,-1.128334735875960448e-01,-3.821156325031632717e-01
2.540841058266418151e-01,6.076432270010118791e-02,7.031518880882779710e-02,5.738159838229103249e-01,2.718176316198643860e-01,1.590585827191467461e-01,9.250844151822656958e-02,nan,8.714601566298937896e-02,2.212466215608145381e-01,2.860323581304998752e-01,1.353449249375575647e-01,3.375111633538783185e-01,7.626502516259078823e-02,2.785604006391176890e-01,6.731160531959752280e-01,5.997981045298973468e-01,3.048770058521461657e-01,1.927582841347898757e-01,2.977223910117400840e-01,-3.754179911962801652e-01
1.350987181487877387e-01,1.814446531016463415e-01,2.824628185293128757e-01,8.659334260227485869e-02,1.697092137470498641e-01,8.515611541011702812e-02,1.943379265131102984e-01,2.949607446629295970e-01,2.203963009559096742e-01,2.108837645556262963e-01,nan,2.913483950003646905e-01,3.340416017661992365e-01,2.841381919876632689e-01,2.044831154384718630e-01,3.720067318357692665e-01,5.626851008473432447e-01,2.937568203756013574e-01,nan,6.145707924647872966e-01,nan
3.013602080071884903e-01,nan,1.613586395035162269e-01,nan,1.424715935914258047e-01,1.074999441324950844e-01,1.229440675362203916e-01,nan,-2.963507693200104209e-02,1.120444460187959845e-01,nan,3.541352765503216760e-02,4.371603483034084414e-01,2.150828848384795378e-01,9.722458706075975954e-02,1.187039239144876968e-01,3.681881313341044404e-01,3.665192949754456642e-01,1.859982099837976521e-01,2.968420394707565468e-01,nan
1.023148752897521385e-01,2.396619708081449973e-01,3.431153810765049661e-01,5.806551210209370817e-01,2.679568871599126156e-01,-6.196555597398564763e-02,-6.158357332863365063e-02,3.505178497627062795e-01,1.191634396038084021e-01,2.773248966147762729e-01,nan,-9.974716921917231582e-03,6.398448132765999219e-02,-1.064109364473810326e-01,-1.040075029253518246e-01,-1.574408694434779044e-01,1.257027530551684535e-01,-2.238995313762140449e-02,4.207533394708400376e-01,-9.302397978444820748e-02,-3.441574363765194100e-01
2.691711442695867706e-01,2.404060866038031374e-01,nan,8.586728015011524384e-02,1.571567954316137328e-02,2.697102849776884803e-02,2.164679441349806610e-01,6.049773677100468428e-01,6.444889673301676392e-02,1.989063695289579325e-01,1.085559472383237134e+00,3.784169258468843555e-01,1.414191884257300080e-01,4.109172991979220813e-01,2.270436949931400883e-02,9.476280917581555996e-03,1.400777084113387361e-02,1.489009679225670735e-01,2.156501733030035672e-01,3.372008957392663708e-01,-3.406307768391406698e-01
nan,-3.821564269128238100e-01,-1.279569273189797296e-01,nan,nan,nan,2.789513053723643998e-02,-2.430919539246103600e-01,-3.078144055502431975e-01,7.087062030366299281e-02,2.118425313611603245e-01,2.540025339313616293e-01,-8.623687229985449454e-02,-1.269258315118635960e-01,nan,2.960118739579560565e-02,nan,2.539676688070528765e-02,-1.476201513446540048e-01,nan,nan
nan,nan,-3.381537654353645728e-01,-3.634320737575938987e-01,-3.356066273633698804e-01,nan,nan,-3.379068608208855018e-01,nan,-1.867337110377283449e-01,nan,nan,-3.442697179442221200e-01,-3.537004946279180828e-01,-3.362786425593543571e-01,-2.950091794774002407e-01,nan,nan,-1.004952897545784984e-01,nan,-3.611966132115099759e-01
-2.823510985521658911e-01,nan,-3.483423498415796349e-01,-3.228432504977036821e-01,nan,6.453984271371815407e-01,nan,-1.899987845851985324e-01,nan,-7.195536121181986267e-02,1.660667408601164408e-01,nan,nan,2.254460260339227751e-02,3.531731270847681126e-01,-5.246124955035921800e-02,nan,-1.063093481584931332e-01,-1.017985721391941323e-01,-3.312211976182604101e-01,-3.918765331137362695e-01
-3.235825697461476302e-01,nan,-3.445652429780462489e-01,nan,-3.056802445780489874e-01,nan,-3.385976110277604256e-01,nan,-3.059019126094296714e-01,-3.424100852227236480e-01,nan,-3.374564842051781532e-01,-3.116879720213180383e-01,-3.627251174322722038e-01,-3.092189989040207143e-01,-3.023613395957176486e-01,nan,nan,-2.996511889768265213e-01,-2.882056568332483915e-01,-3.767055076860988949e-01
7.864590198038426405e-02,nan,1.304544130257722367e-01,-1.263098963254462581e-01,-1.232507900788081812e-01,-2.178469841757667558e-01,3.653076904419343129e-02,-3.058928842627789413e-02,nan,-1.406525429911078540e-01,nan,-1.946623108086256160e-01,-3.065871710523857541e-01,2.164527798264315184e-03,-2.400893430365187431e-01,5.601397040296600682e-01,-1.526748924319097922e-01,2.702434803443470868e-01,-4.102739757131979026e-02,-3.277054263703703674e-01,-3.850034594089748463e-01
-1.289857638331701195e-01,5.465188951149508867e-01,1.489440964016522262e+00,-7.856294533989582884e-02,7.992434530999059650e-02,9.303290720588569540e-02,-1.478371054642891314e-01,6.970854025042190205e-01,-4.176077926653398720e-02,1.102860987591552933e-01,4.145104752178396801e-02,3.241598456429317654e-01,-2.700571114224435965e-01,nan,-2.919737558646956499e-01,-3.338971718051655380e-01,-3.264793068568804246e-01,-2.309009248488246291e-01,-2.570043052948375872e-02,3.371551869387576783e-01,-3.365666092575538837e-01
-2.884469654449338671e-01,nan,-4.785870455610258256e-02,-3.293180063789249434e-01,-3.313820335288841790e-01,-2.333627261698817401e-01,-8.767763082140217490e-02,-3.049927914726595635e-01,-1.035143732688614260e-01,-2.852114383898383121e-01,-2.656792140051000839e-01,-2.871292399230170878e-01,4.004835640960552334e-01,-1.024485206753221189e-01,-1.086553667809286305e-01,-2.862891265641592797e-01,-3.191818105842942899e-01,-2.847428296553645710e-01,-2.846493053656856675e-01,-3.456864655755880200e-01,-3.866675145181561746e-01
nan,3.052820436586428654e-01,1.145066915114408557e-01,3.964209058643415329e-01,1.335254767590729752e-01,-6.927563621999502375e-02,1.215074109719511963e-02,2.648965237171577169e-01,nan,1.160730640038750150e-01,1.238431896239432783e-01,1.243301446204166938e-01,-7.269395089621791262e-02,4.393606647578256891e-02,1.534861938852606633e-02,3.105461131906834260e-01,2.207757755989808723e-01,9.166634903564259140e-01,8.313188575299970684e-02,nan,-3.666563958375126386e-01
nan,nan,nan,nan,nan,nan,nan,nan,nan,nan,nan,nan,nan,-8.373688204949342184e-02,nan,nan,nan,nan,nan,nan,nan
2.014587520955938293e-01,5.168504867963403804e-01,9.950931369046107644e-01,-6.775576916055067733e-02,-4.778564623432013381e-02,6.153661361126938623e-03,1.104978976341017549e-01,nan,9.352317233487200676e-02,2.655110019248789477e-02,nan,5.368024913581025126e-02,-2.295181606561410570e-01,-2.120479179624882859e-01,-1.884722508919186579e-01,-1.354863052331052864e-01,1.958079564198240280e-02,-2.769694176623810344e-02,1.629106263666091348e-01,2.530781612836929817e-01,-3.901366097547224188e-01
nan,nan,nan,nan,-1.633633147589790835e-01,nan,nan,nan,nan,nan,-3.496476956732589292e-01,nan,nan,-3.202799042629242976e-01,nan,-3.069159235512811668e-01,nan,nan,nan,-2.159701616874440955e-01,nan
nan,-1.775519137840121386e-01,-3.460389864703064533e-02,nan,nan,nan,nan,-3.434224667383185547e-01,-1.646835897348699063e-01,nan,nan,-2.955403166698723494e-01,-2.477340769980761470e-01,-1.253795275940070009e-01,-1.898078176880039769e-01,nan,-1.722241189372494263e-01,-1.230464005925775428e-01,1.306781277827663290e-01,-1.909758669564856626e-01,-4.148528752150529852e-01
1.844951298432101761e-01,2.463298788848062859e-01,2.064372881874291799e-01,1.745949978076590803e-01,2.626902000042640739e-01,8.866692655786628796e-02,-1.267759593944517427e-02,6.505524409793801421e-01,2.551527340840134550e-01,2.697010206313257275e-01,1.051407336910030466e-01,2.056113673344490689e-01,-1.481521299451225571e-01,-9.601932390320749855e-02,-3.352499108445858300e-02,4.995738100671839876e-02,1.367006720590987490e-01,1.970489708833595144e-01,-3.491553625282400874e-02,nan,-3.705607725783576223e-01
-2.149581138312334216e-02,7.208966430633444167e-02,1.417475283087376858e-01,8.910259795312269748e-02,nan,2.101018530860896405e-01,8.452896843171711638e-02,nan,nan,3.081124695408529734e-02,8.019787198153410790e-04,1.110069611602249040e-01,nan,7.051057997483278772e-02,-1.407891190477338905e-01,-2.603909082689948029e-02,nan,nan,-5.484031175156900417e-02,-1.331722805327009151e-01,nan
nan,nan,nan,nan,nan,nan,nan,nan,nan,1.527433446850447185e-02,nan,nan,nan,nan,nan,nan,nan,nan,nan,nan,nan
-3.522566192244848127e-01,nan,nan,nan,-3.394499791318672521e-01,nan,-2.034230592054324660e-01,nan,nan,nan,nan,nan,nan,-2.799839971252373605e-01,nan,nan,nan,nan,-1.646062138201463410e-01,nan,-3.626156138317440103e-01
nan,-2.758830665895607437e-01,-2.869747572479659503e-01,-3.011172768420969925e-01,-2.628967749811441657e-01,nan,-4.971841188528178246e-02,-2.119001026680522592e-01,nan,-3.022947942989926418e-01,-3.097689478657511541e-01,-2.456290718522593508e-01,-1.013612093775311251e-01,nan,nan,-5.797340015979518535e-02,5.434528520277537300e-05,1.841962856281078309e-01,-2.705373428362759514e-01,-2.342542806503874475e-01,nan
1.284791618481600506e-01,-9.136848775767858477e-02,8.530645379752788138e-03,-1.431866063803098332e-01,6.211333147038380909e-03,-1.380257178511201666e-01,1.799243743994810574e-02,7.073688980034729956e-02,nan,-1.230587650419665557e-01,-1.189447698905752859e-01,nan,-2.015870872531145275e-01,-1.155391839638996165e-01,-2.141736035393471127e-01,1.268008648153986784e-01,-2.607883139284181695e-01,2.889915547036103205e-01,8.231849650014566588e-02,-3.002867628733696392e-01,-3.931116686333997468e-01
-3.377928836895845999e-01,-2.856545192026967994e-01,-3.390635356971331005e-01,-2.590229661743286282e-01,nan,nan,-3.365637646761809876e-01,-3.315093632192113171e-01,nan,-3.176034702247574337e-01,-3.289975492759620312e-01,-3.156450850379028950e-01,-3.440355369425124321e-01,-3.146853094629958880e-01,-3.395202006977092735e-01,-3.219161691773280154e-01,nan,-2.945935035350180087e-01,-3.206267819353293413e-01,-2.885901075784821357e-01,nan
-3.514326221947892126e-01,-3.008713259825013253e-01,-3.090486047825916627e-01,-3.199414806114012633e-01,-3.045671131945734134e-01,-2.414381652437229686e-01,-2.813567672195990133e-01,-3.034281819752236986e-01,nan,-1.731845147158754261e-01,-2.811403442167909050e-01,nan,-2.587065339647279805e-01,-3.387297100986434994e-01,-2.463655298262354965e-01,-3.482444890194991149e-01,nan,-2.606045212544763068e-01,-1.146482681034713957e-01,-2.984241833976728486e-01,-3.540173529955379372e-01
-2.936358496541488505e-02,-1.451710779044605992e-01,-1.197396176704597637e-01,8.783443514367414440e-02,1.185896250738162350e-01,2.277479996680318447e-02,-9.814878317281250375e-02,7.052622925119077235e-02,nan,-3.365122057756869678e-02,1.595247408083755314e-02,1.198286086655230009e-01,-2.177478054368331417e-01,-1.699537531513170552e-01,-2.330457604603513033e-01,-1.023605419083387646e-01,nan,-5.339266267652356679e-02,-5.018139481316852279e-02,-3.000728304174749006e-01,nan
-7.967959750957598342e-02,-3.182811442564946747e-01,-4.843040433437093006e-02,-2.871824028504228465e-01,-3.103135314795564259e-01,1.119161499786615055e-01,-9.093292909009464964e-02,-1.994507010431058047e-01,-3.291620826676284750e-01,-1.720144425427140855e-01,1.226071245169357005e-01,-8.462683398341952490e-02,3.117325997820290517e-01,-2.134894811443102669e-02,nan,-2.629384859466860069e-01,nan,-2.076294130122258164e-01,-3.215866021391011742e-01,-3.400014640298335555e-01,-6.057999099683472610e-02
-2.366208328403556216e-01,-3.674868091670898673e-01,-3.328307173011070264e-01,-3.448381231504220601e-01,nan,-2.539449092485439596e-01,nan,-2.163095468918266873e-01,-2.673475955987956176e-01,-2.662817451737256036e-01,-3.224915828226094794e-01,-2.634458285469943872e-01,-3.272505145212670774e-01,-5.583865405610460853e-02,-3.209785669265760033e-01,-3.558580078542519232e-01,-2.597109299993053400e-01,-2.845643056461617526e-01,-2.598895632550690671e-01,-3.093281886031422623e-01,-3.485528513044183763e-01
-3.098627576388838234e-01,nan,-2.422501272842869646e-01,-1.103997204932488652e-01,-2.079403657940755434e-01,-2.755002855426057495e-01,-1.483959312143770526e-01,-1.707635251828429346e-01,-2.270332664328542638e-01,-1.610606705026039198e-01,-1.461128276132911408e-01,-2.009593358293403353e-01,-2.927950267746354251e-01,-3.212967070101808709e-01,-3.026622203692963531e-01,-3.995578863346506138e-01,-3.101623709577973065e-01,-2.716391948199115003e-01,-2.308335040215441225e-01,-3.186348103835220380e-01,-3.736253041112859163e-01
6.755291331169341329e-02,nan,-1.168027970143045713e-02,2.008597268432532890e-01,1.679135933273554759e-01,1.242742578012420163e-01,2.718708771696657506e-02,1.839192248097046012e-01,1.295343051425155712e-01,1.017140227407352659e-01,1.909634329399258756e-01,1.737882576822534497e-01,-4.536962057000526460e-02,-3.804422109525157358e-02,9.508864653841944681e-03,nan,-2.423327766193017485e-01,-6.822606600649355757e-02,-6.613665512079844322e-02,nan,nan
-2.980288889498268201e-01,-4.053885605303391149e-01,-3.310986445156083313e-01,-3.132857413068872443e-01,-3.360800117686942867e-01,-1.277553559138765449e-01,-1.163379359705807303e-01,5.719438897032372293e-03,-1.937198150551183717e-01,-2.742035167141564367e-01,-2.081856696074880775e-01,-3.195325684395818877e-01,-1.971346291942832618e-01,nan,-2.189364409413103729e-01,-3.977417406399441635e-02,-3.849208270358654982e-01,-2.843554368674738875e-01,-2.869659608109486060e-01,-3.046614420654174538e-01,-3.779431129701693592e-01
1.950056478887507716e-01,-1.049706949570274883e-01,nan,nan,nan,nan,6.129778872521542132e-02,nan,nan,3.631002067544061296e-01,1.995120200052244719e-01,-1.370509273716141729e-02,nan,-1.798238876560285804e-01,nan,1.573442588123122321e-02,4.146983053081795129e-02,-3.104178627140705138e-02,3.685444506917651131e-01,-2.028415601496398324e-01,nan
nan,nan,nan,nan,nan,nan,nan,nan,nan,nan,nan,nan,-2.684415765768367601e-01,nan,nan,nan,nan,nan,nan,nan,nan
-7.298545655728716497e-02,1.264896292151349577e-01,1.812512076537763084e-01,1.403341785662390595e-01,nan,-9.990046178980582781e-02,nan,7.804350926165157243e-02,nan,4.523644825703419109e-02,-8.587110267017600274e-02,-1.123034746360709324e-01,-8.486843847815045416e-02,-1.131633936264049844e-01,-4.063251497650871569e-02,-7.919512013213253487e-02,-5.065666070760899142e-02,-6.929819685210567015e-02,1.364671001788486104e-01,1.416716443551015447e-01,-3.333476843289661096e-01
9.351983028161869882e-02,nan,2.663950390440211757e-01,nan,nan,2.164271319744012212e-01,-3.981064321767063818e-02,nan,3.291297510657623104e-02,4.146620809594080415e-01,1.210289725275828787e-01,2.083593320454437681e-01,-2.209227200098011767e-01,nan,-3.370147589727273685e-02,nan,nan,6.664119485593439363e-02,-6.695879309716276651e-02,-2.362405702088369308e-01,nan
-1.985678179673319166e-01,-2.445525199969772467e-01,-3.488488497573541958e-01,-3.255561996594192875e-01,-3.145294723842929629e-01,-1.286295510916016238e-02,-5.770659555315810207e-02,-1.755316472389955029e-01,-2.357003033174595030e-01,-8.904233641177944358e-02,9.413096963258479888e-02,-1.267443323149985979e-02,4.252165460286215781e-01,nan,2.967538682841125430e-01,-3.003313486331726789e-01,nan,-3.266879232891342077e-01,-2.909288693426893557e-01,-3.173172373328722040e-01,-5.226410951326292409e-01
-1.586827773777069184e-02,5.329524463334286977e-02,6.755564271824321398e-01,nan,-2.279224012853423575e-01,8.006375358126568975e-02,4.261764134409207205e-03,2.482851770680922221e-01,1.556472301147642512e-01,1.422369696728720823e-01,-2.577825579173978476e-03,1.935278574253415373e-01,2.597731299625266610e-01,5.150604285586923847e-01,nan,-1.520442278644815182e-01,nan,-5.724681471962927981e-02,-2.739912469106722814e-02,-1.243299401519550873e-01,nan
5.700724053753151999e-02,1.875680163041402448e-01,7.650438478196103231e-02,7.731723838407094096e-01,5.222067947876347649e-01,nan,8.376246725850161612e-02,2.168731363291395153e-01,nan,2.640189533122468402e-01,1.846751345705223424e-01,8.904434923674603430e-02,-1.179208871650828105e-01,-4.244297849508626985e-02,-1.002158503256799227e-01,-8.896624792875496013e-02,nan,-3.894290531254399057e-02,-1.952958434654350484e-02,-3.605504547971649654e-03,-3.087285090091502759e-01
-3.182414371643556006e-01,nan,nan,nan,nan,nan,-1.185756599689481439e-01,-3.233955855928668521e-01,nan,nan,nan,nan,-2.022190346689724527e-01,nan,-3.180561160221068162e-01,-4.152925194722073554e-01,nan,-4.568945997332098941e-01,nan,-2.605018190238156395e-01,nan
9.439912255219740089e-02,nan,7.312282108759990962e-01,-1.539240338719378709e-01,1.275882113167528531e-01,1.246579164966855613e-01,2.355651217452277568e-01,2.037841353243783488e-02,nan,-1.990081697055043342e-02,1.562832628471504670e-01,1.171668460164657366e-01,5.364968164225020208e-01,3.347565597394255299e-01,2.676311785299338442e-01,7.579146527452546023e-02,5.328907510552720328e-02,nan,-1.321624736593137728e-01,-3.099072341621130766e-01,-3.682761068829364381e-01
3.214687485423762814e-01,2.014532563212014238e-01,2.197331916483696856e-01,-2.442344934960396508e-01,-1.742991755177535351e-01,nan,-1.940619034548184407e-01,7.043963320489352031e-02,-4.031089930718589898e-01,6.005006602800289084e-03,nan,nan,-2.479929413968126051e-01,-2.466913328644035897e-01,-2.347871260876385202e-01,2.610177949439270728e-01,5.421263901577150213e-01,1.695878412038069050e-01,-1.129555950340253578e-01,-3.011313691700786555e-01,nan
-3.549110563734372836e-02,nan,-5.954936216356923606e-02,-1.954967503107761795e-01,-1.512701758997450630e-01,4.653936589425547998e-01,6.766812514459734640e-01,nan,7.162062384415815441e-03,nan,1.757961272057708690e-01,nan,-1.204510683730061205e-01,2.802495184391863847e-01,nan,nan,nan,nan,-2.642341743141118915e-01,-2.768474677654021443e-01,nan
-1.069634903545120808e-01,-1.688686554541081741e-01,nan,nan,-2.736731706937001185e-01,nan,nan,nan,-1.829979531721291353e-01,-1.865665782997446009e-01,-1.442420231657977614e-01,-1.079525398609744724e-01,1.024705419711160193e-01,-3.537554203665138619e-02,nan,-2.051365665280043271e-01,nan,-2.823281540740404938e-02,nan,-3.001048905020452517e-01,-4.126213088503042359e-01
1.880410097264532399e-01,-1.986914845703710575e-01,-1.444434000803558327e-01,-2.362348272514054326e-01,-4.743235831425238191e-02,nan,-1.495823295228786431e-01,-1.934010993252973098e-01,-9.463307014350708091e-02,nan,-8.319139821810928037e-02,-2.631097004526786742e-01,-2.588289458595254278e-01,-2.372603741321026583e-01,-1.742114755992201225e-01,-1.774609683190033205e-01,nan,1.790173037761136621e-01,-2.195130749411758897e-01,-2.284224745357578135e-01,-3.275468769348337528e-01
8.487816970299097430e-02,2.543728442258746392e-01,1.826831684538611500e-01,nan,nan,9.515781140976481423e-03,nan,1.268747873028106821e-01,8.661167976444053562e-02,2.345432187397701596e-02,1.472976979094843542e-01,9.507955256560041146e-02,2.222603270764205163e-01,2.883341851384939591e-01,1.960118841675372592e-01,2.657501410991134350e-01,2.123843355104703678e-01,3.429785613949171141e-01,-1.179720911906343428e-01,3.670674157613549315e-01,-3.747984851949378582e-01
nan,6.646745763143544483e-01,8.348293981679744125e-01,4.411288282421192974e-01,nan,5.646630623704279595e-01,1.363182518434867152e+00,3.875986613787584245e-01,nan,3.854333458307399596e-01,3.218834816551808808e-01,4.322903620813487446e-01,7.553150422885885895e-01,7.334356757392577197e-01,3.676294848456627129e-01,nan,nan,nan,5.651954827268121373e-02,2.687541644780090389e-01,-3.593509642242751490e-01
nan,-2.162688875976823688e-01,-2.885006103223107798e-01,nan,nan,nan,-2.675676878713578732e-01,-3.334925180418625290e-01,-2.434525314644346849e-01,-2.561423769256209182e-01,-2.524274916607995856e-01,nan,-3.033189731597515371e-01,nan,nan,nan,nan,nan,nan,nan,-4.145965747723940886e-01
nan,-9.208701280456271787e-02,nan,nan,nan,nan,-7.218363746493999811e-02,-1.408521507708042075e-01,-5.085634875290215295e-02,2.558331941703703150e-01,nan,nan,nan,nan,-3.754529747899013059e-02,nan,nan,nan,2.209906644852787094e-01,-3.175544972641679564e-01,nan
-1.777650644313744088e-02,nan,nan,nan,1.143789711889584004e-02,-2.766481583362281893e-02,1.294634145510057954e-01,nan,-2.493555463691056184e-01,-2.568472367642001819e-01,nan,nan,nan,2.217507616651283597e-01,nan,7.155165244409410208e-02,nan,nan,nan,-2.649145986748273618e-01,nan
1.745953739948421790e-01,-3.591356660647581078e-01,-3.186245299086872818e-01,-2.868241353716578512e-01,-3.007254978969847725e-01,-2.296969371476581534e-01,-2.792530932551470224e-01,-2.577481772981174979e-01,-1.530628362045541868e-01,-3.281020585829641512e-01,-2.617568149920996845e-01,-2.398567891321815582e-01,nan,-3.613441207046297343e-02,-1.293306545107216765e-01,-2.743780119337644319e-01,-3.585523619641168835e-01,-3.448687415723781235e-01,-3.605772841303004350e-01,-3.008575716545720535e-01,-3.475014061685371969e-01
-3.140734806353282504e-01,-3.223363737539405305e-01,-3.169308499627646603e-01,-2.695089762721146753e-01,-3.543209036861909578e-01,3.307235383298177955e-02,1.314918675052702268e-02,-3.314223753061141808e-01,-3.205485877909092229e-01,-2.495193896186238547e-01,6.108405043444613963e-02,-3.247488033976192456e-02,-7.498227074858193619e-02,-1.304752054572403397e-01,nan,-3.173676643061049685e-01,-3.412912973241741810e-01,-3.381876747470814459e-01,-2.735220667539570716e-01,-3.616292866670266504e-01,-3.966487823306839022e-01
nan,nan,-1.613423413318625377e-01,nan,nan,nan,nan,-2.957887146371348530e-01,nan,nan,nan,nan,2.846339906784321472e-01,nan,nan,nan,nan,nan,nan,nan,nan
nan,nan,nan,nan,nan,nan,nan,nan,nan,nan,nan,nan,nan,-2.455695849583577894e-01,nan,nan,nan,nan,nan,nan,nan
nan,nan,2.425591586762506080e-01,nan,nan,nan,nan,2.174883877603411286e-01,nan,nan,nan,nan,nan,nan,nan,nan,nan,nan,nan,nan,nan
nan,-9.558639135992436087e-02,nan,-2.587146995959025420e-01,-1.580282758152286027e-01,nan,nan,-2.417165592129891794e-01,nan,-1.261801226694089229e-01,-2.016021633827391191e-01,2.072687353186918879e-01,-1.544062719635083125e-01,-1.168980897065177715e-01,nan,-1.415954999577040407e-01,-3.200348394063424751e-01,-5.368658950379220918e-02,-1.649773702966297328e-01,-3.619260411429299218e-01,nan
1.130334333220131549e-02,nan,3.190020609759288694e-01,-2.606394683652050182e-01,nan,3.322586045026409279e-02,1.946667264894199889e-01,-1.102088503398324648e-01,4.259286083858996319e-01,nan,6.019620220855529530e-02,nan,4.119538387421843584e-02,2.031709350271518333e-01,3.158522078930219024e-02,nan,nan,1.029856940560083811e-01,4.264505145046434964e-02,1.542756232333015176e-01,nan
9.088600263266743973e-04,nan,1.314884362560708175e-01,-1.137324341884389800e-01,nan,1.246083118684263580e-01,6.361393402493212279e-02,nan,1.192739599414225915e-01,6.950110271595419387e-02,3.573384996612498643e-01,2.478833200107493501e-02,-1.047157262292331970e-01,3.055737860081335702e-02,-2.157065554597839552e-02,4.552319565123689321e-02,6.848853087856240918e-02,1.046590718897920380e-01,6.834594819906952834e-02,3.028188833631848542e-01,nan
nan,-4.146552486573668039e-02,-1.070617493507852735e-02,-1.937000641696500214e-01,-2.464350169234599264e-01,-2.490906982162532923e-02,-1.274553336179495289e-01,6.051065655898720669e-02,-1.569237713796596823e-01,-3.014478736789172331e-02,-1.285696586780028516e-01,-1.095049625073437616e-01,-3.313131254969118311e-01,5.504578696263806581e-02,-3.130268605500404755e-01,-7.341569640193185142e-02,-1.945810374734948112e-01,-1.942700972291024897e-01,nan,-3.025594366521066059e-01,-3.550013099254075710e-01
-2.658785139487243043e-01,-2.720368059597927379e-01,-3.149275243522421386e-01,1.721388493707272926e-01,-3.017290807163740540e-01,-2.263377170757069345e-02,-2.261872340468928932e-01,1.871735848836364180e-01,-1.415466423483133784e-01,nan,-1.583413218120432453e-01,-1.422098945668404113e-01,-3.443337889739060964e-01,-3.415972929009654102e-01,-2.692918512904673989e-01,-3.174051155317239026e-01,nan,-3.540458644513434505e-01,-2.861576000719928681e-01,-2.061679470504057532e-01,-3.315417681913687131e-01
-3.189141830765309660e-01,-3.249293280902825209e-01,-3.123981812451614992e-01,-3.491190770352385897e-01,nan,3.965406109423098846e-02,2.324245137186957411e-02,-2.978966597790165816e-01,nan,-6.090208453267892397e-02,-6.820169023447103518e-02,2.611259141740712719e-02,1.137089735344240515e-02,nan,2.689089266273565065e-02,-2.990224822308962249e-02,-1.161205164392416500e-01,-2.260176017655430858e-01,-1.021425802077321476e-01,-3.498136448055744196e-01,-3.453346017423120085e-01
nan,nan,2.606309183837079435e-01,2.571722034041054039e-01,nan,nan,8.048128869768875204e-02,1.188292099161270265e-01,1.009916156021466727e-01,2.700833514860920825e-01,1.838942591022028339e-01,3.574290620026283616e-01,1.655206363471441178e-01,nan,2.532389863757299187e-02,2.307303233778318918e-01,nan,5.230095816433375511e-01,4.929931296288616455e-02,-1.981660397562716169e-01,nan
-1.403520434292637731e-02,-2.014286339779156609e-01,-2.104890274242767756e-01,nan,-4.751007608765098200e-02,-4.630479148783320231e-02,-1.491334304486064966e-01,-5.782670958772473391e-02,-1.645335075088244503e-02,-1.786793529931285374e-02,-9.589239223578155391e-02,-1.049979013107951720e-01,-2.056245869899138157e-01,-1.632316660492009186e-01,-1.858074861040844850e-01,-8.421614906534202749e-02,nan,-2.765344630601731524e-01,-8.698964898728567263e-03,-1.984637124936988739e-01,-3.498406423320464809e-01
-8.541060758282986720e-02,nan,-1.848162399246396359e-01,-1.384498748623093634e-01,-2.180552516827047871e-01,-1.086992961177127293e-01,-7.028485347281640538e-02,-2.030898578850192648e-01,-1.138839611736481294e-01,-1.464697313333241935e-01,-2.304258630477451497e-02,-7.140374240854238663e-02,-1.033246198674462879e-01,-4.297029312211977925e-02,5.106839158252346467e-02,nan,nan,3.421789080416408335e-02,-2.385842047170571023e-01,-1.612425600967557493e-01,nan
-2.920511424254202959e-01,-3.253092482676869235e-01,-3.231183033561615403e-01,-2.839406611651299484e-01,-2.383894594499105235e-01,1.774890113572212547e-02,nan,-2.196455890501228803e-01,-2.730951280537654569e-01,-1.361658621049009477e-01,-1.343979438297928097e-01,-8.692974617892851308e-02,1.032427360061108079e-01,nan,4.682831819363195147e-02,-8.548557615299706702e-02,-1.720387053097965913e-01,-2.093552682064466763e-01,-2.950945667972897368e-01,-3.227278064235117316e-01,-3.808199060878091347e-01
7.653061031768024214e-02,nan,3.008450782948376978e-01,-8.438663756657116544e-02,4.624092185647021153e-02,6.808274681189901978e-02,1.913261520980458208e-02,1.147790102614935359e-01,5.331086900509401233e-02,-8.937873076406854800e-02,5.083366806219946632e-02,-7.200756449687623073e-03,-1.364369992426291422e-01,-9.614292657098288952e-03,4.446695560999731206e-02,-4.848163500149890726e-02,1.362741624636821525e-01,3.207085840842061053e-02,8.736333153195455226e-03,-1.595324835424548060e-01,-4.139512261147483274e-01
4.429847578307441469e-02,-1.196444106730229495e-01,-6.925280701650399218e-02,-1.676362409382818330e-01,-1.008216899788670906e-01,1.449593137872447479e-01,-1.399406706699118930e-02,4.110616622499910222e-03,8.624493673374492020e-03,1.181026819719242782e-01,3.629794205913833283e-03,3.238355551187520331e-02,-7.246547846082707078e-02,-6.285607803784612480e-02,-6.329274865172340725e-02,9.000910269798267915e-02,2.258585332117571398e-02,-3.824074783961961543e-02,nan,-1.125599507113156927e-01,-3.675483729395477850e-01
6.672051970910042318e-02,1.240305795224281304e-01,2.186586863900680244e-01,1.589249156079140801e-02,nan,6.292412669747951548e-02,9.047510148929502338e-02,nan,3.580677220746270040e-01,8.769489628390939040e-02,4.605663281914505747e-02,5.502539905542297438e-02,-2.874880495090756383e-03,8.846601368411380339e-03,8.067988404660511592e-02,4.265318441606209821e-02,3.554926276953799258e-01,4.966946801699290148e-03,1.542590398772897275e-01,2.096985584539383107e-01,-3.718061689090903510e-01
1.933393525571908411e-01,9.184835129814991617e-02,1.875976085053296383e-02,nan,2.666476819473300591e-02,7.552595649298257663e-02,1.583702218265613526e-01,4.243982210275215605e-02,7.833855213127652317e-02,3.019216662482553798e-02,nan,1.730391981573934368e-01,-2.890424530172830409e-02,-4.094002754868958371e-02,-2.993568380534808449e-02,-1.436657488782982495e-01,nan,1.671224630227573227e-02,9.323537380405172437e-02,2.231703471867318989e-02,-3.386825556769510470e-01
nan,nan,nan,nan,nan,nan,nan,nan,nan,nan,nan,nan,nan,nan,7.425378099870236226e-02,nan,-7.214820721162495953e-02,nan,nan,nan,nan
1.049075162978207187e-01,nan,nan,nan,nan,nan,nan,nan,nan,nan,nan,nan,nan,nan,nan,1.446332652378341799e-01,nan,nan,nan,nan,nan
nan,nan,nan,8.891925626392133131e-02,nan,nan,8.944628268922868997e-02,nan,nan,nan,nan,7.171852474521947518e-02,-1.179291092594068613e-01,nan,-6.008803276936636184e-02,nan,nan,nan,8.959641352802524827e-02,nan,-4.533375738906626484e-01
-9.617923267557043632e-02,nan,-1.409411232342694942e-01,nan,-1.351377266463495430e-01,nan,1.357418953196887768e-01,nan,nan,-5.837051264527021166e-02,-5.775719716444377427e-02,1.440131539160370011e-01,2.574896391512346977e-02,nan,nan,1.070748486903744245e-02,nan,-2.421445406064240413e-02,-3.685229472261066785e-01,-1.023516792359346339e-01,nan
-1.172291021441894676e-01,-3.904898232569514738e-02,nan,-1.986196375562204186e-01,-1.372917590311507618e-01,nan,-4.627341418534475226e-02,-1.310296256388260305e-01,nan,-1.286280610023310400e-01,-1.734552154505019095e-01,-1.255240280715341217e-01,-1.602719590562940444e-01,-1.016312595956582188e-01,-9.175659408838593434e-02,nan,2.426017295524260375e-03,-7.408443031995975980e-03,-1.490260131047514980e-01,-1.593012670519864393e-01,-4.355448524920413345e-01
4.577502667637832479e-02,-1.060767282401663403e-01,-1.177367753146267848e-01,-2.210224915159568759e-01,-2.879469177586009287e-01,-2.013883484360155518e-01,-1.405505506767015800e-01,-1.427817026941147205e-01,-1.944210471340073187e-01,-1.704687189399550773e-01,-1.515817206557676933e-01,-1.496251523767204716e-01,-1.265560805533303967e-01,nan,-6.429768337072114259e-02,-1.522373583002882280e-01,nan,-1.899881277342178043e-01,-1.543806146576563454e-01,-1.789103731647415652e-01,nan
4.406933981850973819e-02,-1.097907538421061813e-01,-7.247027005362208230e-02,-2.574511823305072333e-01,-1.764651712197452538e-01,-2.210035757010639923e-01,-1.011596690743377658e-01,-2.905282136803488680e-02,-1.186382292300500185e-01,-8.298877805185156387e-02,-8.914760587675418790e-02,-1.535137052683925862e-01,-2.125019990002868231e-01,-2.098564648668559407e-01,-1.797573623508318397e-01,nan,nan,-1.267603370600554613e-01,-1.840753790883686847e-02,nan,nan
nan,nan,nan,nan,nan,nan,7.558226896927162652e-01,nan,nan,-6.759078668918208632e-02,nan,nan,nan,nan,nan,nan,nan,nan,nan,nan,nan
nan,nan,nan,nan,-2.565330603663175113e-01,nan,5.332607826242191651e-02,nan,nan,-4.442563569241012034e-02,-2.076351808750146466e-01,nan,nan,nan,-6.674273765254457036e-02,nan,nan,nan,nan,nan,nan
-2.342758827248353493e-01,nan,7.891663545615190678e-02,-2.935103339724797200e-01,-1.342521296424652455e-01,nan,nan,-1.068364321366435665e-02,-1.433021008071090341e-01,-3.135495200265742133e-02,nan,nan,1.228287997979947699e-01,8.529291608039571426e-02,nan,nan,nan,nan,-1.383813163600274843e-01,-2.553213155547728874e-01,-3.503218274537815979e-01
4.236147755827216477e-01,nan,5.579083578228325457e-01,nan,nan,nan,nan,3.887367810450457206e-01,nan,3.021945374598328793e-01,2.870957658864978779e-01,4.829925773545955536e-01,1.125766381054917054e-01,1.933316395429259538e-01,1.577294306010030567e-01,4.414557099764251369e-01,3.030575600245523638e-01,3.969798113006116624e-01,2.541797491467177594e-01,2.312864771762880856e-01,-4.699756948896609554e-01
nan,nan,-9.550165863981019410e-02,nan,nan,-7.623978515332446859e-03,nan,nan,nan,nan,-1.088757672422916434e-01,nan,nan,nan,-1.215340086881096515e-01,6.199337896016426930e-03,nan,nan,nan,-3.512970433626528832e-01,-3.885315607112460601e-01
-3.202688929605748136e-01,-3.736264768344694787e-01,-3.451803902464315454e-01,-3.545460730825374940e-01,-2.523745985370660083e-01,nan,-1.231578534151928084e-01,-2.976323268755273199e-01,-1.901329938372413042e-01,5.104583495777220009e-02,-1.063564344867977129e-01,nan,-1.983555700185714588e-01,-1.872581820083494275e-01,-8.791266853162515993e-02,-3.232485672984113378e-01,nan,-3.582690219257037567e-01,-3.856711757953817932e-02,-3.254494509330596586e-01,-3.782712186217556116e-01
nan,nan,3.036982372378632666e-01,-8.378965352344364126e-02,nan,-8.218599732321041351e-02,nan,nan,2.889750302130900117e-02,-2.398498346880287291e-03,-1.999950519832455198e-02,nan,-1.082604652465199435e-01,-9.893576483833804724e-02,-8.184873514029888941e-02,-1.382362293082082805e-01,-8.150922323834847161e-02,nan,7.998341917145082580e-02,-3.395637854092259378e-01,-3.155301870301029377e-01
3.333430710086307536e-03,1.029993266237773097e-01,nan,nan,nan,nan,-1.610942041230143396e-01,nan,nan,4.478027923193685783e-02,nan,-7.614974999908785680e-02,-2.829304073883754933e-01,-3.870017910921876858e-01,-2.137039841385345307e-01,-2.659739322193904743e-01,nan,-2.013969470673815376e-01,5.114052001771882683e-01,-3.543918062114189693e-01,nan
nan,-2.950206627982319141e-01,-2.877345776474931061e-01,-3.065927351014283708e-01,-4.107426508830406275e-01,-1.512942387247761533e-01,nan,nan,nan,-2.876686712462409590e-01,nan,-7.394882487559015227e-02,nan,-1.573893846539993202e-01,7.845665563302126055e-02,nan,nan,nan,-3.914658414740963543e-01,-3.672951291052103384e-01,nan
nan,-1.588176318178574076e-01,-2.866433467678630720e-01,-2.976428282313772211e-01,nan,3.234418316926924997e-02,-2.865662057782355499e-01,-1.784020468420559613e-01,-4.258179021669592501e-01,3.358761878155878955e-02,-1.040746726719752324e-01,nan,-1.120433475413445956e-01,-1.781607311225211210e-01,-1.284890556883504509e-01,-3.865719193765954076e-01,nan,-2.774175075053948447e-01,-8.278327095239984557e-02,-3.395255832761526760e-01,-2.955027312697474651e-01
1.798134508789595298e-01,nan,3.658274200162769940e-01,nan,2.632567658205672845e-03,1.016057672201754747e-01,-9.644687232236598406e-02,7.295143768032602560e-02,-1.586583447978445749e-02,nan,-9.319264877850896855e-03,1.241723286382871994e-01,nan,-2.233189991258369145e-02,-1.465268949798926301e-01,1.192235498576053043e-01,-3.928039312270492633e-01,nan,9.563891796203305429e-02,-3.328095078332630186e-01,nan
nan,-3.407388443953764945e-01,-3.394242025184045497e-01,-1.700494630730299273e-01,-2.856894021757929725e-01,nan,nan,nan,-2.891047500625705258e-01,-1.956657748378261008e-01,-2.827568564022773234e-01,nan,nan,-3.470648179890623020e-01,-2.725403556109806669e-01,-2.792621991614578913e-01,-3.400441139681941172e-01,nan,nan,-3.354446508151345263e-01,-2.880039078839090605e-01
-1.968793518777179896e-01,-3.164353292338990542e-01,-3.630748132928506289e-01,-2.855614177018452882e-01,-1.418120736726813380e-01,2.649257942557350226e-02,nan,nan,-1.127671346778679751e-01,-6.765853790696649273e-02,-1.826858251526914945e-01,1.884339744046265863e-01,nan,-1.772858874199894630e-01,2.810232154026303525e-02,-2.293050041822575214e-01,nan,-2.214471364166628042e-01,-1.318844246087330641e-01,-3.297017754048957583e-01,nan
-7.999798164475957485e-02,3.480134733228890109e-01,2.459873624996690156e-01,1.491685656459501019e-01,nan,9.799327621468215122e-02,1.908572880267366545e-01,2.526871927402211115e-01,nan,1.018748741941290781e-01,2.847476821292451166e-01,nan,nan,3.390160362855325626e-01,nan,nan,nan,1.396093277623381146e-01,1.988003620942974392e-01,-3.344964422429452799e-01,nan
5.693395131619680832e-02,-1.149551659054411923e-01,-2.186283062231280105e-01,-1.533068643606584902e-01,-3.102592458480765703e-02,-1.386810381957518934e-01,-1.447098174147137262e-01,-1.406389784798079967e-01,8.631257038685752336e-02,-1.167560645830797439e-01,-1.755059183569968595e-01,-2.073161179405303423e-01,-3.087232015755870806e-01,-1.650000517545474610e-01,-1.785048923634558471e-01,-4.487747978596837162e-02,7.842853589208839682e-02,nan,nan,-3.513113388789828040e-01,nan
-3.205289692397879087e-01,nan,-3.505817550971863650e-01,nan,-2.904940463533077777e-01,-1.791628618847407317e-01,3.618391225066869277e-01,nan,-3.425473326989716405e-01,-2.553335865980375097e-01,3.873116121649331639e-02,-3.172537717315551120e-01,-5.037558024486255004e-02,-2.132202476842344763e-01,nan,3.308538977334629649e-04,1.625664301035935899e-01,-3.084642922886275951e-01,-2.893680436143571955e-01,-3.199779093842414213e-01,-3.891776419024406408e-01
nan,nan,8.472516260562081847e-01,nan,nan,nan,7.646900223688020137e-01,nan,nan,1.182384359858873690e+00,1.078731761110215182e+00,nan,nan,-7.822702835171002622e-02,4.325913943729718936e-01,nan,nan,5.554628963323865465e-01,1.422887289202547034e+00,-2.363697196245081456e-01,nan
1.619669007552356488e-01,1.817197301329363801e-01,nan,1.032431637575954297e-01,nan,nan,1.703751735363391584e-01,7.868350532848300549e-02,nan,2.382927710684820122e-01,1.421879255741661241e-01,6.817750079093100324e-02,-2.078472853584345525e-02,-1.881177643340781191e-02,-1.407323865044995959e-02,nan,nan,4.022321917742828490e-02,1.149562607676640480e-01,-2.908118031503268419e-01,nan
nan,3.231643536426169472e-02,nan,nan,nan,nan,nan,-3.592002753438702789e-02,nan,-1.530660282887725820e-01,nan,nan,-2.453214731844703955e-01,-2.486019978808838848e-01,-1.027363437522503253e-01,nan,nan,-2.924994809134348062e-01,nan,-3.343914713270783601e-01,nan
nan,nan,7.743867752557115347e-02,-6.668529777090109745e-02,-1.258173326366942013e-01,3.351092978823596441e-02,4.478613979434137304e-03,nan,2.325163982356748954e-02,1.771294856511695104e-01,nan,1.592314023793794109e-01,-3.528314900575966195e-01,-6.198824204990541209e-02,-1.796812857484534898e-01,-4.128917707688611882e-02,nan,-5.157702914003128858e-02,2.812375534779271713e-01,-6.215206352125005052e-02,-4.716394871160817237e-01
-1.265901663742576844e-01,nan,-3.003612174233154519e-01,-4.121014846744237570e-01,nan,2.109949863919925728e-02,8.421340398502291658e-02,nan,-2.250967439211776222e-01,nan,1.019103073710985741e-01,1.189459126183503024e-01,4.748110907446170259e-01,4.656367759719315380e-02,5.749848853701977625e-01,nan,-7.200689580413491275e-02,nan,nan,-3.523991393203703693e-01,nan
-3.238504819628559295e-01,-3.499622578307955978e-01,-3.039899316532630458e-01,-3.254594301370083986e-01,-4.273829347954147817e-01,4.526357181675126629e-02,-2.185864659849963143e-01,nan,-3.329300099816521197e-01,-2.825343122208839874e-01,-1.671478117279314168e-01,-1.445463451305990521e-01,1.527939512542620670e-01,-1.000429360482106844e-01,nan,-2.394746516913034418e-01,-3.301752920088455445e-01,-3.661588449271850898e-01,-2.899148019588743130e-01,-3.121655041793806040e-01,nan
nan,nan,-3.030513292413328230e-01,nan,nan,-3.121481864698164577e-01,-2.656421737208678469e-01,nan,-2.147779632721243948e-01,nan,-3.097064245118059667e-01,-3.344076559013899885e-01,nan,-3.424248051772854629e-01,-3.448576677999034557e-01,-2.431468988173183243e-01,nan,-3.311299852211172512e-01,-2.670868264307513229e-01,nan,nan
-3.089262216126269500e-01,nan,nan,-3.607133194120462072e-01,nan,nan,nan,-1.759235177762306090e-01,-4.255184211215902179e-01,-3.726513731762994830e-01,-2.977136253606115224e-01,nan,-1.876370457702655759e-01,-3.279697035609070443e-01,-1.254464581114718702e-01,-2.769631295863558273e-01,nan,-3.204491460985954276e-01,-3.705621900384016287e-01,-3.315202862351226409e-01,nan
-3.209164135773824311e-01,nan,-3.321008275185727276e-01,nan,nan,nan,-2.603521421442027695e-01,-2.445630902120291550e-01,nan,-3.871717642753781385e-01,nan,-3.485399953772601034e-01,-2.135838680481517149e-01,-3.296572046624494101e-01,-2.553380762169158436e-01,-3.305386009558610727e-01,nan,-3.689646590457497100e-01,-2.944032934599550844e-01,-3.597103148980548282e-01,-4.158503880425445942e-01
nan,-3.109621393348193097e-01,nan,nan,nan,nan,nan,nan,nan,-2.904476276389212908e-01,nan,nan,nan,nan,nan,nan,nan,nan,nan,nan,nan
-2.177247240175353982e-01,-2.749046833318019578e-01,nan,-3.312852719609854502e-01,-2.624645441612130092e-01,-2.772635451410666585e-01,nan,-3.848579239818223918e-01,-2.252934161804385216e-01,-2.940203969407887419e-01,-2.465492820568813137e-01,-3.007106037735691739e-01,-4.002496605380864159e-01,-3.550760819750941044e-01,-3.008013739479650228e-01,-3.092525441867195468e-01,nan,-3.179397944166548751e-01,-3.170599733506382911e-01,-3.088345304327965168e-01,1.424418016700566836e-02
nan,nan,nan,nan,nan,nan,nan,nan,nan,nan,nan,nan,-5.105532007066393430e-02,nan,-1.265349053986990491e-01,nan,nan,nan,-1.914131692688251785e-01,-4.144235361400312456e-01,nan
nan,-2.279526890608055689e-01,-2.589793432752064417e-01,2.231882629086661685e-01,7.469919632008434340e-02,-3.497292011494929076e-02,nan,nan,-2.465046437998559270e-01,-1.090180676008598026e-01,nan,nan,-1.173955979901771252e-01,-2.868759726930666387e-01,2.126346127321697144e-01,-3.212981173956946934e-01,nan,nan,-1.983062256397685186e-01,-3.015099041222260023e-01,nan
-3.819305201868878896e-01,nan,-2.776274400922252861e-01,-3.156524917111663830e-01,nan,-3.485550029003638972e-01,-1.749790708683636176e-01,nan,-3.053917582405673015e-01,-4.114182529872780769e-01,nan,-3.531396168629729049e-01,-3.470036098595129515e-01,-3.496311578556468014e-01,-3.171512303607055827e-01,-3.071828620434728929e-01,nan,-3.485526445349997893e-01,-3.963551237298377217e-01,-2.888835105170701745e-01,nan
nan,nan,-3.541314173827155853e-01,-3.392139119250425772e-01,nan,-4.310592988118258639e-02,-1.125529824228898579e-01,nan,nan,-3.037963452399881081e-01,nan,nan,nan,-2.228034055480305753e-01,-1.047174776075764924e-01,-3.128646458162553934e-01,-3.493668480211298277e-01,-3.384434797063918809e-01,nan,nan,-3.502597921025291106e-01
nan,-2.691335975033438688e-01,nan,-3.586003112198412612e-01,-2.933905186132890197e-01,nan,nan,nan,-3.516488618470912098e-01,-2.979353818914476371e-01,-1.069607868040680643e-01,-1.563579545515881852e-01,-1.864033083483345177e-01,nan,2.213332978384194294e-01,nan,nan,nan,nan,-3.427092321526472585e-01,nan
-2.658385824637145012e-01,-3.117239959890416579e-01,-3.318661229657567935e-01,-4.695359520380268936e-01,nan,-2.432079731703460368e-01,-3.066941390119978239e-01,-3.102357118358087806e-01,nan,-2.721414079153233745e-01,-2.884847052731370765e-01,-2.523910960572446349e-01,5.718593811615357847e-02,-1.792437356521784375e-01,nan,-2.577528076107058475e-01,-2.335248397580892421e-01,-2.809503647731270704e-01,-3.064349345681217640e-01,-2.851772830029815076e-01,-4.181673878586268378e-01
-5.986183379983969766e-02,nan,-1.466692372383995302e-01,2.020999602387457128e-01,-1.186725234439084398e-01,nan,-9.547791351001272409e-02,1.119272415032798729e-01,nan,1.131147250665325288e-01,6.118292834344101622e-02,-6.158115748956435875e-02,-1.524695050625953230e-01,-2.538349392377620140e-01,-2.329254605530065581e-01,-2.656012592096916869e-01,-7.665328856984393591e-02,-2.301365619619155645e-01,nan,-3.042313811355453756e-01,-3.520440180453338064e-01
2.355714136080781507e-01,nan,nan,nan,nan,1.940241542052086043e-01,8.346914148396222810e-03,nan,nan,2.640659578467231539e-01,9.174265878362061755e-02,nan,-8.196725734071669267e-02,nan,9.473903170897593484e-03,nan,nan,-5.124546650622685551e-02,nan,1.653795753083641129e-01,nan
nan,nan,nan,nan,nan,nan,nan,nan,nan,nan,nan,nan,-4.175340837835546104e-01,nan,nan,nan,nan,nan,nan,nan,nan
nan,nan,-8.526288452133556905e-02,nan,-7.761124244685446705e-02,1.385706942381018658e-01,nan,nan,-8.008157310655006356e-02,1.653759973472637701e-02,nan,nan,-1.115825622202905043e-01,nan,-1.177359894816407127e-01,nan,nan,nan,2.187191090364212775e-01,nan,nan
2.015165677183204385e-01,nan,1.894373169368040732e-01,1.594049302395319778e-01,nan,4.207266933688772609e-02,-1.309723210814677796e-01,-1.589231146219142743e-01,2.298521889370590543e-01,3.482131818840722426e-02,1.706798053556131400e-01,3.748345971675203642e-02,nan,-2.249931264693610933e-02,nan,nan,nan,-7.276867726911012690e-02,-6.425548602463962422e-02,-3.043304153520079991e-01,-4.439290812082310467e-01
nan,-3.395938134086734506e-01,-3.943395228722189616e-01,nan,-2.942190908786900261e-01,nan,-8.571289766370748797e-02,nan,-2.600265531880402436e-01,-4.889523174815549322e-02,nan,4.986240526966699560e-02,1.842681373047214410e-01,-1.226972482742274551e-01,7.965851426970654847e-02,-1.551145506387367479e-01,nan,-1.750651555194456810e-01,-2.616611980476390986e-01,nan,-3.298830963545692496e-01
1.741709129139554779e-01,nan,8.980314685642187822e-02,-3.475932467244802204e-01,-1.806990748433244254e-01,nan,-2.169125615761035020e-01,-2.246899011328407081e-01,-3.598741611885580838e-02,-4.567491004767237905e-02,8.233638329135367639e-02,nan,-1.109009632748710339e-01,-1.608635093085157841e-01,nan,nan,nan,-7.789628134193365971e-02,-3.161189416979157674e-01,-3.513093464149620315e-01,nan
-3.178079815228996852e-01,-3.622367975778569837e-01,-3.178304497398316553e-01,-3.874841695610455883e-01,-3.113295124305534012e-01,-2.083920783042531033e-01,-2.023657804437410390e-01,-3.406512710292872725e-01,-2.356431640527949511e-01,-3.473586122158006662e-01,-2.455635746684925458e-01,-2.643946754388570852e-01,6.225778523805526599e-02,3.291559370697830916e-02,nan,-4.155857240489849724e-01,nan,-3.216056289359784381e-01,-3.303445373439305444e-01,-3.591625320955854628e-01,nan
nan,-3.647287215206823641e-01,-3.039841968869798627e-01,-4.025779609091786337e-01,-3.613172793136216754e-01,nan,nan,-2.460670817458551207e-01,nan,-1.248830572700334596e-01,-2.945203386117404287e-01,nan,-4.312233651732094719e-01,-3.326006679784475617e-01,-3.354567953235160216e-01,nan,nan,-3.113236492534032784e-01,1.457919827732548079e-01,-3.310720987613068322e-01,-3.398221873219606781e-01
-2.078828443467201081e-01,-2.660313299546429588e-01,nan,nan,-3.187049223496516426e-01,-3.236219163353555306e-01,nan,-4.133940385452647970e-01,nan,-4.356251635207404327e-01,-2.679446525082399555e-01,nan,-1.005117591776789054e-01,-3.235566657809484381e-01,-3.375717442148414849e-01,-3.455795751540839955e-01,-3.166312380379524560e-01,-3.726494385461717185e-01,-3.801028828725493414e-01,nan,nan
nan,-3.509163431591938442e-01,-3.297585586839600902e-01,nan,nan,nan,-2.114264976271994501e-01,-3.369841729961141619e-01,-2.902196292202767758e-01,-3.085142997098709872e-01,-3.767334147718651716e-01,-2.711834491302732575e-01,nan,-3.129545684867692801e-01,nan,nan,nan,-3.403922402653961621e-01,-3.174407875480770302e-01,-3.257106354030405715e-01,nan
-2.782963689765017845e-01,-3.104910767055472087e-01,-3.423381893734815939e-01,-3.498118575981635781e-01,-3.014331563682498549e-01,nan,-3.097534941746390436e-01,-3.074326317078818205e-01,-3.519378439143650006e-01,-3.520146110368399528e-01,-4.264909545961834691e-01,-3.294636983024206156e-01,-3.579912879458964081e-01,-3.245766636024564056e-01,-3.823870632327468488e-01,-2.791914859803987792e-01,-2.497675946748054709e-01,nan,nan,-2.590812669398825374e-01,-3.415734929289973021e-01
nan,-3.510862128107324898e-01,-3.394256920921251419e-01,nan,-3.394953103577483811e-01,nan,-1.410774423507850650e-01,nan,-3.303676439557050593e-01,-2.871207240499892288e-01,nan,-2.721677239671879134e-01,-2.979069148089315000e-01,nan,-3.130774960264678386e-01,nan,nan,-2.631877365746237984e-01,-2.757556374993703763e-01,-3.540809041448043093e-01,-3.838610982690859874e-01
-4.816837470422379308e-01,nan,-3.576333823697606107e-01,-3.306729891214019723e-01,-2.690414348211197515e-01,nan,-1.805670596142701090e-01,-3.225226696447256458e-01,-2.795942288607212722e-01,-4.888136539657858548e-02,-6.645828879792350929e-02,nan,-3.628133567863531805e-01,-3.146901797076864238e-01,-3.195211057307457692e-01,nan,nan,-3.024642912457072841e-01,-2.779952436095053381e-01,nan,-2.501457801552346982e-01
-3.393690536389140089e-01,nan,nan,-3.206359400437897023e-01,-2.809687198724037938e-01,-2.908463086137850206e-01,nan,-3.141672683503389241e-01,-2.115895207486169216e-01,nan,-2.754422430269459765e-01,-3.142633816567058647e-01,nan,-2.919478757027338389e-01,-2.426500740155187463e-01,-2.666596058934244118e-01,-2.827836236860884478e-01,-2.982810602297985003e-01,-3.498306558409510769e-01,-3.029161788014479439e-01,-3.380814570812480380e-01
1.020407047307205217e-01,9.272066805128911238e-01,6.867869991217576686e-01,1.497773405236259847e-01,nan,1.468016067244347633e-01,2.944611202297631181e-01,2.168746589363070298e-01,6.054307848749546084e-01,2.109492702125435604e-01,5.750493044370252882e-03,nan,2.963072247982303370e-02,nan,4.897794925375336533e-02,3.059188152246424819e-01,nan,4.367848660742547073e-01,2.378099337398970753e-02,4.815876832770963345e-01,nan
nan,nan,-3.259267804391557943e-01,nan,nan,nan,nan,nan,nan,-1.058093116873706219e-01,nan,nan,nan,nan,2.372614356623294340e-01,nan,nan,nan,nan,nan,nan
-9.158291823879960436e-02,nan,-8.358379217375128123e-02,-3.702981989900963611e-02,nan,-6.818971778567761710e-02,nan,nan,-1.087577242609069628e-02,-4.504222824184037077e-02,nan,nan,-1.854788602964488886e-01,-1.216091562094633871e-01,nan,nan,nan,-1.924393855715826329e-01,-3.305096313109796569e-01,1.230323777092368065e-02,nan
nan,nan,nan,nan,nan,nan,nan,nan,nan,nan,-1.413869352067165241e-03,nan,-1.002900353304546077e-01,nan,-5.759728623297338812e-02,nan,nan,nan,nan,nan,nan
-1.150502273495256356e-01,-1.626573409336975473e-01,-1.519580878371372679e-01,nan,1.041303700752144179e-04,-9.690398813479628171e-02,-1.066844529952560294e-01,nan,-3.368551581382450699e-02,-3.700052776302531488e-02,3.809041105171997316e-02,-1.355855138988482089e-01,-1.490341297846839441e-01,-1.851611193819758805e-01,nan,nan,nan,nan,5.150996304195842868e-01,-3.626200662212478720e-01,-3.687854925664038053e-01
-6.688823242353936216e-02,-2.224215818364325692e-01,-1.866526581935833984e-01,-1.167869703819283123e-01,nan,nan,-4.142295979426266483e-02,-5.868922805480361604e-02,9.068989121549186905e-03,-8.108356901133528805e-02,nan,6.294225671135608713e-02,6.396384262446017099e-02,-1.031611810623255243e-01,3.523022607010982687e-01,-2.809847528927769678e-02,nan,2.860777794770875265e-02,nan,-1.942402977040012524e-01,-3.634593213204396767e-01
-3.013614628084055891e-01,-3.151444060427522897e-01,-3.289255272729133539e-01,-3.082575075946760723e-01,-3.010516864657324376e-01,-2.883944726625395916e-01,-2.969959327977239605e-01,-3.778715251662911889e-01,nan,-2.907559471900281745e-01,-3.036717258313366141e-01,-3.215982411526123741e-01,-2.970979173553499608e-01,-3.080094673188773502e-01,-3.112394364198184382e-01,-2.507713814780094808e-01,-3.495708073336900590e-01,nan,-3.172790334309263383e-01,-2.923522454649563063e-01,-3.873101689407538739e-01
7.345618642043638680e-02,-1.849599516518700693e-01,-5.440721172527773764e-02,-1.593628786743242487e-01,-7.355577709130128872e-02,8.154745584166536720e-02,8.430469932987144643e-02,-1.232990168061138259e-01,3.343445210319519190e-02,-9.062266356286285962e-02,nan,-1.497963749900169672e-01,2.910120770569083470e-01,6.114519600210435030e-02,1.476350051822127862e-01,2.847237152250010200e-02,1.488256757183976653e-01,6.888790179148959747e-02,-2.340925509548286154e-01,-3.016092715892836340e-01,-3.451722308305792408e-01
-2.843521122845340532e-01,-3.106321121367325855e-01,-3.135065420285195747e-01,-2.912648885282409505e-01,-2.633145746053728864e-01,-2.033544370589715489e-02,-8.417416606901234610e-02,-2.687561797854413070e-01,-2.070411022390987732e-01,-1.600042990723821723e-01,-1.794003980318527591e-01,nan,-2.172250354514463355e-01,-2.154946466228188084e-01,-1.512689610452866429e-01,-2.435459106089542525e-01,-2.887907228775586921e-01,-3.318737706082536265e-01,-2.151618121286710261e-01,-1.547793576933165771e-01,-3.183108661150599872e-01
1.442309327783240780e-02,1.361822266919028857e-01,nan,-1.045613746773749742e-01,-1.065689660025407326e-01,-7.259537543905089652e-02,-1.163949070115549711e-01,2.448755857542947445e-02,3.980595069724920942e-02,3.831770379214082256e-01,4.718009902360154051e-02,7.389811785642602660e-04,-1.831555392784856018e-01,-1.357714970798422627e-01,-1.691431567194237595e-01,-2.068367307323270010e-01,-1.420768921087193215e-01,-1.543860406194582091e-01,1.458347590630712787e-01,9.473464300234429869e-02,-3.392545158715550846e-01
3.440104146344354075e-02,-1.161331754783103132e-01,-1.583240185409573453e-02,-7.808452480818661723e-02,1.555039587523576738e-01,-9.714949012238793813e-03,-1.387093838381545097e-02,-6.281118168458438289e-02,nan,1.879506914888168234e-02,-4.986993079306820120e-02,1.235431316243115751e-01,3.438124574927487603e-02,-8.000905067740288201e-03,6.816094184212928564e-02,nan,nan,1.056890282918357404e-02,-8.945005532370037260e-02,2.889409138200120797e-01,-3.606007887228309672e-01
nan,-2.562606104068760882e-01,-2.750974332390977439e-01,-2.727768679753841963e-02,-1.656066362697843908e-01,nan,-2.606826458632950372e-01,-7.378263767114212612e-02,-8.638290153714761610e-02,-7.428617212410268400e-02,-1.571040517614189502e-01,-2.053177777053128983e-01,-2.423936660631899054e-01,-3.465832570580924532e-01,-2.515981460450847917e-01,nan,nan,-1.802152313730714384e-01,nan,-1.212860709654028368e-01,nan
-2.046294883957858746e-01,-2.393896427461704723e-01,-2.384237755975600059e-01,-7.863889245465571776e-02,-2.340365309800449545e-01,-3.867234147448991854e-02,-1.084162785634784076e-01,-4.518854189526469445e-02,-7.024449610097360797e-02,5.657981935385076877e-01,nan,nan,-2.475287114529383103e-01,-1.843260830426447505e-01,-2.020281299632908922e-01,-9.543907088620262602e-02,-1.224956258324381153e-01,-1.661463894315474699e-01,4.966341019043916949e-02,-3.057448135476277251e-01,-3.888744743637057022e-01
-1.400772150351092815e-01,nan,-2.224851114940792907e-02,-2.625361046334752091e-01,nan,6.493058969178647222e-02,1.927186805981823958e-01,-3.339583921676110290e-01,nan,-2.094361581451844589e-01,-2.780140130168479162e-02,-4.531753153991560645e-02,4.888197377131309196e-01,3.116416080845991754e-01,2.848419918053502475e-01,2.727674232963073209e-01,1.013181036928654799e-01,-2.991419510313050312e-01,-2.507881494545227685e-01,7.481106999931728119e-01,-4.148743390722630098e-01
-3.379402146546188757e-01,-2.797172035481028107e-01,-3.322759009121044604e-01,-3.247922639874530892e-01,-3.498550441298352576e-01,-2.075191051197335934e-01,-2.017400499894930754e-01,-3.595745819384731368e-01,-3.664054322060944502e-01,-3.197190101975948551e-01,-3.229195335460137706e-01,-2.783912505308188123e-01,-1.059701329712929296e-01,-1.874907868966245172e-01,-1.663031906441715391e-01,nan,-1.817782425141601377e-01,-2.995985555554330215e-01,-3.222256080724904548e-01,-3.286617319400694237e-01,-3.853700465350917703e-01
-3.464938421315763017e-01,nan,nan,nan,nan,nan,nan,-3.519704800147535062e-01,nan,-3.621943035700945224e-01,-3.535453008682011289e-01,nan,nan,-3.604528555564621151e-01,nan,-3.319561903761939492e-01,nan,-2.151962231672274184e-01,nan,nan,nan
-4.205802333741149868e-01,-3.388751305457838869e-01,nan,-4.324180825779270210e-01,nan,nan,nan,-4.821982969863934931e-01,nan,-2.930763824801593254e-01,-2.490639690216158719e-01,5.801969289740283725e-02,nan,-1.667249372190449108e-02,3.525877080576231837e-01,6.923391055874558719e-02,nan,9.253959720498217134e-02,-2.734731661212130849e-01,-2.346797824139932320e-01,nan
-2.668237451100988755e-01,nan,-2.955329268938297615e-02,-2.951628224929737643e-01,nan,nan,-1.047695934430435405e-01,-2.674628113002039953e-01,-3.320519202630679567e-01,nan,nan,-1.662249167590686971e-01,nan,nan,nan,-3.048264696176914423e-01,-4.022539188587401782e-01,-3.215818751964713007e-01,-2.737004627442288784e-01,nan,nan
-3.129827157132704096e-01,-3.080326382398281826e-01,-3.160799071198114873e-01,-3.011481581458383960e-01,-3.517218724737782853e-01,-2.950972942479486161e-01,-3.599150675883835415e-01,-3.189728313218620492e-01,-2.876011713868785735e-01,-3.028354861107600549e-01,-3.217426497456056245e-01,-2.965087596755731081e-01,-3.564289080432556656e-01,-3.455779018473257302e-01,-3.371173342871065515e-01,-2.493935617267268867e-01,nan,-2.708507828096967662e-01,-3.267374761977529518e-01,-3.490445337401264503e-01,-3.667900359266528243e-01
-3.045985063173332064e-01,-3.616032346758777383e-01,-3.543466562326168523e-01,-3.166872521470761592e-01,-3.180770522419557045e-01,-3.065372273153749161e-01,-3.292592209030237305e-01,-3.252388721194632293e-01,-3.420007469030063030e-01,-2.048496716170080667e-01,nan,-3.206109652769563167e-01,-3.358192545674349994e-01,-3.083144777528162850e-01,-2.955499294030298207e-01,-3.632355022708551040e-01,-3.373990340339680927e-01,-3.433998821630800391e-01,-3.167781839550707357e-01,-3.208210330686226408e-01,-3.772173797350677482e-01
-3.580361503543708634e-01,-1.899772315077216112e-01,-3.114121130895751710e-01,-3.010942438024782897e-02,-2.038119139283979808e-01,-4.875156698709021130e-02,-3.025685751397173551e-01,-3.401830747215182082e-01,-3.289753491843270261e-01,1.261367022545345773e-01,-3.594112093635666305e-01,nan,-3.714599623963036334e-01,-3.472757201287143269e-01,-3.389003068446847511e-01,-3.129227639748788370e-01,-3.316183002425122650e-01,-2.754340049782298960e-01,4.631286488592736839e-02,5.582660884753545272e-01,-3.808463760146293398e-01
-1.113009961522018476e-01,-2.134889084568538098e-01,5.197078954196727996e-02,-3.459873605213537040e-01,-2.278018776485097874e-01,-1.821336641354291963e-01,-1.083536434928794590e-01,nan,nan,9.125538211681263889e-02,-1.485327326512004276e-01,-1.361762143046827411e-01,-3.785604076360724046e-02,-1.227689784900052872e-01,-7.483860370592695932e-02,-1.329922248475152169e-01,nan,-1.407364919018391225e-01,-1.535106777611692785e-01,nan,nan
-3.784845202302498102e-01,nan,nan,nan,nan,nan,nan,nan,nan,nan,-3.614536571119685293e-01,nan,nan,-3.115965942386444976e-01,-3.685574613796319676e-01,-3.416935170180389614e-01,nan,-2.981640878668868622e-01,-2.728696601017136514e-01,nan,nan
nan,nan,nan,nan,nan,nan,nan,nan,nan,nan,nan,nan,nan,nan,-2.203071015913879993e-01,nan,nan,nan,nan,nan,nan
nan,-3.753283757122651831e-01,-2.235243811053750917e-01,nan,nan,-1.033962748505592999e-01,nan,nan,nan,nan,-5.591248607066259813e-02,nan,-3.586561219416395385e-01,-2.114569993328714315e-01,-2.505041684160571602e-01,nan,nan,nan,3.087421300820615833e-01,nan,nan
nan,-1.422504600077167947e-02,-2.338900416052650533e-01,nan,nan,nan,4.708356112687957229e-02,4.294887489784976475e-02,-8.310096913861431123e-02,-1.114504303545236219e-01,nan,-1.667971777720092530e-02,nan,nan,-9.241628145732716515e-02,nan,1.017522513434875042e-01,nan,4.002668114338650551e-03,nan,nan
-5.943064452716642632e-02,-1.304562367919245847e-02,6.893159156832893986e-02,-6.152397307549692385e-02,-4.629529544697522092e-02,-3.266813711027644063e-02,2.259693341626785312e-02,-4.761271151643386990e-02,2.691095302934520123e-02,-6.698466385257317857e-02,7.301410300502686468e-03,-1.091165685696203203e-01,-8.696884260969017788e-02,-8.779704977956559464e-02,-7.199053304320449098e-02,-4.966007571457339842e-02,6.225394266823655598e-03,nan,-4.549697634511359889e-02,-2.623414359538789320e-01,-3.422523386854571248e-01
-6.311910904786807719e-02,-2.368562123848521050e-01,-8.988935989117624592e-02,-3.447535093455456057e-01,-2.083674509483232073e-01,-9.527226657253629050e-02,-1.553694685892134664e-02,-2.055392612665400964e-01,-2.197879857990546748e-01,-1.564047585446394217e-01,-1.815536987334981922e-01,-1.406910993001508348e-01,-3.025998262973628172e-01,-1.012887951191476787e-02,-2.833081350925472641e-01,-5.338115828176426270e-02,-1.495851134503700108e-01,2.794762834074691893e-02,nan,-3.345242802922673286e-01,-3.626027255414366879e-01
-7.325661415937678722e-02,-2.378619218573899130e-02,nan,-2.641166354938058181e-01,-2.068670572292737875e-01,-4.057129449611843186e-02,-1.659636373515841479e-01,-1.985170069888156918e-01,-1.311800187613645363e-01,1.266826996972576502e-01,-2.549741414751699464e-02,-1.366596492045349387e-01,-8.779211441994316800e-02,-2.497386821819106428e-01,-1.033660166567932914e-01,-1.971618289637508958e-01,-1.305901496075705381e-01,-1.852565105648276700e-01,-1.027822144172961805e-01,-1.524767732239403761e-01,-3.114960444311304366e-01
-2.399156336699004299e-01,-3.412875480372433712e-01,-3.490167535154259371e-01,-3.079605533036731124e-01,-2.683424755330118261e-01,-1.346164289823975624e-02,-2.495791652728923671e-01,8.868597341020426073e-02,-2.087817397819670684e-01,-6.947504637858203935e-02,-1.661123054330152504e-01,-2.631743939646834507e-01,-1.334206347378865676e-01,-2.595714802039970071e-01,7.742773060068278146e-03,nan,nan,-6.483174671219416041e-02,-3.166378240294207558e-01,-2.445535339009786702e-01,-3.817866132031718651e-01
6.194425259879922374e-02,-3.803266240704744616e-02,2.896715390001475265e-02,-2.520464823575123692e-01,-1.981383918130507071e-01,3.404774212403001432e-02,9.286086454845474125e-02,-8.214321133454877133e-02,7.881330893432669793e-02,3.781970336362859564e-02,nan,-1.605788591215059902e-02,nan,6.015850195315974175e-02,3.351303791250447722e-02,nan,-1.055673785262021269e-01,2.259292099212376059e-01,-1.696352956627222852e-02,-2.867875776655954834e-01,-3.581742117009913962e-01
5.569205987372950473e-01,6.236556413690728107e-01,3.453123543325055111e-01,1.174104310561843445e-01,1.860511200298309020e-01,1.295244965102853030e-01,1.694398591795246434e-01,1.030157565406993880e-01,2.301078063615984437e-01,2.053237160521211302e-01,2.168992815880799174e-01,4.219679257545925211e-01,nan,8.617859135155594985e-02,3.067028278621085624e-01,5.347558085713289416e-02,nan,4.371718253340306504e-01,1.432100201491328662e-01,5.237092361480840674e-01,-3.880714553033876024e-01
7.336864269414460071e-02,nan,3.837294684327139521e-02,2.963431419558380103e-02,-3.617698761508189587e-02,-3.804527302446070181e-03,-5.993701195981251950e-02,9.685053067612287014e-02,9.786755785805553720e-02,9.725476807351648989e-02,1.761832198030550967e-01,1.070628959161441240e-01,-2.444420450591567873e-01,-5.843860709793688435e-02,-1.465463757922367272e-01,8.379302938928939737e-03,3.051087761512894653e-02,4.095440141554557850e-02,1.588282325455893651e-01,-8.319429782843335008e-03,-4.007967282799226316e-01
nan,nan,-4.079043385285600065e-01,nan,nan,nan,nan,nan,nan,nan,nan,nan,-2.244822079040402762e-01,-2.599860068866199914e-01,-3.517561668718830470e-01,nan,nan,-2.201155979073415869e-01,nan,-3.201365930797599457e-01,nan
-3.371425482573842114e-01,-3.015507336888550993e-01,-3.093221503995594590e-01,nan,-1.033692724592938372e-01,nan,-3.043361790237720799e-01,-3.417557446003344213e-01,nan,-3.249294481281128633e-01,-3.499840388531441082e-01,-3.146775721004799742e-01,-3.227653342008095505e-01,-3.649801769327697398e-01,-3.324796525192073027e-01,nan,nan,-3.020002085966633221e-01,-3.181315734739301737e-01,-3.248573669702532474e-01,-2.956311717828372654e-01
nan,nan,-1.647349244237628074e-01,nan,nan,nan,nan,nan,nan,nan,-6.481562844933477785e-02,nan,1.095335375135783884e-01,-1.211133571619809612e-01,nan,-3.339607520449737743e-01,nan,-4.438133847611935856e-02,-9.532395476658178657e-02,nan,nan
-1.953186140358895706e-01,-3.753221749772687188e-01,-3.592605403350159765e-01,-3.729264506702135717e-01,-3.480359401702460831e-01,-3.314964988377093746e-01,-3.353455547431293260e-01,nan,-3.297829011294285406e-01,-3.149597314211469712e-01,-2.478495366351977092e-01,-3.339994009589604129e-01,nan,-3.290883677982092692e-01,-3.490840897554315925e-01,-3.448584191267964338e-02,nan,1.654678225119797508e-02,-3.430953713240058045e-01,-3.285973267824929822e-01,-3.030512498845842062e-01
-3.316815369477027486e-01,-3.277605251371481510e-01,-3.215169389906015196e-01,-3.292071884945877436e-01,-3.197585533364333266e-01,-2.159174495841511554e-01,3.522394220859910441e-02,-3.673398710074263773e-01,-2.526783841160286093e-01,nan,-5.132278820079694270e-02,-2.022149455356526127e-01,-2.214639756311016505e-01,-3.273402669901314122e-01,-3.247047862415524122e-01,-3.035259973440813663e-01,nan,-3.210822799048076437e-01,-1.746248805818585437e-01,-3.292680846575751774e-01,-3.634204442746223895e-01
-3.118355725622303787e-01,-3.113859577044368887e-01,-3.174531477176953942e-01,-3.443176012040295442e-01,-3.352481112429611665e-01,-1.261547921933578453e-01,9.746936390429852826e-03,-3.521190233190144570e-01,-3.451494649718905849e-01,-3.029511198469506672e-01,-3.066281743751370081e-01,-1.558996035804711688e-01,nan,-2.491867184836793481e-02,-1.969103340881138697e-01,nan,-5.193051157853365019e-02,nan,-3.479571802970842231e-01,-3.361972516420819179e-01,-3.715110097332338102e-01
nan,-2.532010451181850863e-01,nan,nan,nan,nan,nan,-3.256840383933494731e-01,nan,nan,nan,nan,-4.160746384699455236e-01,nan,nan,nan,nan,nan,nan,nan,nan
-2.594430873375915825e-01,-2.963283144287478521e-01,-3.242190268968102584e-01,nan,nan,2.394730725828637663e-01,-1.741288702589176562e-01,nan,-3.095823924518008585e-01,-3.319553446812791853e-01,-1.005706001773504221e-01,-3.174965391383325342e-01,nan,-1.835627155605725758e-01,2.343746939420817549e-02,-2.619543833527798737e-01,-2.770513985960989523e-01,2.849718641666391106e-01,nan,-3.583828639255713933e-01,nan
-2.974004917407120363e-01,-3.140707182020231469e-01,-3.454527258211202989e-01,-3.559045896480169668e-01,-3.181659638225925457e-01,-1.081852131151521124e-01,-5.135542905185366824e-02,-3.230781161347292540e-01,-1.923978227327935997e-01,-2.332949412064503347e-01,-2.021196749863030662e-01,-1.809162161676701186e-01,-1.662802466687817726e-01,nan,-6.798902525362079952e-02,-8.031329345840726441e-02,-1.559697455579074354e-01,-1.345803632535980121e-01,-2.874164894757922362e-01,-3.257971196689531945e-01,-3.985856529332072462e-01
-3.001577990540402752e-01,-3.112514692904765345e-01,-3.397254301286701805e-01,-3.393842809407527916e-01,-3.492334544381646699e-01,2.884931316525900236e-02,-6.709802061042516308e-02,-2.968555782533862653e-01,-2.512543723183724431e-01,-2.383870094453895971e-01,-1.495254888151812400e-01,-6.254768525187703876e-02,4.672077911016605384e-02,nan,-4.496161818943933408e-02,-5.398398101833268292e-02,-2.281309010860355091e-01,-2.767087622524336821e-01,-2.636649630918996845e-01,-3.378093354202371668e-01,-4.098941551219943413e-01
3.385082414845139720e-01,-2.290808855371346819e-01,-7.486908045950690926e-02,-1.065770854092827347e-01,-1.062164485801176950e-01,1.520495341011598445e-01,4.158249473397649387e-01,2.501419299347895642e-01,6.537349231594383192e-02,8.146912745970891212e-02,nan,1.214780771150642258e-01,7.322863174197594138e-02,1.317845103188577671e-01,4.107510628726936119e-02,nan,nan,nan,-6.969917641210635062e-02,-3.256405538018478651e-01,-3.806588825321112202e-01
nan,nan,-2.927013847167317939e-01,nan,nan,-3.722875627419455213e-01,-3.995659237044715262e-01,nan,-3.702902870964187576e-01,-3.345012853129345487e-01,-2.919274452235969264e-01,nan,nan,-3.651626590255372395e-01,-3.548066193239307609e-01,-4.099093975664968026e-01,nan,nan,-2.911699108155950677e-01,-3.969757163423567325e-01,nan
nan,nan,nan,nan,-2.846468356764894070e-01,nan,nan,-2.934570505047835454e-01,nan,-1.939853393328027087e-01,-1.632716659311734264e-01,-8.492795356879478952e-02,-5.753835356066697160e-02,nan,-8.894840138231374649e-02,1.092873957793299711e-01,nan,nan,nan,-3.458214660779759253e-01,-3.581364994894802312e-01
nan,nan,-1.152961448470209427e-01,-3.437635570737485047e-01,-1.693783527042314052e-01,2.307466797622430010e-01,nan,nan,-2.182950352436945352e-01,-1.138162924490154770e-01,nan,-1.457385174900238667e-02,nan,1.434008072827817060e-01,nan,nan,nan,nan,nan,nan,nan
2.496268919159156940e-01,-1.477673272953583528e-01,-2.332737045550105082e-01,-8.254849411859566111e-02,-8.865722449993246324e-02,-6.888483453262098100e-02,-8.164335819128648586e-02,-6.357935463406347298e-02,-9.094422677425217927e-03,-2.909941767816409675e-02,nan,-6.974435240887930099e-02,-1.827651898328607749e-01,2.099187546945806282e-02,-1.446002003856008411e-01,1.382058722951093332e-03,-1.480640409822127079e-01,1.483994748552560916e-01,-2.910273074907571145e-02,-2.987686257106566545e-01,-3.130572896984600284e-01
-1.054388502771452796e-01,nan,-3.497918342348785292e-02,nan,nan,nan,nan,nan,nan,nan,nan,-6.069954782585482156e-02,nan,nan,-8.322400624597903196e-02,nan,nan,nan,nan,nan,nan
nan,nan,nan,nan,nan,nan,nan,nan,nan,-2.944245276599010142e-01,nan,nan,nan,nan,nan,nan,nan,nan,nan,nan,nan
-6.115667992204670833e-02,-7.252668762935146618e-02,nan,-2.539150881694313133e-01,nan,3.318986319876881391e-02,-7.376689728050281336e-02,nan,2.317757181822139440e-02,4.396777666515556265e-02,7.773070304402190933e-02,-1.188907088197163620e-02,nan,-2.385416234800369351e-02,5.890316094829078919e-02,-1.021684877120016544e-01,nan,nan,-1.236458718207766871e-03,-3.498066883906966185e-01,-3.663927893308855932e-01
2.693977040278608404e-01,nan,2.482283560771319508e-01,2.448171987573961872e-02,3.145550541102896946e-02,1.344064713059327232e-01,3.371135371820496163e-01,1.635266628131329947e-01,nan,3.203241664437918024e-01,3.263887942349749105e-01,1.364024340613701203e-01,9.286156599009484647e-02,7.630541515946043241e-02,nan,3.548624132854476254e-02,-3.944935431483659327e-02,6.192999353914595273e-02,1.653723390273168226e-01,3.167742459342307026e-02,nan
-3.467592509599666251e-01,nan,-3.666771418827361462e-01,-3.605298573541640961e-01,-3.643061351161892558e-01,-2.661697647721819049e-01,-2.125750023460207250e-01,-3.692559085955887666e-01,-3.542013656060065685e-01,-3.483004209512933214e-01,-2.303126627850600183e-01,-2.667188344643635078e-01,-1.994314296848983536e-01,-1.822161598329315457e-01,-9.385413271293568949e-02,-3.223407929106408831e-01,-3.842099831791868647e-01,-3.227851353961286307e-01,-3.900553842983174313e-01,nan,-3.397038666737705048e-01
nan,nan,nan,nan,nan,nan,nan,nan,nan,nan,nan,nan,nan,-3.067020795376010911e-01,nan,nan,nan,nan,-3.527156725883547894e-01,nan,nan
-1.368687437084989966e-01,-1.584120646510450148e-01,-2.064200954583493841e-01,-1.382271569126594657e-01,-1.054378464032098561e-01,2.138669573712093791e-02,-5.886166484411436972e-02,-1.412191824078186109e-01,-5.202715042582325977e-02,-3.955060347357647332e-02,-1.276836143798844581e-01,5.331708847438809684e-02,-1.597292099618799477e-01,-6.553892939500627346e-02,-2.693992230228481333e-02,-1.068826024628931615e-01,nan,-4.108468990750571148e-01,-4.154856186314764832e-02,nan,-2.683956019699879070e-01
nan,nan,nan,2.016405523979575981e-02,nan,2.332196746695344158e-01,nan,nan,nan,nan,8.671362442633481771e-02,3.344518775374963337e-02,nan,nan,-1.610075670921143898e-01,nan,nan,6.339040121873276701e-02,nan,nan,nan
-8.474774526792711038e-02,nan,-1.240632253162134435e-01,-2.562731508171083306e-01,-1.766731823242799759e-01,-3.951771378712315430e-02,nan,nan,-5.887886192817720632e-02,-9.138333411386201366e-02,-9.556545325803811330e-02,-5.808849947391983570e-02,-1.141177371760122572e-01,-1.084430421369741993e-02,-1.364647780464266491e-01,-5.350872615827298451e-02,nan,-4.494616891515645918e-02,-2.609596433049308217e-01,-2.561185229582664258e-01,-3.334803194309743368e-01
nan,-1.644676229802525813e-01,-2.377542655890160783e-02,2.291882820568363344e-01,4.893568722677404947e-02,1.988684116915887257e-01,-1.395160485701479880e-02,nan,1.400925334058074068e-01,2.744573441785684853e-01,nan,1.463088489583122820e-01,nan,-5.265614746995558870e-02,nan,-5.137975961779406298e-02,-9.379038030942005166e-02,nan,5.199537650240203535e-01,-1.941824721292543243e-01,-3.364803945084321457e-01
6.371846358585522840e-03,-7.236702511280473926e-03,-1.950906651595351593e-01,-3.423273649407284625e-01,-3.081415692559250630e-01,-3.011025611451486617e-01,-1.240170929270528744e-01,nan,-1.335759179353513404e-01,-2.281768207673664506e-01,-1.790063372698726951e-01,-1.826341121136679790e-01,-6.768934757348690767e-02,-1.491604057145297646e-01,-2.559191318366217383e-01,-2.619199642303950970e-01,-3.187675073255699099e-01,-2.244763828575040421e-01,-1.421848841874638336e-01,-8.388046237650387260e-02,-3.591780537201516577e-01
7.602159058847923756e-02,nan,nan,-1.759481561102448910e-01,-2.228490718939001303e-01,3.502736078242517370e-02,1.602735683294290447e-01,nan,3.078214461245162292e-01,1.762276985208157676e-01,1.476032976509372152e-01,2.863425364947486118e-02,-6.138437368626226132e-02,1.857517038942655685e-01,1.129851621304035492e-01,1.876785261062186294e-01,nan,1.903356820146476502e-01,3.274486055186260486e-02,1.442332518665347951e-01,-3.956080548299933941e-01
nan,nan,nan,nan,nan,nan,nan,nan,nan,nan,4.560929961479821826e-02,nan,nan,-1.214978453487569054e-01,nan,nan,nan,nan,-1.090735054627420819e-01,nan,nan
nan,nan,-2.984605761577682204e-01,-3.446449096354036179e-01,nan,nan,nan,nan,nan,nan,nan,nan,1.359977245184014749e-01,nan,nan,nan,-1.338261630842637051e-01,nan,nan,nan,nan
nan,nan,nan,nan,nan,nan,nan,nan,nan,-9.983586008740336082e-02,nan,nan,nan,nan,-1.004020010120483808e-01,nan,nan,1.258363124178125125e-01,nan,nan,nan
7.446899271859405700e-02,3.854841335792802415e-02,5.551685978637127539e-02,2.768579947107025485e-01,2.651357995899843167e-02,nan,2.433858497236775498e-01,4.368537779742410337e-02,nan,1.054108905041119815e-01,1.604082204631025743e-02,9.403115358707372917e-02,3.652413449465572448e-01,3.219376823263360166e-01,2.565919787320301571e-01,9.697082486752098274e-02,5.108744744492484946e-01,2.273171721598129524e-01,1.188496038195152593e-03,-1.077889340029159482e-01,-3.712111445489783002e-01
nan,-3.411271714965803392e-01,-2.511428217439796162e-01,nan,-3.094938480403892633e-01,nan,-1.317576403957783637e-01,-1.828867406923000982e-01,nan,-1.723291503530056112e-01,2.572897940276431261e-01,-2.402796145667809857e-03,1.741119000761414404e-01,-5.549458533718570896e-02,nan,nan,nan,-2.070482252657977473e-01,-2.949860087519597940e-01,nan,nan
1.089051811235565714e-01,1.536050489280773867e-01,-5.979807828314856466e-02,-6.697217590870663262e-03,nan,4.327535435676572312e-02,-1.466645349583461932e-01,2.228703116412419222e-02,-1.803253622357053887e-02,1.082522013593767152e-01,-3.567110497889666720e-02,-3.513133648891617056e-02,-8.930658541817260154e-02,-1.057775157293452395e-01,-9.631046650580044055e-02,5.608489269170091607e-02,nan,9.009416090482078032e-02,-1.196319313559289776e-01,9.037898309570269184e-02,-3.535868141542070076e-01
1.135145507940812093e-01,-5.243134758080741920e-02,nan,-3.443177015363407811e-02,1.046612303693303381e-02,8.042811542606961850e-02,9.199136490963114032e-02,-1.714549795175017155e-01,-1.923550663755213552e-03,-6.514505009606791353e-03,4.638025099332504508e-03,3.481241441887375498e-02,1.362583573702130790e-01,1.754087798916290075e-02,2.143251539267680000e-02,3.016741011718000395e-02,nan,1.202472390991251028e-01,1.472648982197594103e-03,-2.339662925704473206e-01,-2.801309916010246148e-01
-1.328697234076959832e-01,-1.953703283630178200e-01,-2.369313944325790455e-01,-8.550967241089152404e-02,-1.766713154545981324e-01,-1.583962922796542383e-01,-2.616432935966038764e-01,2.191304929259641487e-01,-2.029274500420666927e-01,-1.382080030190527831e-01,-2.488360972748170363e-01,-1.859468897965549927e-01,-3.187650816139885324e-01,-2.420377626949263838e-01,-3.266218072782737236e-01,-2.219310150435965800e-01,-2.130474553291350492e-01,-2.146903801211741403e-01,nan,-3.272532971449438888e-01,-3.338437286464509546e-01
-7.985811930052499896e-02,-1.824936087833284870e-01,-1.631112592849515708e-01,-2.324656862897759302e-01,-1.816348722517570624e-01,-1.418644817734189822e-01,-3.585477365756697954e-02,-1.286929690288532435e-01,-1.802450219300026357e-01,-2.099816399740004336e-01,-2.168401646419165774e-01,-1.223310242416812965e-01,-1.609676707390603756e-01,-5.139061964810723304e-02,-1.412702186962870865e-01,-1.504942886044877137e-02,-8.234705894598082221e-02,nan,-2.042094090219376823e-01,-3.349457761009031476e-01,-3.667838451528427912e-01
1.014855730978467541e-01,4.402206181720037109e-02,nan,-3.235248168441460237e-01,-2.666501582462561526e-01,-2.784343059179575364e-02,-7.909173508775513284e-03,-1.120252443578099166e-01,1.390472556883162736e-02,-2.019764255544190812e-01,7.100329343400055282e-02,-2.141960936168271212e-01,6.540512264439792001e-02,2.259881105554861075e-02,3.770619114953398937e-02,-1.116120600215426695e-01,-2.035853807072502963e-01,-6.405153245345623914e-02,-3.051085007204831223e-01,-3.282713391273406334e-01,-3.240059576876564984e-01
-3.034333168289358174e-01,-2.516375355657715085e-01,-3.372945449498272463e-01,-2.614358058609316249e-01,-5.340393392636980097e-02,-2.145755049613622401e-01,nan,nan,-1.139501159539940134e-01,-1.365204744137361037e-01,-1.445118135297313589e-01,-1.939919132069663488e-01,1.113689600498034005e-01,4.223605244683700799e-02,-1.371239832212673981e-01,nan,-3.255348643959308230e-01,-3.320977619384685164e-01,-3.144978431090165172e-01,-8.460135250607953017e-02,-3.418279872235264749e-01
-1.238473917791151346e-01,-3.205495651811982039e-03,-2.553543586263262721e-02,-1.838761036975533614e-02,-3.381015667043885120e-02,-4.234310451836453826e-02,-7.204712023706347224e-02,2.599231435793712686e-02,-3.680240356756020459e-02,-5.604458162674325061e-03,-6.567077151190756079e-02,-3.275681880830688675e-02,-8.551646967670922805e-02,-6.867122349070178822e-02,-6.205378126530947114e-02,nan,-1.316959694243574064e-01,-1.225335064706965515e-01,-1.677951872027952374e-02,nan,-3.574158098455489929e-01
nan,6.048537962100183907e-03,2.278115758785254769e-02,nan,-1.744140953109890591e-01,nan,-2.020451298790201800e-01,nan,1.716510053336688935e-01,1.019844560083283946e-01,1.453458536271876045e-01,1.372255015917199228e-01,nan,-2.693517212285326257e-02,8.603690385370696414e-02,nan,nan,nan,-6.186976492203291600e-02,-5.133853999465914919e-02,nan
nan,-2.109471315037670935e-01,-2.418997493366571439e-01,-1.232321076373487645e-01,5.715829320580262385e-03,2.193530218750677774e-01,-1.439808424655533714e-01,-4.714046898969515009e-02,nan,-4.505271636343313735e-02,-1.705508171878424850e-01,-2.031029881666762682e-02,6.160774524286433129e-02,-6.091322766789947218e-02,-3.122972600814999389e-02,-1.060033135926292669e-01,-2.041945859734189406e-01,-2.232150612271757706e-02,-1.139567362231355685e-01,nan,nan
2.585026824662593065e-02,-1.264541337506339125e-02,-1.809217576939281535e-02,-3.323575684574037181e-02,nan,1.575373370173323573e-01,3.488570077942668851e-02,nan,nan,9.812019258305931801e-02,7.621741751325478154e-02,3.043808296155272111e-02,3.358088301444640544e-01,nan,5.102493735817323350e-03,nan,nan,1.296752737643796782e-01,-1.562881477908582561e-01,nan,-3.554072357565027929e-01
nan,nan,1.971214665494436941e-02,3.280603560644976269e-02,nan,-1.030153138544834257e-03,-2.881494298608130999e-02,-2.296894537897292699e-02,nan,-7.844410176001931356e-02,5.360989150540368398e-03,nan,-1.330833992824695389e-02,-1.874055891826351683e-01,-1.373174251230021570e-01,nan,nan,-1.436827154804554141e-02,1.493616054315633490e-01,-1.192048211919889411e-01,nan
nan,-3.298575426801869659e-01,-2.730234458695433020e-01,-2.445271165564610882e-01,nan,nan,-1.240579009210240891e-01,nan,nan,-1.428019524805234086e-01,-8.226884070081535993e-02,-9.774911223344673328e-03,-7.674776121479048863e-02,4.669315711959702575e-02,1.775582594352682897e-02,nan,nan,nan,-2.690379030363542201e-01,nan,nan
-1.534854756006592269e-01,-8.359563951469606291e-02,-1.479473393357496613e-01,-2.219123230407908931e-01,-2.269953058689182512e-01,-1.117039765419522435e-01,-1.546594004201155004e-01,-1.361111273023757895e-01,-2.120555890976476565e-01,-1.301049675319059240e-01,-1.481552009332063324e-01,-1.482970058074835618e-01,-1.623692096726795930e-01,-1.818363701148902334e-01,-1.642343180109065437e-01,-1.397454528010514951e-01,-3.190941976165785343e-01,-1.494416383363896816e-01,-2.306512273928482681e-01,nan,-3.302758760021587969e-01
nan,2.904308848832339307e-01,nan,nan,nan,nan,-6.566221953656775634e-02,1.480074099495528872e-01,nan,nan,1.823232000769456629e-01,1.125468997914445546e-01,nan,nan,-7.147095132911340798e-03,1.250673453787280176e-01,nan,9.794910490591590690e-02,8.738874580784289359e-02,9.261052653121687461e-03,-3.686749554281931740e-01
-3.002732082503506428e-01,-3.502556358098468658e-01,-3.171427666073131091e-01,nan,nan,-2.215336905326632522e-01,-1.260949679005402557e-01,nan,-2.390424928124897930e-01,-1.942247774006043426e-01,nan,3.263556870386927905e-02,-1.356281373669009915e-01,nan,-1.758472912884072037e-01,1.816671856663061579e-01,-1.820180152777079452e-01,-3.275911475838358400e-02,-2.144908363903655912e-01,-3.145250356571769323e-01,nan
nan,-2.802015044347686001e-02,1.612132444803157649e-02,-6.260976708341181585e-02,-1.095802046437321930e-01,-3.296385824048286839e-02,-7.374777733474699448e-02,-2.792168085717969261e-02,-1.731142003104430005e-02,-8.711360498908943262e-03,-1.631612565288470540e-01,1.663346361716018518e-02,-2.145826821333264300e-01,-2.011324597866534503e-01,-2.115009262988033489e-01,nan,4.049624486487519714e-01,-1.165497637516233476e-01,1.718629238167920792e-02,-3.295148457675475262e-01,-4.202442781786859261e-01
nan,nan,7.283904453728179407e-02,nan,nan,nan,nan,nan,nan,nan,nan,nan,nan,1.568718442334152974e-01,2.615690535638651865e-02,nan,nan,1.370117664718113470e-01,nan,nan,nan
nan,nan,nan,nan,nan,nan,nan,nan,nan,nan,nan,-2.363012991771260007e-02,nan,nan,nan,2.796291937014121209e-02,nan,nan,nan,-1.499734113093454391e-01,nan
-3.234473544120150534e-02,nan,-3.448510192618273740e-01,nan,-1.356355855509916997e-01,nan,nan,-1.845153312463120865e-01,-5.736046512229531213e-03,nan,nan,-1.675470618366284303e-02,6.650690775510362251e-02,-1.267387526674661480e-01,-9.571239299730216477e-02,nan,nan,nan,nan,-1.723907363883617205e-01,nan
1.736301556167604287e-01,-1.563937498817044580e-01,1.729304262745167686e-01,nan,nan,nan,2.104784931561314298e-01,nan,9.140807380417223516e-02,1.688956196463624326e-02,-8.054091286251091608e-02,7.032232610911851034e-02,nan,7.684506093982679253e-02,4.887198055363695115e-03,nan,9.557851955589255488e-02,9.559242931088693385e-02,5.463469625119571349e-02,-2.997284395246971878e-01,nan
2.215076505104733584e-02,1.337247951547109459e-01,3.910645063934515414e-02,5.250193843189406018e-02,1.487368286433948805e-02,9.321896547932911892e-02,2.681933961377197528e-04,-3.148887251030970669e-01,nan,5.799525763838552644e-02,5.343442935220038548e-02,1.579614957727990820e-01,8.272807728176692632e-03,7.388065444345348620e-02,2.977332439376265127e-02,6.937322235602799703e-02,1.512367881457677421e-01,6.798002598922475714e-02,5.588090659237876512e-04,-2.650356427513702595e-01,-3.636750206796679485e-01
nan,nan,-3.749005838965229209e-01,-3.454281600330788571e-01,-3.075587555042738064e-01,nan,7.253529218222251607e-02,-1.983121244612943701e-01,nan,-5.827038503486955956e-02,1.265477610619133997e-02,-9.456811142380366908e-03,-1.212815544313842753e-01,-1.092086512757688976e-01,-7.277415540935197602e-02,nan,-3.181905816733701098e-01,nan,-1.550010636007663201e-01,-2.935260155148081695e-01,nan
-2.027015781626672064e-01,-3.329553688215790563e-01,-2.985126862681848348e-01,-2.737235590496769344e-01,-8.928578777048445936e-03,-1.359839909685094383e-01,-2.177086902120759504e-01,-1.157375748883913147e-01,-1.105094333569741072e-01,-1.484913488559215233e-01,-1.065269355333403611e-01,-1.768055879462451241e-01,-2.798406196575782268e-01,-2.166246191025327228e-01,-2.856379668546712436e-01,-2.133670872279627151e-01,nan,-2.083328310580869203e-01,-2.302224047598996348e-01,-3.378737885803330121e-01,-3.560749788116919223e-01
2.370061200997135575e-01,nan,nan,7.851241028519131970e-02,3.534377715976012857e-02,5.176077081987815603e-02,-5.034276937768686344e-02,1.458970824847617698e-02,-2.256641007583970460e-02,1.028309866409759243e-01,-1.130888671603089146e-03,1.587201124168292898e-01,-1.730254446086212927e-02,3.936448128875368047e-02,-2.723998057644227977e-02,-1.066984656868037451e-01,-4.836588859851545519e-02,-8.473925208925192631e-02,-9.326227467298220386e-03,-1.456663324452561192e-01,-3.944365008795259753e-01
6.329826928138809761e-02,nan,nan,-3.821752742101011679e-02,nan,-2.681561500708271040e-02,nan,3.551451378823278909e-02,nan,-1.572850952343049502e-02,8.222827816183556071e-02,nan,nan,-1.034916787151913820e-01,6.709476101771361112e-02,nan,-7.243434195156953082e-02,-1.397165045572326680e-01,2.223630299546620614e-01,nan,nan
9.525248588436083241e-02,4.486883966762956338e-02,9.258060795495245965e-02,7.314970604437594226e-02,nan,9.653132500928940374e-02,-1.332861365350809790e-02,1.959457945148271041e-01,1.012145798752816517e-01,9.355089274968725332e-02,1.254947659187218012e-02,5.976910241994850409e-02,1.172267328728127112e-02,4.710337006298810636e-02,8.703564601220731278e-02,-1.807493657567661449e-01,2.905680298693562591e-01,1.518132366418102341e-01,-1.456175046001928486e-02,2.841760992321405027e-02,-2.972007997727826867e-01
nan,3.248486806822307171e-01,2.154988747958300199e-01,-1.040118292379421661e-02,1.174497724692406819e-02,1.829125761706946324e-02,9.239958464491365708e-02,9.339161183202127070e-02,8.525814449737617595e-02,4.047418592401622744e-02,4.887482066156761257e-02,-1.484520854572915494e-03,1.239200814034758236e-01,6.569499026299391309e-02,2.993668665035564835e-02,1.900033145159484016e-01,1.805782862408853717e-01,-1.724881226016175551e-03,7.951265568160320596e-02,nan,-3.235542045913551989e-01
-4.535931521384342635e-02,nan,1.492026282838947449e-01,1.651470203621274446e-01,nan,-1.450387788883299445e-01,-2.740815302588861524e-02,7.613682233725024839e-02,2.396606483012350131e-01,2.246519741347027810e-03,1.518422069193656188e-01,-1.531003414865728107e-02,nan,-6.424304888409448910e-03,-1.063178224829964269e-01,nan,1.546724641554750035e-01,nan,4.442610721850041161e-02,1.620607510798745265e-02,-3.403253198408635605e-01
3.348336632412957092e-01,1.744554345398549033e-01,1.385002075021533052e-01,-1.881720109575776845e-01,nan,-3.401953525736856054e-03,1.069677990825571856e-01,4.191070658142184019e-02,6.634366812483302733e-02,2.115687964413514449e-02,2.650132340531444891e-02,9.551371733336669334e-02,3.055252852772802688e-02,1.348064376901663974e-01,5.839335143351706559e-03,4.473734190290531432e-01,2.929347385924664371e-01,1.966574739210648348e-01,4.660837146990701174e-02,2.602884660893899776e-02,-3.258800053929978846e-01
-3.726278515413933290e-01,-3.427014022634304879e-01,nan,-4.052772884538430320e-01,-2.862803166372114294e-01,-2.967300325057182775e-01,-3.327034774072243906e-01,-3.338461922838517060e-01,-3.106713301436790919e-01,-3.625068601415525338e-01,-3.625505391035251934e-01,-3.404989578393795568e-01,-3.548799122096629732e-01,-4.259647560277431966e-01,-3.313792976880657326e-01,-3.402837653189432210e-01,-2.983830502564620568e-01,-3.094709828489635717e-01,-3.487974776720067505e-01,-2.377003617877110342e-01,-3.497188707622869153e-01
nan,-1.842431946100058227e-01,-9.739405220524099960e-02,nan,-4.259987738334966578e-02,-1.428041938413258660e-01,nan,nan,-1.081223742393758180e-01,nan,nan,-2.063451582702357512e-01,-1.504240375182742118e-01,-1.182928550524396383e-01,-1.202500548991801699e-01,nan,nan,-4.449399132450814198e-01,-5.456666262780207610e-02,nan,nan
9.866422187267451238e-02,nan,-5.656171662349607221e-03,3.361123010132032185e-01,6.650227766544544727e-02,-9.610873595970431671e-03,nan,2.358982785001486615e-01,nan,1.138911569833584436e-01,nan,-1.144569527472100168e-02,1.413658211139015020e-01,nan,7.678876113637669865e-02,1.494927950950395712e-01,1.923544035892013893e-01,1.766082531013456192e-01,1.508668928570004730e-01,1.330000044144348526e-01,-4.655166165555313373e-01
-5.126887188575668386e-02,-3.138743802909427227e-01,-3.317101502886408149e-01,-3.334500348982234463e-01,nan,-1.233233843957248776e-01,1.640919835912993396e-01,-1.353623333942131080e-01,-2.804136180333555162e-01,-2.096648867650495740e-01,-1.359496909795597785e-01,-2.695378800255249230e-02,7.013127290605686293e-02,-3.381945040824310689e-02,2.324981480445073578e-02,nan,6.660350265096262046e-01,-6.409619531238128221e-02,-3.197195041475756616e-01,6.081103378948211902e-02,-3.490803716809895985e-01
1.673496480138191023e-02,9.909223219063442722e-03,-9.127024755014867541e-02,6.550544996706655909e-02,nan,-5.874448611560306732e-03,-7.239094228433615164e-02,1.131104953949899072e-01,3.736136984619628509e-02,8.391950359692287864e-02,1.570163734849737147e-01,-4.244563745777540920e-02,-6.874849687548265087e-02,-4.851604443422022350e-02,3.246649210689261933e-02,1.295361057540177219e-02,8.431791400859781072e-02,nan,3.085961247203256042e-02,1.453908867740390243e-01,nan
nan,nan,4.227949433609425878e-01,-3.279068981144286909e-03,nan,nan,9.392682570569382827e-02,1.768381128759510257e-01,nan,8.616920910397668498e-02,8.739221753065148923e-02,3.659752554179815376e-03,1.001899779341319241e-01,1.024935126255269446e-01,5.851499403757894069e-02,nan,nan,nan,6.542119461458889562e-02,nan,nan
-1.710973953030922590e-01,-2.894835815902291332e-01,-3.268722672807499174e-01,-3.394106834579719845e-01,-2.770345452833419264e-01,-7.674344441202995970e-02,-7.750839587142510645e-03,-1.455956586389061669e-01,-1.626374675455459773e-01,-1.479546386845487782e-01,-1.360436469280970617e-02,-6.795095065104861387e-02,4.983543406174116563e-02,nan,-6.866093108175880255e-02,-1.091827623234098432e-01,-2.352235066468101321e-01,-1.238777091045825673e-01,-1.917520145048421942e-01,-3.148257455429865903e-01,-3.111433398242856585e-01
9.335732403416927006e-02,3.713411541933941962e-02,4.444914091562527508e-02,-1.088546237859016608e-01,nan,-9.194935480079574619e-02,-1.367121144839579250e-01,nan,nan,3.821063825024005600e-02,7.136485017111252049e-02,1.257889606376033087e-01,4.041144796124755967e-01,-4.641214577434860100e-02,4.941735134500482157e-02,nan,nan,nan,6.613193822226222374e-02,1.272832565854278841e-02,nan
nan,-1.767610149041487499e-01,-1.274925081828362505e-01,-1.617314874863188812e-01,nan,-6.753099396297351786e-02,-1.373440206568710686e-01,-7.919195256021321905e-02,nan,-1.229867509540693016e-01,-4.952652079702038468e-02,-5.322849038050686543e-02,-8.192357814143153005e-02,-1.962675506193548025e-02,-1.344239379726887562e-01,nan,-8.801553674863576981e-02,-1.663418189968555727e-01,-1.364559888059208581e-01,-2.125258906053808516e-01,-3.180475235936605083e-01
nan,nan,-2.017498436728896727e-01,nan,-3.420293922594721536e-01,nan,5.199657032798504774e-02,nan,-1.946258377516849603e-01,-1.771115465924695265e-01,1.480354374678796991e-01,-5.668747971643192662e-02,nan,nan,-1.252231554828525106e-01,1.879127850561793794e-02,-1.978042626104237756e-01,1.299211507622415329e-01,-1.516395606824021414e-01,-2.045187764168961420e-01,nan
