,open,closed,diff_sasa
87,10.419711113,155.065505981,-144.645794868
88,4.02634620667,23.8104782104,-19.78413200373
89,45.1618614197,41.3329467773,3.828914642400001
90,53.0482444763,25.0437107086,28.0045337677
91,61.4471321106,4.97436237335,56.472769737250005
92,24.6582717896,42.1548805237,-17.4966087341
93,150.502243042,57.3238639832,93.1783790588
94,33.0752296448,67.1715393066,-34.0963096618
95,39.1905555725,10.4508457184,28.739709854100003
96,16.7121677399,133.817947388,-117.1057796481
97,109.628395081,35.4408149719,74.1875801091
98,61.2735176086,38.2944946289,22.979022979700005
99,13.6303815842,34.7587203979,-21.128338813699997
100,2.47340106964,176.040237427,-173.56683635736
101,48.5836639404,89.2183914185,-40.634727478100004
102,5.32489061356,17.7178688049,-12.39297819134
103,129.415817261,6.90479278564,122.51102447536
104,105.818191528,43.2415771484,62.5766143796
105,49.3088340759,12.279838562,37.0289955139
106,21.4644069672,126.729019165,-105.2646121978
107,98.0493927002,83.8731155396,14.176277160600009
108,0.0,51.8050498962,-51.8050498962
109,48.713092804,27.3062229156,21.4068698884
110,1.74500954151,119.59147644,-117.84646689849
111,106.633796692,0.0,106.633796692
112,105.193229675,53.7030601501,51.4901695249
113,70.6745529175,26.9892635345,43.685289383
114,120.76398468,78.420501709,42.343482970999986
115,95.8212203979,55.450138092,40.3710823059
116,42.8251724243,94.212600708,-51.3874282837
117,68.7363357544,116.973129272,-48.23679351759999
118,47.2533531189,53.6900939941,-6.436740875200002
119,31.3094978333,45.8255996704,-14.516101837100003
120,86.5382156372,76.3535690308,10.184646606399994
121,2.09569478035,13.4412870407,-11.345592260350001
122,73.1219100952,46.128692627,26.993217468199994
123,2.84442591667,49.9903526306,-47.14592671393
124,98.5108795166,0.0,98.5108795166
125,89.6172866821,62.3314285278,27.2858581543
126,73.5252914429,1.30682432652,72.21846711638
127,46.2419929504,80.6773681641,-34.435375213700006
128,93.8083572388,86.3824386597,7.425918579099999
129,87.7624282837,74.2562866211,13.506141662600001
130,2.38025331497,40.6029472351,-38.22269392013
131,96.5585174561,104.566345215,-8.007827758899992
132,0.0,90.783203125,-90.783203125
133,0.105151213706,3.17244458199,-3.067293368284
134,20.5651779175,55.3385047913,-34.773326873799995
135,43.1538276672,0.0,43.1538276672
136,10.6423082352,0.612215816975,10.030092418225
137,17.5133323669,24.4192676544,-6.9059352875
138,5.005215168,57.9568367004,-52.9516215324
139,68.1172866821,7.86773967743,60.24954700467
140,22.5073242188,15.0407056808,7.4666185380000005
141,111.335090637,2.94325685501,108.39183378198999
142,27.873922348,58.2728004456,-30.398878097599997
143,44.3971366882,45.092830658,-0.6956939697999971
144,98.3082885742,157.02746582,-58.7191772458
145,18.6438789368,21.3841285706,-2.7402496338000013
146,51.6406173706,37.7117805481,13.928836822499996
147,74.2601242065,97.5800323486,-23.319908142100005
148,23.0484638214,28.0690555573,-5.020591735900002
149,28.8561592102,55.0811958313,-26.2250366211
150,42.1543655396,102.725128174,-60.570762634400005
151,10.8864250183,21.9379501343,-11.051525115999999
152,179.366607666,26.4900379181,152.8765697479
153,34.5894432068,45.8259620667,-11.236518859900002
154,63.9959640503,9.80573654175,54.19022750855
155,103.61289978,167.736068726,-64.123168946
156,161.165161133,28.0000476837,133.1651134493
157,63.8805809021,58.0855560303,5.795024871800003
158,0.0,30.2946891785,-30.2946891785
159,34.2354278564,44.4534034729,-10.217975616499999
160,152.292816162,28.7041397095,123.58867645250001
161,31.1874389648,0.133725717664,31.053713247136
162,1.87302041054,43.0901527405,-41.21713232996
163,66.5210800171,29.3706073761,37.15047264100001
164,76.7317962646,30.3434143066,46.38838195800001
165,96.8827590942,1.26722621918,95.61553287502
166,163.142745972,68.1367416382,95.0060043338
167,20.8548030853,42.1333465576,-21.2785434723
168,61.4168014526,98.5683898926,-37.15158844
169,108.068313599,159.662994385,-51.594680785999984
170,0.0,15.4621505737,-15.4621505737
171,0.0,63.3477783203,-63.3477783203
172,5.33405065536,107.898506165,-102.56445550964
173,0.0,0.0,0.0
174,0.485847771168,0.0,0.485847771168
175,4.90985918045,7.74357175827,-2.83371257782
176,77.6303787231,0.0,77.6303787231
177,22.2596378326,1.77586865425,20.48376917835
178,116.412857056,7.11248826981,109.30036878618999
179,113.579521179,74.9628219604,38.61669921859999
180,35.7628479004,16.3224411011,19.440406799299996
181,205.949127197,94.1536941528,111.7954330442
182,58.0685768127,117.480117798,-59.41154098529999
183,6.94288682938,30.5530567169,-23.610169887519998
184,56.0754394531,165.471908569,-109.39646911589999
185,7.78762149811,60.2238388062,-52.43621730809
186,0.0,6.74115610123,-6.74115610123
187,0.0,52.8436203003,-52.8436203003
188,0.0900560170412,8.13125991821,-8.041203901168801
189,3.47441315651,0.201606571674,3.2728065848359997
190,12.0039176941,0.0,12.0039176941
191,97.1563339233,0.138168364763,97.01816555853699
192,66.3278961182,1.22628307343,65.10161304477
193,153.200576782,17.7995567322,135.40102004980002
194,86.2157058716,102.531074524,-16.31536865240001
195,175.751800537,47.333984375,128.417816162
196,15.4588975906,144.476959229,-129.01806163839998
197,89.4484558105,85.1572113037,4.291244506799998
198,41.4516716003,125.612045288,-84.1603736877
199,24.2364330292,17.6466999054,6.589733123800002
200,72.0401763916,67.0480117798,4.992164611799993
201,37.0048675537,16.4051647186,20.599702835100004
202,42.2120780945,28.2884864807,13.9235916138
203,64.5832366943,28.7944946289,35.7887420654
204,0.572441637516,10.0850811005,-9.512639462984
205,103.67767334,7.01163911819,96.66603422181
206,63.0690116882,66.2646484375,-3.1956367493
207,63.1880607605,2.56223654747,60.62582421303
208,161.184692383,109.333457947,51.851234436
209,114.17364502,124.180686951,-10.007041931000003
210,33.6779136658,52.2810935974,-18.603179931600003
211,7.09680175781,152.039215088,-144.94241333019
212,34.1174468994,108.029251099,-73.9118041996
213,39.9981117249,24.2456798553,15.752431869599999
214,44.2326431274,10.3629436493,33.8696994781
215,58.8706474304,22.2554683685,36.615179061899994
216,80.3761749268,40.6004219055,39.775753021300005
217,109.269020081,17.5583324432,91.71068763779999
218,23.4271812439,8.01984882355,15.407332420350002
219,100.324111938,83.1658096313,17.15830230670001
220,21.0478019714,118.896713257,-97.8489112856
221,125.209129333,24.1647338867,101.0443954463
222,21.4367103577,93.50025177,-72.0635414123
223,8.66557979584,23.3604793549,-14.694899559060001
224,76.5049133301,128.573135376,-52.068222045900015
225,91.2347335815,24.1631793976,67.07155418389999
226,0.410148769617,11.1032867432,-10.693137973583
227,8.98392009735,68.3447952271,-59.36087512974999
228,53.4364738464,82.8224487305,-29.3859748841
229,65.8627929688,1.941218853,63.92157411579999
230,2.5347430706,8.70149803162,-6.1667549610200005
231,37.2332458496,49.2661056519,-12.032859802299996
232,153.018280029,54.1572685242,98.86101150480002
233,92.3317565918,0.759612321854,91.57214426994601
234,28.3985385895,41.8412628174,-13.442724227900001
235,81.4658889771,125.486801147,-44.0209121699
236,77.8488464355,89.7040405273,-11.855194091800001
237,17.9614524841,30.4701595306,-12.5087070465
238,35.1661529541,52.7349357605,-17.5687828064
239,53.3903961182,14.4440450668,38.9463510514
240,100.327774048,9.81399822235,90.51377582565
241,0.849409818649,37.1584701538,-36.309060335151
242,54.1310958862,62.7300338745,-8.598937988300001
243,45.2434158325,95.9393386841,-50.695922851599995
244,34.4726219177,2.43351101875,32.03911089895
245,2.25049471855,52.7533950806,-50.50290036205
246,69.2279891968,47.8418540955,21.3861351013
247,82.4117965698,36.5192260742,45.892570495600005
248,97.7202224731,5.87566614151,91.84455633159
249,114.310897827,72.4628143311,41.8480834959
250,43.5164222717,75.0494003296,-31.532978057900003
251,161.347564697,89.3589248657,71.98863983129999
252,29.6909103394,113.195907593,-83.50499725360001
253,77.295425415,38.113067627,39.182357788
254,47.9066925049,67.0459976196,-19.1393051147
255,25.6564121246,0.847256779671,24.809155344929
256,7.49707746506,76.3443603516,-68.84728288654
257,87.0914154053,10.1253023148,76.9661130905
258,20.3598022461,0.724801063538,19.635001182562
259,96.6524963379,13.3601961136,83.2923002243
260,61.3590164185,63.9107666016,-2.5517501831000047
261,50.0807952881,136.598251343,-86.51745605489998
262,25.1739253998,23.6762256622,1.4976997376000014
263,82.7735900879,27.1124038696,55.6611862183
264,67.3928451538,110.507720947,-43.1148757932
265,164.335281372,16.5406532288,147.7946281432
266,23.7595119476,65.5738601685,-41.8143482209
267,27.9427719116,61.7684555054,-33.825683593799994
268,151.246780396,141.872192383,9.374588012999993
269,71.0565490723,11.7623767853,59.294172287
270,65.3731689453,22.6347408295,42.73842811579999
271,74.7700424194,88.210395813,-13.440353393600006
272,78.7053146362,70.4197692871,8.285545349100005
273,92.0540924072,86.8781204224,5.1759719848
274,26.1250400543,69.3793640137,-43.2543239594
275,136.860702515,83.7945327759,53.06616973910002
276,46.983127594,86.2570419312,-39.273914337200004
277,103.793037415,23.6183357239,80.1747016911
278,121.732337952,129.940231323,-8.207893371000011
279,14.8690805435,56.462562561,-41.593482017499994
280,55.6837615967,89.044883728,-33.3611221313
281,53.6497383118,48.1416511536,5.508087158199999
282,50.1591033936,18.2876586914,31.871444702199998
283,10.438284874,51.2423362732,-40.804051399200006
284,0.0,41.5804214478,-41.5804214478
285,26.8838863373,56.0954208374,-29.211534500099997
286,46.4553260803,29.6377754211,16.8175506592
287,95.7380981445,0.0,95.7380981445
288,75.0662994385,18.8039855957,56.2623138428
289,106.876914978,19.2314338684,87.6454811096
290,43.3593101501,69.0960083008,-25.736698150699993
291,141.788894653,51.954044342,89.834850311
292,0.0,75.9887313843,-75.9887313843
293,15.2723283768,18.9156646729,-3.6433362960999993
294,0.0,106.566436768,-106.566436768
295,63.2582511902,0.0,63.2582511902
296,17.0608043671,10.4097070694,6.651097297700002
297,9.01131916046,0.272661477327,8.738657683132999
298,108.375404358,51.9275131226,56.4478912354
299,71.5922164917,22.7564544678,48.8357620239
300,83.7465438843,13.9906482697,69.75589561459999
301,53.4301643372,136.003234863,-82.57307052579999
302,67.4469985962,70.6764755249,-3.229476928699995
303,51.3809165955,56.5727539062,-5.191837310700002
304,32.4107170105,13.5115594864,18.8991575241
305,70.2293930054,4.96045017242,65.26894283298
306,29.3586826324,27.0379505157,2.3207321167000003
307,9.9171257019,26.6543121338,-16.7371864319
308,10.2197084427,128.827804565,-118.60809612230001
309,105.598472595,42.0418014526,63.556671142400006
310,19.2202148438,2.68762254715,16.53259229665
311,2.07863402367,45.8014411926,-43.722807168930004
312,74.9487075806,138.590484619,-63.641777038399994
313,11.7128629684,18.8747196198,-7.161856651400001
314,14.6834316254,0.133921995759,14.549509629641001
315,44.2863616943,67.5957260132,-23.309364318899995
316,120.882469177,60.0031394958,60.879329681200005
317,9.30431175232,15.4070224762,-6.10271072388
318,182.812545776,99.0260238647,83.78652191130001
319,42.5287513733,133.873458862,-91.34470748870001
320,126.077941895,16.4257965088,109.65214538619999
321,31.3569316864,122.370956421,-91.0140247346
322,3.91793370247,51.1233291626,-47.20539546013
323,10.1358413696,93.4896469116,-83.353805542
324,71.7130889893,8.0676651001,63.6454238892
325,7.59379673004,6.31449842453,1.2792983055100002
326,58.623134613,11.24796772,47.375166893
327,0.0,26.5120372772,-26.5120372772
328,7.32984828949,21.4259338379,-14.09608554841
329,7.27347373962,18.4292411804,-11.155767440779998
330,12.7423944473,0.0,12.7423944473
331,107.439682007,0.67921179533,106.76047021167
332,123.826065063,5.98419094086,117.84187412214
333,51.1422424316,22.3698101044,28.772432327200004
334,2.7406065464,109.233612061,-106.4930055146
335,22.2986812592,83.0582427979,-60.7595615387
336,2.33263683319,55.1605033875,-52.82786655431
337,0.0,3.2640349865,-3.2640349865
338,19.0012340546,34.4596824646,-15.458448409999999
339,27.1939373016,17.8071918488,9.3867454528
340,59.9334144592,0.0,59.9334144592
341,20.0025062561,33.3567657471,-13.354259491
342,59.4861793518,17.3750476837,42.1111316681
343,102.425354004,66.6124343872,35.8129196168
344,24.448184967,22.5403881073,1.9077968596999995
345,22.3754673004,74.9709854126,-52.5955181122
346,0.0534936152399,65.2075119019,-65.1540182866601
347,39.5391044617,24.1641330719,15.374971389799999
348,104.699256897,24.6980667114,80.0011901856
349,30.364944458,0.177357986569,30.187586471431
350,4.36789321899,40.3465538025,-35.97866058351
351,133.908905029,95.9189834595,37.98992156950001
352,27.9224815369,20.0626659393,7.859815597600001
353,111.444747925,4.35992860794,107.08481931706
354,58.7756271362,89.3906173706,-30.614990234399997
355,1.59636855125,63.5665016174,-61.97013306615
356,134.501739502,153.065872192,-18.564132690000008
357,167.992645264,73.0692977905,94.9233474735
358,9.5212059021,6.3060336113,3.2151722908
359,56.7545433044,114.235877991,-57.48133468659999
360,0.574225902557,154.48815918,-153.913933277443
361,45.5183334351,33.6202888489,11.898044586199994
362,63.2235107422,130.54776001,-67.32424926779998
363,3.64118623734,53.029045105,-49.38785886766
364,6.71171140671,73.7769317627,-67.06522035599001
365,79.441192627,60.6084403992,18.832752227800007
366,0.0,26.0386371613,-26.0386371613
367,1.64832806587,9.32620239258,-7.6778743267100005
368,8.53672790527,26.4617195129,-17.924991607629998
369,19.191488266,1.78010833263,17.41137993337
370,1.02370774746,2.56547856331,-1.54177081585
371,0.0,3.23515868187,-3.23515868187
372,14.7616281509,5.58808040619,9.17354774471
373,0.0,1.3833990097,-1.3833990097
374,0.0,0.0,0.0
375,3.18671917915,19.3557891846,-16.16907000545
376,25.9157867432,0.0,25.9157867432
377,2.18243432045,0.0,2.18243432045
378,40.3457984924,2.53941106796,37.80638742444
379,147.428634644,12.5077381134,134.9208965306
380,56.5215759277,1.4966853857,55.024890542
381,95.5628814697,43.8709068298,51.6919746399
382,26.9153785706,150.990951538,-124.07557296739999
383,4.04356336594,83.1264953613,-79.08293199536
384,2.14505457878,140.570083618,-138.42502903922002
385,29.8994293213,27.8704147339,2.0290145874000025
386,21.4897022247,41.5910568237,-20.101354599
387,4.26965808868,0.440606504679,3.829051584001
388,48.8680152893,49.5593147278,-0.6912994385000033
389,0.133365988731,22.850276947,-22.716910958269
390,42.673500061,2.06358242035,40.609917640649996
391,15.3777742386,61.9818649292,-46.6040906906
392,0.0396624356508,0.046496283263,-0.006833847612200003
393,50.912651062,36.759185791,14.153465271000002
394,0.0,11.3952741623,-11.3952741623
395,8.64715003967,0.0,8.64715003967
396,122.369529724,39.440952301,82.92857742300001
397,142.489868164,2.09692382812,140.39294433588
398,36.3075828552,10.2988615036,26.008721351600002
399,46.2961158752,124.854995728,-78.5588798528
400,0.296544641256,55.190196991,-54.893652349744
401,30.5395374298,42.6919059753,-12.152368545500003
402,0.409356415272,21.4380092621,-21.028652846828
403,9.13192844391,1.73091888428,7.40100955963
404,55.6929168701,27.2711849213,28.421731948799998
405,7.10908985138,0.842292785645,6.266797065735
406,33.8215255737,8.48231220245,25.33921337125
407,49.7334823608,56.7943572998,-7.060874939000001
408,15.7749528885,18.5385780334,-2.7636251449000007
409,83.7291107178,4.32756567001,79.40154504779
410,93.8383483887,24.5809288025,69.2574195862
411,77.3215942383,10.0935440063,67.22805023199999
412,112.59412384,136.33644104,-23.742317200000016
413,164.304122925,15.2703990936,149.0337238314
414,86.7280654907,19.2939357758,67.4341297149
415,122.964698792,101.972427368,20.992271423999995
416,63.087726593,65.0759658813,-1.9882392882999937
417,136.448425293,136.933395386,-0.48497009299998695
418,34.1253166199,106.900657654,-72.7753410341
419,203.132888794,12.6660547256,190.4668340684
420,153.334686279,75.9628601074,77.3718261716
421,41.669178009,37.4926681519,4.176509857100001
422,5.32818508148,56.5109825134,-51.18279743192
423,53.768283844,109.744430542,-55.976146698
424,117.395645142,28.7883853912,88.60725975080001
425,42.3249969482,110.382980347,-68.05798339879999
426,18.5104694366,32.8683013916,-14.357831954999998
427,17.5263366699,9.57998752594,7.946349143960001
428,35.0510292053,18.9154376984,16.135591506899996
429,19.6243476868,19.558631897,0.0657157897999987
430,0.96914088726,16.4409008026,-15.471759915340002
431,20.5772953033,41.3219184875,-20.744623184199998
432,18.9444484711,19.7845420837,-0.8400936126000005
433,3.1132516861,0.895799279213,2.217452406887
434,11.5586271286,17.0392436981,-5.480616569500002
435,90.4058609009,12.9559011459,77.449959755
436,147.046234131,0.675101161003,146.371132969997
437,11.2816123962,9.11814308167,2.1634693145299995
438,102.457962036,72.5802536011,29.8777084349
439,21.2834911346,147.764099121,-126.48060798639999
440,52.3725738525,32.5334281921,19.8391456604
441,30.2650470734,120.249816895,-89.9847698216
442,36.3228797913,49.1817359924,-12.858856201100004
443,5.21359395981,56.7036628723,-51.49006891249
444,2.05943059921,36.3273429871,-34.26791238789
445,0.0900575369596,18.368309021,-18.278251484040403
446,2.7001619339,5.89527416229,-3.1951122283899998
447,10.2449092865,3.10472822189,7.140181064610001
448,0.983590662479,0.161530986428,0.8220596760509999
449,0.0,2.30105829239,-2.30105829239
450,0.0,10.4617481232,-10.4617481232
451,0.724072635174,1.49276638031,-0.768693745136
452,5.58463191986,0.0,5.58463191986
453,7.31083488464,0.0,7.31083488464
454,5.25115776062,0.919695496559,4.331462264061
455,3.47189712524,11.1110515594,-7.63915443416
456,12.8819255829,6.81951284409,6.062412738809999
457,52.8663368225,4.39981222153,48.466524600970004
458,38.4740371704,7.51592111588,30.95811605452
459,10.6501808167,30.8694286346,-20.219247817899998
460,144.865478516,13.9795837402,130.88589477579998
461,87.8034973145,120.48589325,-32.6823959355
462,1.77003347874,6.35352325439,-4.5834897756499995
463,6.58631849289,115.081016541,-108.49469804811
464,72.5376052856,88.4439315796,-15.90632629400001
465,92.9479904175,1.87461793423,91.07337248326999
466,38.31590271,9.15588665009,29.160016059910003
467,99.5627593994,111.217483521,-11.654724121600012
468,99.1225967407,78.6353302002,20.487266540500002
469,103.23840332,28.8416175842,74.3967857358
470,38.4215011597,61.6718139648,-23.250312805100002
471,4.16995382309,67.8990402222,-63.72908639911
472,41.7783355713,205.796020508,-164.0176849367
473,61.6426239014,61.1391525269,0.5034713745000019
474,60.2852287292,2.62613868713,57.65909004207
475,9.41294574738,44.4368934631,-35.02394771572
476,60.0576171875,80.7767181396,-20.719100952100007
477,181.717163086,50.6024551392,131.1147079468
478,48.2335929871,9.22486877441,39.008724212690005
479,86.6396102905,98.2492752075,-11.609664917000003
480,58.1600761414,152.827072144,-94.6669960026
481,17.1253147125,48.1059951782,-30.980680465699997
482,88.9030151367,90.9418029785,-2.038787841799987
483,50.9021034241,57.7098274231,-6.807723999000004
484,13.818104744,17.88539505,-4.067290306
485,109.742904663,87.7379379272,22.00496673580001
486,87.7380828857,41.5885696411,46.149513244599994
487,12.7728052139,12.8047018051,-0.03189659120000066
488,23.2904129028,98.75415802,-75.4637451172
489,87.9261779785,178.088394165,-90.16221618650002
490,24.7286376953,14.2931222916,10.435515403700002
491,3.07717013359,34.3728523254,-31.295682191809995
492,29.0583400726,112.944480896,-83.8861408234
493,85.1846466064,64.9411468506,20.243499755799988
494,0.907774984837,9.78773593903,-8.879960954193
495,0.34869736433,20.8028316498,-20.45413428547
496,47.1653556824,82.6233596802,-35.4580039978
497,50.0727310181,0.516042172909,49.556688845191
498,0.0,2.19330620766,-2.19330620766
499,4.02852535248,50.7511825562,-46.72265720372
500,105.3802948,35.5531616211,69.8271331789
501,155.351699829,0.0,155.351699829
502,79.4227523804,5.86083221436,73.56192016604
503,32.8469619751,85.9697036743,-53.122741699200006
504,122.903053284,157.820419312,-34.91736602800002
505,98.6127471924,90.3244247437,8.288322448699986
506,7.08158874512,18.3023357391,-11.220746993979997
507,16.0906143188,154.016052246,-137.9254379272
508,52.2708930969,109.276779175,-57.005886078100005
509,0.0,5.4354467392,-5.4354467392
510,133.072723389,14.199054718,118.873668671
511,106.693649292,53.5281982422,53.165451049800005
512,0.0,0.0,0.0
513,40.2137641907,134.990768433,-94.7770042423
514,44.5826263428,103.578865051,-58.996238708199996
515,39.328742981,0.0,39.328742981
516,4.93606233597,37.9977645874,-33.06170225143
517,111.25743103,45.0961723328,66.1612586972
518,71.9810943604,56.2103919983,15.770702362099996
519,0.187621608377,4.81552791595,-4.627906307572999
520,59.9297370911,40.2556037903,19.6741333008
521,110.145355225,43.4616546631,66.6837005619
522,89.5248260498,50.130569458,39.3942565918
523,44.2741546631,97.8430099487,-53.5688552856
524,50.9064483643,134.775100708,-83.8686523437
525,78.5282287598,43.420665741,35.1075630188
526,151.798492432,95.166015625,56.63247680699999
527,44.2422561646,46.6320457458,-2.3897895811999987
528,146.062332153,69.4271697998,76.6351623532
529,78.0065765381,164.137619019,-86.13104248089999
530,36.7257499695,400.903289795,-364.1775398255
531,150.837097168,80.1561737061,70.68092346190001
532,78.0257263184,120.916122437,-42.890396118599995
533,5.8917593956,5.99827241898,-0.1065130233799998
